
==========================================================================
finish report_tns
--------------------------------------------------------------------------
tns max -22.15

==========================================================================
finish report_wns
--------------------------------------------------------------------------
wns max -0.43

==========================================================================
finish report_worst_slack
--------------------------------------------------------------------------
worst slack max -0.43

==========================================================================
finish report_clock_min_period
--------------------------------------------------------------------------
aux0_clk period_min = 0.88 fmax = 1135.72
aux0_clk_div2 period_min = 0.48 fmax = 2094.21
aux1_clk period_min = 0.90 fmax = 1107.35
aux1_clk_div2 period_min = 0.51 fmax = 1960.73
rx_clk period_min = 2.44 fmax = 409.49
rx_clk_div2 period_min = 0.58 fmax = 1721.88
tx_clk period_min = 2.47 fmax = 405.05
tx_clk_div2 period_min = 0.47 fmax = 2134.20
wb_clk period_min = 2.81 fmax = 355.78
wb_clk_div2 period_min = 0.55 fmax = 1830.52

==========================================================================
finish report_clock_skew
--------------------------------------------------------------------------
Clock aux0_clk
   0.39 source latency u_aux0.state[432]$_DFF_PP0_/CK ^
  -0.36 target latency u_aux0.state[464]$_DFF_PP0_/CK ^
   0.10 clock uncertainty
   0.00 CRPR
--------------
   0.13 setup skew

Clock aux0_clk_div2
   0.62 source latency aux0_generated_activity[9]$_DFF_PP0_/CK ^
  -0.62 target latency aux0_generated_activity[14]$_DFF_PP0_/CK ^
   0.10 clock uncertainty
   0.00 CRPR
--------------
   0.10 setup skew

Clock aux1_clk
   0.37 source latency u_aux1.state[940]$_DFF_PP0_/CK ^
  -0.34 target latency u_aux1.state[972]$_DFF_PP0_/CK ^
   0.10 clock uncertainty
   0.00 CRPR
--------------
   0.13 setup skew

Clock aux1_clk_div2
   0.58 source latency aux1_generated_activity[7]$_DFF_PP0_/CK ^
  -0.58 target latency aux1_generated_activity[9]$_DFF_PP0_/CK ^
   0.10 clock uncertainty
   0.00 CRPR
--------------
   0.10 setup skew

Clock rx_clk
   0.22 source latency u_ethmac.wishbone.LastByteIn$_DFFE_PP0P_/CK ^
  -0.21 target latency u_ethmac.wishbone.RxDataLatched1[11]$_DFFE_PP0P_/CK ^
   0.10 clock uncertainty
   0.00 CRPR
--------------
   0.11 setup skew

Clock rx_clk_div2
   0.44 source latency rx_generated_activity[1]$_DFF_PP0_/CK ^
  -0.44 target latency rx_generated_activity[7]$_DFF_PP0_/CK ^
   0.10 clock uncertainty
   0.00 CRPR
--------------
   0.10 setup skew

Clock tx_clk
   0.21 source latency u_ethmac.maccontrol1.transmitcontrol1.ByteCnt[3]$_DFFE_PP0P_/CK ^
  -0.20 target latency u_ethmac.maccontrol1.transmitcontrol1.ControlData[6]$_DFFE_PP0N_/CK ^
   0.10 clock uncertainty
   0.00 CRPR
--------------
   0.12 setup skew

Clock tx_clk_div2
   0.43 source latency tx_generated_activity[0]$_DFF_PP0_/CK ^
  -0.43 target latency tx_generated_activity[13]$_DFF_PP0_/CK ^
   0.10 clock uncertainty
   0.00 CRPR
--------------
   0.10 setup skew

Clock wb_clk
   0.43 source latency u_ethmac.wishbone.ram_addr[7]$_DFFE_PP0P_/CK ^
  -0.37 target latency u_ethmac.wishbone.bd_ram.mem3[121][2]$_DFFE_PP_/CK ^
   0.10 clock uncertainty
   0.00 CRPR
--------------
   0.16 setup skew

Clock wb_clk_div2
   0.61 source latency wb_generated_activity[9]$_DFF_PP0_/CK ^
  -0.61 target latency wb_generated_activity[13]$_DFF_PP0_/CK ^
   0.10 clock uncertainty
   0.00 CRPR
--------------
   0.10 setup skew


==========================================================================
finish report_checks -path_delay min
--------------------------------------------------------------------------
Startpoint: u_aux0.state[2970]$_DFF_PP0_
            (rising edge-triggered flip-flop clocked by aux0_clk)
Endpoint: u_aux0.state[3002]$_DFF_PP0_
          (rising edge-triggered flip-flop clocked by aux0_clk)
Path Group: aux0_clk
Path Type: min

Fanout     Cap    Slew   Delay    Time   Description
-----------------------------------------------------------------------------
                          0.00    0.00   clock aux0_clk (rise edge)
                          0.00    0.00   clock source latency
     1   48.07    0.10    0.13    0.13 ^ aux0_clk_i (in)
                                         aux0_clk_i (net)
                  0.11    0.00    0.13 ^ clkbuf_0_aux0_clk_i/A (CLKBUF_X3)
     8   45.96    0.04    0.09    0.22 ^ clkbuf_0_aux0_clk_i/Z (CLKBUF_X3)
                                         clknet_0_aux0_clk_i (net)
                  0.04    0.00    0.22 ^ clkbuf_3_6_0_aux0_clk_i/A (CLKBUF_X3)
     4   15.96    0.02    0.05    0.27 ^ clkbuf_3_6_0_aux0_clk_i/Z (CLKBUF_X3)
                                         clknet_3_6_0_aux0_clk_i (net)
                  0.02    0.00    0.27 ^ clkbuf_5_25__f_aux0_clk_i/A (CLKBUF_X3)
    17   37.77    0.03    0.06    0.33 ^ clkbuf_5_25__f_aux0_clk_i/Z (CLKBUF_X3)
                                         clknet_5_25__leaf_aux0_clk_i (net)
                  0.03    0.00    0.33 ^ clkbuf_leaf_261_aux0_clk_i/A (CLKBUF_X3)
    10   12.60    0.01    0.05    0.38 ^ clkbuf_leaf_261_aux0_clk_i/Z (CLKBUF_X3)
                                         clknet_leaf_261_aux0_clk_i (net)
                  0.01    0.00    0.38 ^ u_aux0.state[2970]$_DFF_PP0_/CK (DFFR_X1)
     1    0.96    0.01    0.09    0.47 v u_aux0.state[2970]$_DFF_PP0_/Q (DFFR_X1)
                                         u_aux0.state[2970] (net)
                  0.01    0.00    0.47 v hold2879/A (CLKBUF_X1)
     1    1.18    0.01    0.03    0.50 v hold2879/Z (CLKBUF_X1)
                                         net2876 (net)
                  0.01    0.00    0.50 v u_aux0.state[3002]$_DFF_PP0_/D (DFFR_X1)
                                  0.50   data arrival time

                          0.00    0.00   clock aux0_clk (rise edge)
                          0.00    0.00   clock source latency
     1   48.07    0.10    0.13    0.13 ^ aux0_clk_i (in)
                                         aux0_clk_i (net)
                  0.11    0.00    0.13 ^ clkbuf_0_aux0_clk_i/A (CLKBUF_X3)
     8   45.96    0.04    0.09    0.22 ^ clkbuf_0_aux0_clk_i/Z (CLKBUF_X3)
                                         clknet_0_aux0_clk_i (net)
                  0.04    0.00    0.22 ^ clkbuf_3_7_0_aux0_clk_i/A (CLKBUF_X3)
     4   15.67    0.02    0.05    0.27 ^ clkbuf_3_7_0_aux0_clk_i/Z (CLKBUF_X3)
                                         clknet_3_7_0_aux0_clk_i (net)
                  0.02    0.00    0.27 ^ clkbuf_5_28__f_aux0_clk_i/A (CLKBUF_X3)
    21   47.03    0.04    0.07    0.34 ^ clkbuf_5_28__f_aux0_clk_i/Z (CLKBUF_X3)
                                         clknet_5_28__leaf_aux0_clk_i (net)
                  0.04    0.00    0.34 ^ clkbuf_leaf_264_aux0_clk_i/A (CLKBUF_X3)
    10   12.60    0.01    0.05    0.39 ^ clkbuf_leaf_264_aux0_clk_i/Z (CLKBUF_X3)
                                         clknet_leaf_264_aux0_clk_i (net)
                  0.01    0.00    0.39 ^ u_aux0.state[3002]$_DFF_PP0_/CK (DFFR_X1)
                          0.10    0.49   clock uncertainty
                          0.00    0.49   clock reconvergence pessimism
                          0.01    0.50   library hold time
                                  0.50   data required time
-----------------------------------------------------------------------------
                                  0.50   data required time
                                 -0.50   data arrival time
-----------------------------------------------------------------------------
                                  0.00   slack (VIOLATED)


Startpoint: aux0_generated_activity[15]$_DFF_PP0_
            (rising edge-triggered flip-flop clocked by aux0_clk_div2)
Endpoint: aux0_generated_activity[15]$_DFF_PP0_
          (rising edge-triggered flip-flop clocked by aux0_clk_div2)
Path Group: aux0_clk_div2
Path Type: min

Fanout     Cap    Slew   Delay    Time   Description
-----------------------------------------------------------------------------
                          0.00    0.00   clock aux0_clk_div2 (rise edge)
                          0.00    0.00   clock source latency
     1   48.07    0.10    0.13    0.13 ^ aux0_clk_i (in)
                                         aux0_clk_i (net)
                  0.11    0.00    0.13 ^ clkbuf_0_aux0_clk_i/A (CLKBUF_X3)
     8   45.96    0.04    0.09    0.22 ^ clkbuf_0_aux0_clk_i/Z (CLKBUF_X3)
                                         clknet_0_aux0_clk_i (net)
                  0.04    0.00    0.22 ^ clkbuf_3_7_0_aux0_clk_i/A (CLKBUF_X3)
     4   15.67    0.02    0.05    0.27 ^ clkbuf_3_7_0_aux0_clk_i/Z (CLKBUF_X3)
                                         clknet_3_7_0_aux0_clk_i (net)
                  0.02    0.00    0.27 ^ clkbuf_5_29__f_aux0_clk_i/A (CLKBUF_X3)
    15   51.28    0.04    0.07    0.34 ^ clkbuf_5_29__f_aux0_clk_i/Z (CLKBUF_X3)
                                         clknet_5_29__leaf_aux0_clk_i (net)
                  0.04    0.00    0.35 ^ clkbuf_leaf_305_aux0_clk_i/A (CLKBUF_X3)
     4   30.17    0.03    0.06    0.41 ^ clkbuf_leaf_305_aux0_clk_i/Z (CLKBUF_X3)
                                         clknet_leaf_305_aux0_clk_i (net)
                  0.03    0.01    0.41 ^ u_aux0_div.clk_out$_DFF_PP0_/CK (DFFR_X1)
     2    3.51    0.01    0.11    0.53 ^ u_aux0_div.clk_out$_DFF_PP0_/Q (DFFR_X1)
                                         net162 (net)
                  0.01    0.00    0.53 ^ clkbuf_regs_3_aux0_clk_div2/A (CLKBUF_X3)
     1    1.84    0.01    0.03    0.56 ^ clkbuf_regs_3_aux0_clk_div2/Z (CLKBUF_X3)
                                         net162_regs (net)
                  0.01    0.00    0.56 ^ clkbuf_0_net162_regs/A (CLKBUF_X3)
     2    4.49    0.01    0.03    0.58 ^ clkbuf_0_net162_regs/Z (CLKBUF_X3)
                                         clknet_0_net162_regs (net)
                  0.01    0.00    0.58 ^ clkbuf_1_1__f_net162_regs/A (CLKBUF_X3)
     9   12.12    0.01    0.04    0.62 ^ clkbuf_1_1__f_net162_regs/Z (CLKBUF_X3)
                                         clknet_1_1__leaf_net162_regs (net)
                  0.01    0.00    0.62 ^ aux0_generated_activity[15]$_DFF_PP0_/CK (DFFR_X1)
     2    3.41    0.01    0.09    0.71 v aux0_generated_activity[15]$_DFF_PP0_/Q (DFFR_X1)
                                         net289 (net)
                  0.01    0.00    0.71 v _60177_/A (XNOR2_X1)
     1    1.34    0.01    0.02    0.74 ^ _60177_/ZN (XNOR2_X1)
                                         _00105_ (net)
                  0.01    0.00    0.74 ^ aux0_generated_activity[15]$_DFF_PP0_/D (DFFR_X1)
                                  0.74   data arrival time

                          0.00    0.00   clock aux0_clk_div2 (rise edge)
                          0.00    0.00   clock source latency
     1   48.07    0.10    0.13    0.13 ^ aux0_clk_i (in)
                                         aux0_clk_i (net)
                  0.11    0.00    0.13 ^ clkbuf_0_aux0_clk_i/A (CLKBUF_X3)
     8   45.96    0.04    0.09    0.22 ^ clkbuf_0_aux0_clk_i/Z (CLKBUF_X3)
                                         clknet_0_aux0_clk_i (net)
                  0.04    0.00    0.22 ^ clkbuf_3_7_0_aux0_clk_i/A (CLKBUF_X3)
     4   15.67    0.02    0.05    0.27 ^ clkbuf_3_7_0_aux0_clk_i/Z (CLKBUF_X3)
                                         clknet_3_7_0_aux0_clk_i (net)
                  0.02    0.00    0.27 ^ clkbuf_5_29__f_aux0_clk_i/A (CLKBUF_X3)
    15   51.28    0.04    0.07    0.34 ^ clkbuf_5_29__f_aux0_clk_i/Z (CLKBUF_X3)
                                         clknet_5_29__leaf_aux0_clk_i (net)
                  0.04    0.00    0.35 ^ clkbuf_leaf_305_aux0_clk_i/A (CLKBUF_X3)
     4   30.17    0.03    0.06    0.41 ^ clkbuf_leaf_305_aux0_clk_i/Z (CLKBUF_X3)
                                         clknet_leaf_305_aux0_clk_i (net)
                  0.03    0.01    0.41 ^ u_aux0_div.clk_out$_DFF_PP0_/CK (DFFR_X1)
     2    3.51    0.01    0.11    0.53 ^ u_aux0_div.clk_out$_DFF_PP0_/Q (DFFR_X1)
                                         net162 (net)
                  0.01    0.00    0.53 ^ clkbuf_regs_3_aux0_clk_div2/A (CLKBUF_X3)
     1    1.84    0.01    0.03    0.56 ^ clkbuf_regs_3_aux0_clk_div2/Z (CLKBUF_X3)
                                         net162_regs (net)
                  0.01    0.00    0.56 ^ clkbuf_0_net162_regs/A (CLKBUF_X3)
     2    4.49    0.01    0.03    0.58 ^ clkbuf_0_net162_regs/Z (CLKBUF_X3)
                                         clknet_0_net162_regs (net)
                  0.01    0.00    0.58 ^ clkbuf_1_1__f_net162_regs/A (CLKBUF_X3)
     9   12.12    0.01    0.04    0.62 ^ clkbuf_1_1__f_net162_regs/Z (CLKBUF_X3)
                                         clknet_1_1__leaf_net162_regs (net)
                  0.01    0.00    0.62 ^ aux0_generated_activity[15]$_DFF_PP0_/CK (DFFR_X1)
                          0.10    0.72   clock uncertainty
                          0.00    0.72   clock reconvergence pessimism
                          0.01    0.73   library hold time
                                  0.73   data required time
-----------------------------------------------------------------------------
                                  0.73   data required time
                                 -0.74   data arrival time
-----------------------------------------------------------------------------
                                  0.01   slack (MET)


Startpoint: u_aux1.state[266]$_DFF_PP0_
            (rising edge-triggered flip-flop clocked by aux1_clk)
Endpoint: u_aux1.state[298]$_DFF_PP0_
          (rising edge-triggered flip-flop clocked by aux1_clk)
Path Group: aux1_clk
Path Type: min

Fanout     Cap    Slew   Delay    Time   Description
-----------------------------------------------------------------------------
                          0.00    0.00   clock aux1_clk (rise edge)
                          0.00    0.00   clock source latency
     1   33.81    0.07    0.09    0.09 ^ aux1_clk_i (in)
                                         aux1_clk_i (net)
                  0.08    0.00    0.09 ^ clkbuf_0_aux1_clk_i/A (CLKBUF_X3)
     4   36.75    0.03    0.08    0.17 ^ clkbuf_0_aux1_clk_i/Z (CLKBUF_X3)
                                         clknet_0_aux1_clk_i (net)
                  0.03    0.00    0.17 ^ clkbuf_2_3_0_aux1_clk_i/A (CLKBUF_X3)
     8   33.37    0.03    0.06    0.23 ^ clkbuf_2_3_0_aux1_clk_i/Z (CLKBUF_X3)
                                         clknet_2_3_0_aux1_clk_i (net)
                  0.03    0.00    0.24 ^ clkbuf_5_31__f_aux1_clk_i/A (CLKBUF_X3)
    16   47.26    0.04    0.07    0.31 ^ clkbuf_5_31__f_aux1_clk_i/Z (CLKBUF_X3)
                                         clknet_5_31__leaf_aux1_clk_i (net)
                  0.04    0.00    0.31 ^ clkbuf_leaf_411_aux1_clk_i/A (CLKBUF_X3)
     8   10.33    0.01    0.05    0.36 ^ clkbuf_leaf_411_aux1_clk_i/Z (CLKBUF_X3)
                                         clknet_leaf_411_aux1_clk_i (net)
                  0.01    0.00    0.36 ^ u_aux1.state[266]$_DFF_PP0_/CK (DFFR_X1)
     1    3.27    0.01    0.09    0.45 v u_aux1.state[266]$_DFF_PP0_/Q (DFFR_X1)
                                         u_aux1.state[266] (net)
                  0.01    0.00    0.45 v u_aux1.state[298]$_DFF_PP0_/D (DFFR_X1)
                                  0.45   data arrival time

                          0.00    0.00   clock aux1_clk (rise edge)
                          0.00    0.00   clock source latency
     1   33.81    0.07    0.09    0.09 ^ aux1_clk_i (in)
                                         aux1_clk_i (net)
                  0.08    0.00    0.09 ^ clkbuf_0_aux1_clk_i/A (CLKBUF_X3)
     4   36.75    0.03    0.08    0.17 ^ clkbuf_0_aux1_clk_i/Z (CLKBUF_X3)
                                         clknet_0_aux1_clk_i (net)
                  0.03    0.00    0.17 ^ clkbuf_2_3_0_aux1_clk_i/A (CLKBUF_X3)
     8   33.37    0.03    0.06    0.23 ^ clkbuf_2_3_0_aux1_clk_i/Z (CLKBUF_X3)
                                         clknet_2_3_0_aux1_clk_i (net)
                  0.03    0.00    0.24 ^ clkbuf_5_30__f_aux1_clk_i/A (CLKBUF_X3)
    12   38.39    0.03    0.07    0.30 ^ clkbuf_5_30__f_aux1_clk_i/Z (CLKBUF_X3)
                                         clknet_5_30__leaf_aux1_clk_i (net)
                  0.03    0.00    0.30 ^ clkbuf_leaf_403_aux1_clk_i/A (CLKBUF_X3)
     8   10.54    0.01    0.04    0.35 ^ clkbuf_leaf_403_aux1_clk_i/Z (CLKBUF_X3)
                                         clknet_leaf_403_aux1_clk_i (net)
                  0.01    0.00    0.35 ^ u_aux1.state[298]$_DFF_PP0_/CK (DFFR_X1)
                          0.10    0.45   clock uncertainty
                          0.00    0.45   clock reconvergence pessimism
                          0.01    0.45   library hold time
                                  0.45   data required time
-----------------------------------------------------------------------------
                                  0.45   data required time
                                 -0.45   data arrival time
-----------------------------------------------------------------------------
                                  0.00   slack (VIOLATED)


Startpoint: aux1_generated_activity[14]$_DFF_PP0_
            (rising edge-triggered flip-flop clocked by aux1_clk_div2)
Endpoint: aux1_generated_activity[14]$_DFF_PP0_
          (rising edge-triggered flip-flop clocked by aux1_clk_div2)
Path Group: aux1_clk_div2
Path Type: min

Fanout     Cap    Slew   Delay    Time   Description
-----------------------------------------------------------------------------
                          0.00    0.00   clock aux1_clk_div2 (rise edge)
                          0.00    0.00   clock source latency
     1   33.81    0.07    0.09    0.09 ^ aux1_clk_i (in)
                                         aux1_clk_i (net)
                  0.08    0.00    0.09 ^ clkbuf_0_aux1_clk_i/A (CLKBUF_X3)
     4   36.75    0.03    0.08    0.17 ^ clkbuf_0_aux1_clk_i/Z (CLKBUF_X3)
                                         clknet_0_aux1_clk_i (net)
                  0.03    0.00    0.17 ^ clkbuf_2_3_0_aux1_clk_i/A (CLKBUF_X3)
     8   33.37    0.03    0.06    0.23 ^ clkbuf_2_3_0_aux1_clk_i/Z (CLKBUF_X3)
                                         clknet_2_3_0_aux1_clk_i (net)
                  0.03    0.00    0.24 ^ clkbuf_5_31__f_aux1_clk_i/A (CLKBUF_X3)
    16   47.26    0.04    0.07    0.31 ^ clkbuf_5_31__f_aux1_clk_i/Z (CLKBUF_X3)
                                         clknet_5_31__leaf_aux1_clk_i (net)
                  0.04    0.00    0.31 ^ clkbuf_leaf_423_aux1_clk_i/A (CLKBUF_X3)
     2   18.40    0.02    0.05    0.37 ^ clkbuf_leaf_423_aux1_clk_i/Z (CLKBUF_X3)
                                         clknet_leaf_423_aux1_clk_i (net)
                  0.02    0.00    0.37 ^ u_aux1_div.clk_out$_DFF_PP0_/CK (DFFR_X1)
     2    4.57    0.02    0.11    0.48 ^ u_aux1_div.clk_out$_DFF_PP0_/Q (DFFR_X1)
                                         net195 (net)
                  0.02    0.00    0.48 ^ clkbuf_regs_4_aux1_clk_div2/A (CLKBUF_X3)
     1    1.56    0.01    0.03    0.51 ^ clkbuf_regs_4_aux1_clk_div2/Z (CLKBUF_X3)
                                         net195_regs (net)
                  0.01    0.00    0.51 ^ clkbuf_0_net195_regs/A (CLKBUF_X3)
     2    3.85    0.01    0.03    0.54 ^ clkbuf_0_net195_regs/Z (CLKBUF_X3)
                                         clknet_0_net195_regs (net)
                  0.01    0.00    0.54 ^ clkbuf_1_1__f_net195_regs/A (CLKBUF_X3)
     9   12.04    0.01    0.04    0.58 ^ clkbuf_1_1__f_net195_regs/Z (CLKBUF_X3)
                                         clknet_1_1__leaf_net195_regs (net)
                  0.01    0.00    0.58 ^ aux1_generated_activity[14]$_DFF_PP0_/CK (DFFR_X1)
     3    5.16    0.01    0.10    0.67 v aux1_generated_activity[14]$_DFF_PP0_/Q (DFFR_X1)
                                         net305 (net)
                  0.01    0.00    0.67 v _61711_/A (XOR2_X1)
     1    1.22    0.02    0.02    0.70 ^ _61711_/Z (XOR2_X1)
                                         _00090_ (net)
                  0.02    0.00    0.70 ^ aux1_generated_activity[14]$_DFF_PP0_/D (DFFR_X1)
                                  0.70   data arrival time

                          0.00    0.00   clock aux1_clk_div2 (rise edge)
                          0.00    0.00   clock source latency
     1   33.81    0.07    0.09    0.09 ^ aux1_clk_i (in)
                                         aux1_clk_i (net)
                  0.08    0.00    0.09 ^ clkbuf_0_aux1_clk_i/A (CLKBUF_X3)
     4   36.75    0.03    0.08    0.17 ^ clkbuf_0_aux1_clk_i/Z (CLKBUF_X3)
                                         clknet_0_aux1_clk_i (net)
                  0.03    0.00    0.17 ^ clkbuf_2_3_0_aux1_clk_i/A (CLKBUF_X3)
     8   33.37    0.03    0.06    0.23 ^ clkbuf_2_3_0_aux1_clk_i/Z (CLKBUF_X3)
                                         clknet_2_3_0_aux1_clk_i (net)
                  0.03    0.00    0.24 ^ clkbuf_5_31__f_aux1_clk_i/A (CLKBUF_X3)
    16   47.26    0.04    0.07    0.31 ^ clkbuf_5_31__f_aux1_clk_i/Z (CLKBUF_X3)
                                         clknet_5_31__leaf_aux1_clk_i (net)
                  0.04    0.00    0.31 ^ clkbuf_leaf_423_aux1_clk_i/A (CLKBUF_X3)
     2   18.40    0.02    0.05    0.37 ^ clkbuf_leaf_423_aux1_clk_i/Z (CLKBUF_X3)
                                         clknet_leaf_423_aux1_clk_i (net)
                  0.02    0.00    0.37 ^ u_aux1_div.clk_out$_DFF_PP0_/CK (DFFR_X1)
     2    4.57    0.02    0.11    0.48 ^ u_aux1_div.clk_out$_DFF_PP0_/Q (DFFR_X1)
                                         net195 (net)
                  0.02    0.00    0.48 ^ clkbuf_regs_4_aux1_clk_div2/A (CLKBUF_X3)
     1    1.56    0.01    0.03    0.51 ^ clkbuf_regs_4_aux1_clk_div2/Z (CLKBUF_X3)
                                         net195_regs (net)
                  0.01    0.00    0.51 ^ clkbuf_0_net195_regs/A (CLKBUF_X3)
     2    3.85    0.01    0.03    0.54 ^ clkbuf_0_net195_regs/Z (CLKBUF_X3)
                                         clknet_0_net195_regs (net)
                  0.01    0.00    0.54 ^ clkbuf_1_1__f_net195_regs/A (CLKBUF_X3)
     9   12.04    0.01    0.04    0.58 ^ clkbuf_1_1__f_net195_regs/Z (CLKBUF_X3)
                                         clknet_1_1__leaf_net195_regs (net)
                  0.01    0.00    0.58 ^ aux1_generated_activity[14]$_DFF_PP0_/CK (DFFR_X1)
                          0.10    0.68   clock uncertainty
                          0.00    0.68   clock reconvergence pessimism
                          0.01    0.69   library hold time
                                  0.69   data required time
-----------------------------------------------------------------------------
                                  0.69   data required time
                                 -0.70   data arrival time
-----------------------------------------------------------------------------
                                  0.01   slack (MET)


Startpoint: u_ethmac.rxethmac1.RxData_d[3]$_DFFE_PP0P_
            (rising edge-triggered flip-flop clocked by rx_clk)
Endpoint: u_ethmac.rxethmac1.RxData[3]$_DFF_PP0_
          (rising edge-triggered flip-flop clocked by rx_clk)
Path Group: rx_clk
Path Type: min

Fanout     Cap    Slew   Delay    Time   Description
-----------------------------------------------------------------------------
                          0.00    0.00   clock rx_clk (rise edge)
                          0.00    0.00   clock source latency
     1   18.19    0.04    0.05    0.05 ^ mrx_clk_pad_i (in)
                                         mrx_clk_pad_i (net)
                  0.04    0.00    0.05 ^ clkbuf_0_mrx_clk_pad_i/A (CLKBUF_X3)
     4   18.94    0.02    0.06    0.10 ^ clkbuf_0_mrx_clk_pad_i/Z (CLKBUF_X3)
                                         clknet_0_mrx_clk_pad_i (net)
                  0.02    0.00    0.10 ^ clkbuf_2_3__f_mrx_clk_pad_i/A (CLKBUF_X3)
    14   34.51    0.03    0.06    0.16 ^ clkbuf_2_3__f_mrx_clk_pad_i/Z (CLKBUF_X3)
                                         clknet_2_3__leaf_mrx_clk_pad_i (net)
                  0.03    0.00    0.16 ^ clkbuf_leaf_23_mrx_clk_pad_i/A (CLKBUF_X3)
     8    9.70    0.01    0.04    0.21 ^ clkbuf_leaf_23_mrx_clk_pad_i/Z (CLKBUF_X3)
                                         clknet_leaf_23_mrx_clk_pad_i (net)
                  0.01    0.00    0.21 ^ u_ethmac.rxethmac1.RxData_d[3]$_DFFE_PP0P_/CK (DFFR_X1)
     2    3.03    0.01    0.09    0.30 v u_ethmac.rxethmac1.RxData_d[3]$_DFFE_PP0P_/Q (DFFR_X1)
                                         u_ethmac.rxethmac1.RxData_d[3] (net)
                  0.01    0.00    0.30 v hold3009/A (CLKBUF_X1)
     1    1.56    0.01    0.03    0.33 v hold3009/Z (CLKBUF_X1)
                                         net3006 (net)
                  0.01    0.00    0.33 v u_ethmac.rxethmac1.RxData[3]$_DFF_PP0_/D (DFFR_X1)
                                  0.33   data arrival time

                          0.00    0.00   clock rx_clk (rise edge)
                          0.00    0.00   clock source latency
     1   18.19    0.04    0.05    0.05 ^ mrx_clk_pad_i (in)
                                         mrx_clk_pad_i (net)
                  0.04    0.00    0.05 ^ clkbuf_0_mrx_clk_pad_i/A (CLKBUF_X3)
     4   18.94    0.02    0.06    0.10 ^ clkbuf_0_mrx_clk_pad_i/Z (CLKBUF_X3)
                                         clknet_0_mrx_clk_pad_i (net)
                  0.02    0.00    0.10 ^ clkbuf_2_0__f_mrx_clk_pad_i/A (CLKBUF_X3)
     9   44.69    0.04    0.07    0.17 ^ clkbuf_2_0__f_mrx_clk_pad_i/Z (CLKBUF_X3)
                                         clknet_2_0__leaf_mrx_clk_pad_i (net)
                  0.04    0.00    0.17 ^ clkbuf_leaf_20_mrx_clk_pad_i/A (CLKBUF_X3)
     8   10.74    0.01    0.05    0.22 ^ clkbuf_leaf_20_mrx_clk_pad_i/Z (CLKBUF_X3)
                                         clknet_leaf_20_mrx_clk_pad_i (net)
                  0.01    0.00    0.22 ^ u_ethmac.rxethmac1.RxData[3]$_DFF_PP0_/CK (DFFR_X1)
                          0.10    0.32   clock uncertainty
                          0.00    0.32   clock reconvergence pessimism
                          0.01    0.32   library hold time
                                  0.32   data required time
-----------------------------------------------------------------------------
                                  0.32   data required time
                                 -0.33   data arrival time
-----------------------------------------------------------------------------
                                  0.00   slack (MET)


Startpoint: rx_generated_activity[15]$_DFF_PP0_
            (rising edge-triggered flip-flop clocked by rx_clk_div2)
Endpoint: rx_generated_activity[15]$_DFF_PP0_
          (rising edge-triggered flip-flop clocked by rx_clk_div2)
Path Group: rx_clk_div2
Path Type: min

Fanout     Cap    Slew   Delay    Time   Description
-----------------------------------------------------------------------------
                          0.00    0.00   clock rx_clk_div2 (rise edge)
                          0.00    0.00   clock source latency
     1   18.19    0.04    0.05    0.05 ^ mrx_clk_pad_i (in)
                                         mrx_clk_pad_i (net)
                  0.04    0.00    0.05 ^ clkbuf_0_mrx_clk_pad_i/A (CLKBUF_X3)
     4   18.94    0.02    0.06    0.10 ^ clkbuf_0_mrx_clk_pad_i/Z (CLKBUF_X3)
                                         clknet_0_mrx_clk_pad_i (net)
                  0.02    0.00    0.10 ^ clkbuf_2_3__f_mrx_clk_pad_i/A (CLKBUF_X3)
    14   34.51    0.03    0.06    0.16 ^ clkbuf_2_3__f_mrx_clk_pad_i/Z (CLKBUF_X3)
                                         clknet_2_3__leaf_mrx_clk_pad_i (net)
                  0.03    0.00    0.16 ^ clkbuf_leaf_28_mrx_clk_pad_i/A (CLKBUF_X3)
     5   13.48    0.01    0.05    0.21 ^ clkbuf_leaf_28_mrx_clk_pad_i/Z (CLKBUF_X3)
                                         clknet_leaf_28_mrx_clk_pad_i (net)
                  0.01    0.00    0.21 ^ u_rx_div.clk_out$_DFF_PP0_/CK (DFFR_X1)
     2    9.83    0.03    0.12    0.33 ^ u_rx_div.clk_out$_DFF_PP0_/Q (DFFR_X1)
                                         net390 (net)
                  0.03    0.00    0.33 ^ clkbuf_regs_2_rx_clk_div2/A (CLKBUF_X3)
     1    1.72    0.01    0.03    0.37 ^ clkbuf_regs_2_rx_clk_div2/Z (CLKBUF_X3)
                                         net390_regs (net)
                  0.01    0.00    0.37 ^ clkbuf_0_net390_regs/A (CLKBUF_X3)
     2    7.04    0.01    0.03    0.40 ^ clkbuf_0_net390_regs/Z (CLKBUF_X3)
                                         clknet_0_net390_regs (net)
                  0.01    0.00    0.40 ^ clkbuf_1_1__f_net390_regs/A (CLKBUF_X3)
     9   15.27    0.01    0.04    0.44 ^ clkbuf_1_1__f_net390_regs/Z (CLKBUF_X3)
                                         clknet_1_1__leaf_net390_regs (net)
                  0.01    0.00    0.44 ^ rx_generated_activity[15]$_DFF_PP0_/CK (DFFR_X1)
     2    3.72    0.01    0.09    0.53 v rx_generated_activity[15]$_DFF_PP0_/Q (DFFR_X1)
                                         net271 (net)
                  0.01    0.00    0.53 v _61769_/A (XNOR2_X1)
     1    1.66    0.01    0.03    0.56 ^ _61769_/ZN (XNOR2_X1)
                                         _00119_ (net)
                  0.01    0.00    0.56 ^ rx_generated_activity[15]$_DFF_PP0_/D (DFFR_X1)
                                  0.56   data arrival time

                          0.00    0.00   clock rx_clk_div2 (rise edge)
                          0.00    0.00   clock source latency
     1   18.19    0.04    0.05    0.05 ^ mrx_clk_pad_i (in)
                                         mrx_clk_pad_i (net)
                  0.04    0.00    0.05 ^ clkbuf_0_mrx_clk_pad_i/A (CLKBUF_X3)
     4   18.94    0.02    0.06    0.10 ^ clkbuf_0_mrx_clk_pad_i/Z (CLKBUF_X3)
                                         clknet_0_mrx_clk_pad_i (net)
                  0.02    0.00    0.10 ^ clkbuf_2_3__f_mrx_clk_pad_i/A (CLKBUF_X3)
    14   34.51    0.03    0.06    0.16 ^ clkbuf_2_3__f_mrx_clk_pad_i/Z (CLKBUF_X3)
                                         clknet_2_3__leaf_mrx_clk_pad_i (net)
                  0.03    0.00    0.16 ^ clkbuf_leaf_28_mrx_clk_pad_i/A (CLKBUF_X3)
     5   13.48    0.01    0.05    0.21 ^ clkbuf_leaf_28_mrx_clk_pad_i/Z (CLKBUF_X3)
                                         clknet_leaf_28_mrx_clk_pad_i (net)
                  0.01    0.00    0.21 ^ u_rx_div.clk_out$_DFF_PP0_/CK (DFFR_X1)
     2    9.83    0.03    0.12    0.33 ^ u_rx_div.clk_out$_DFF_PP0_/Q (DFFR_X1)
                                         net390 (net)
                  0.03    0.00    0.33 ^ clkbuf_regs_2_rx_clk_div2/A (CLKBUF_X3)
     1    1.72    0.01    0.03    0.37 ^ clkbuf_regs_2_rx_clk_div2/Z (CLKBUF_X3)
                                         net390_regs (net)
                  0.01    0.00    0.37 ^ clkbuf_0_net390_regs/A (CLKBUF_X3)
     2    7.04    0.01    0.03    0.40 ^ clkbuf_0_net390_regs/Z (CLKBUF_X3)
                                         clknet_0_net390_regs (net)
                  0.01    0.00    0.40 ^ clkbuf_1_1__f_net390_regs/A (CLKBUF_X3)
     9   15.27    0.01    0.04    0.44 ^ clkbuf_1_1__f_net390_regs/Z (CLKBUF_X3)
                                         clknet_1_1__leaf_net390_regs (net)
                  0.01    0.00    0.44 ^ rx_generated_activity[15]$_DFF_PP0_/CK (DFFR_X1)
                          0.10    0.54   clock uncertainty
                          0.00    0.54   clock reconvergence pessimism
                          0.01    0.55   library hold time
                                  0.55   data required time
-----------------------------------------------------------------------------
                                  0.55   data required time
                                 -0.56   data arrival time
-----------------------------------------------------------------------------
                                  0.01   slack (MET)


Startpoint: u_ethmac.txethmac1.txcrc.Crc[29]$_DFF_PP1_
            (rising edge-triggered flip-flop clocked by tx_clk)
Endpoint: u_ethmac.txethmac1.MTxD[2]$_DFF_PP0_
          (rising edge-triggered flip-flop clocked by tx_clk)
Path Group: tx_clk
Path Type: min

Fanout     Cap    Slew   Delay    Time   Description
-----------------------------------------------------------------------------
                          0.00    0.00   clock tx_clk (rise edge)
                          0.00    0.00   clock source latency
     1   19.29    0.04    0.05    0.05 ^ mtx_clk_pad_i (in)
                                         mtx_clk_pad_i (net)
                  0.04    0.00    0.05 ^ clkbuf_0_mtx_clk_pad_i/A (CLKBUF_X3)
     4   16.46    0.02    0.05    0.10 ^ clkbuf_0_mtx_clk_pad_i/Z (CLKBUF_X3)
                                         clknet_0_mtx_clk_pad_i (net)
                  0.02    0.00    0.10 ^ clkbuf_2_3__f_mtx_clk_pad_i/A (CLKBUF_X3)
    12   29.77    0.02    0.05    0.16 ^ clkbuf_2_3__f_mtx_clk_pad_i/Z (CLKBUF_X3)
                                         clknet_2_3__leaf_mtx_clk_pad_i (net)
                  0.02    0.00    0.16 ^ clkbuf_leaf_8_mtx_clk_pad_i/A (CLKBUF_X3)
     8   10.16    0.01    0.04    0.20 ^ clkbuf_leaf_8_mtx_clk_pad_i/Z (CLKBUF_X3)
                                         clknet_leaf_8_mtx_clk_pad_i (net)
                  0.01    0.00    0.20 ^ u_ethmac.txethmac1.txcrc.Crc[29]$_DFF_PP1_/CK (DFFS_X1)
     1    1.90    0.01    0.07    0.27 ^ u_ethmac.txethmac1.txcrc.Crc[29]$_DFF_PP1_/QN (DFFS_X1)
                                         _00331_ (net)
                  0.01    0.00    0.27 ^ _60347_/B1 (AOI21_X1)
     1    2.05    0.01    0.01    0.29 v _60347_/ZN (AOI21_X1)
                                         _24635_ (net)
                  0.01    0.00    0.29 v _60348_/B1 (OAI21_X1)
     1    1.64    0.01    0.03    0.31 ^ _60348_/ZN (OAI21_X1)
                                         u_ethmac.txethmac1.MTxD_d[2] (net)
                  0.01    0.00    0.31 ^ u_ethmac.txethmac1.MTxD[2]$_DFF_PP0_/D (DFFR_X1)
                                  0.31   data arrival time

                          0.00    0.00   clock tx_clk (rise edge)
                          0.00    0.00   clock source latency
     1   19.29    0.04    0.05    0.05 ^ mtx_clk_pad_i (in)
                                         mtx_clk_pad_i (net)
                  0.04    0.00    0.05 ^ clkbuf_0_mtx_clk_pad_i/A (CLKBUF_X3)
     4   16.46    0.02    0.05    0.10 ^ clkbuf_0_mtx_clk_pad_i/Z (CLKBUF_X3)
                                         clknet_0_mtx_clk_pad_i (net)
                  0.02    0.00    0.10 ^ clkbuf_2_3__f_mtx_clk_pad_i/A (CLKBUF_X3)
    12   29.77    0.02    0.05    0.16 ^ clkbuf_2_3__f_mtx_clk_pad_i/Z (CLKBUF_X3)
                                         clknet_2_3__leaf_mtx_clk_pad_i (net)
                  0.02    0.00    0.16 ^ clkbuf_leaf_6_mtx_clk_pad_i/A (CLKBUF_X3)
     8   10.91    0.01    0.04    0.20 ^ clkbuf_leaf_6_mtx_clk_pad_i/Z (CLKBUF_X3)
                                         clknet_leaf_6_mtx_clk_pad_i (net)
                  0.01    0.00    0.20 ^ u_ethmac.txethmac1.MTxD[2]$_DFF_PP0_/CK (DFFR_X1)
                          0.10    0.30   clock uncertainty
                          0.00    0.30   clock reconvergence pessimism
                          0.01    0.31   library hold time
                                  0.31   data required time
-----------------------------------------------------------------------------
                                  0.31   data required time
                                 -0.31   data arrival time
-----------------------------------------------------------------------------
                                  0.00   slack (VIOLATED)


Startpoint: tx_generated_activity[15]$_DFF_PP0_
            (rising edge-triggered flip-flop clocked by tx_clk_div2)
Endpoint: tx_generated_activity[15]$_DFF_PP0_
          (rising edge-triggered flip-flop clocked by tx_clk_div2)
Path Group: tx_clk_div2
Path Type: min

Fanout     Cap    Slew   Delay    Time   Description
-----------------------------------------------------------------------------
                          0.00    0.00   clock tx_clk_div2 (rise edge)
                          0.00    0.00   clock source latency
     1   19.29    0.04    0.05    0.05 ^ mtx_clk_pad_i (in)
                                         mtx_clk_pad_i (net)
                  0.04    0.00    0.05 ^ clkbuf_0_mtx_clk_pad_i/A (CLKBUF_X3)
     4   16.46    0.02    0.05    0.10 ^ clkbuf_0_mtx_clk_pad_i/Z (CLKBUF_X3)
                                         clknet_0_mtx_clk_pad_i (net)
                  0.02    0.00    0.10 ^ clkbuf_2_2__f_mtx_clk_pad_i/A (CLKBUF_X3)
    10   29.77    0.02    0.05    0.16 ^ clkbuf_2_2__f_mtx_clk_pad_i/Z (CLKBUF_X3)
                                         clknet_2_2__leaf_mtx_clk_pad_i (net)
                  0.02    0.00    0.16 ^ clkbuf_leaf_22_mtx_clk_pad_i/A (CLKBUF_X3)
     6   24.96    0.02    0.05    0.21 ^ clkbuf_leaf_22_mtx_clk_pad_i/Z (CLKBUF_X3)
                                         clknet_leaf_22_mtx_clk_pad_i (net)
                  0.02    0.00    0.22 ^ u_tx_div.clk_out$_DFF_PP0_/CK (DFFR_X1)
     2    5.04    0.02    0.12    0.33 ^ u_tx_div.clk_out$_DFF_PP0_/Q (DFFR_X1)
                                         net391 (net)
                  0.02    0.00    0.33 ^ clkbuf_regs_1_tx_clk_div2/A (CLKBUF_X3)
     1    2.46    0.01    0.03    0.36 ^ clkbuf_regs_1_tx_clk_div2/Z (CLKBUF_X3)
                                         net391_regs (net)
                  0.01    0.00    0.36 ^ clkbuf_0_net391_regs/A (CLKBUF_X3)
     2    4.36    0.01    0.03    0.39 ^ clkbuf_0_net391_regs/Z (CLKBUF_X3)
                                         clknet_0_net391_regs (net)
                  0.01    0.00    0.39 ^ clkbuf_1_1__f_net391_regs/A (CLKBUF_X3)
     8   10.74    0.01    0.04    0.43 ^ clkbuf_1_1__f_net391_regs/Z (CLKBUF_X3)
                                         clknet_1_1__leaf_net391_regs (net)
                  0.01    0.00    0.43 ^ tx_generated_activity[15]$_DFF_PP0_/CK (DFFR_X1)
     2    3.36    0.01    0.09    0.52 v tx_generated_activity[15]$_DFF_PP0_/Q (DFFR_X1)
                                         net254 (net)
                  0.01    0.00    0.52 v _60462_/A (XNOR2_X1)
     1    1.21    0.01    0.02    0.54 ^ _60462_/ZN (XNOR2_X1)
                                         _00133_ (net)
                  0.01    0.00    0.54 ^ tx_generated_activity[15]$_DFF_PP0_/D (DFFR_X1)
                                  0.54   data arrival time

                          0.00    0.00   clock tx_clk_div2 (rise edge)
                          0.00    0.00   clock source latency
     1   19.29    0.04    0.05    0.05 ^ mtx_clk_pad_i (in)
                                         mtx_clk_pad_i (net)
                  0.04    0.00    0.05 ^ clkbuf_0_mtx_clk_pad_i/A (CLKBUF_X3)
     4   16.46    0.02    0.05    0.10 ^ clkbuf_0_mtx_clk_pad_i/Z (CLKBUF_X3)
                                         clknet_0_mtx_clk_pad_i (net)
                  0.02    0.00    0.10 ^ clkbuf_2_2__f_mtx_clk_pad_i/A (CLKBUF_X3)
    10   29.77    0.02    0.05    0.16 ^ clkbuf_2_2__f_mtx_clk_pad_i/Z (CLKBUF_X3)
                                         clknet_2_2__leaf_mtx_clk_pad_i (net)
                  0.02    0.00    0.16 ^ clkbuf_leaf_22_mtx_clk_pad_i/A (CLKBUF_X3)
     6   24.96    0.02    0.05    0.21 ^ clkbuf_leaf_22_mtx_clk_pad_i/Z (CLKBUF_X3)
                                         clknet_leaf_22_mtx_clk_pad_i (net)
                  0.02    0.00    0.22 ^ u_tx_div.clk_out$_DFF_PP0_/CK (DFFR_X1)
     2    5.04    0.02    0.12    0.33 ^ u_tx_div.clk_out$_DFF_PP0_/Q (DFFR_X1)
                                         net391 (net)
                  0.02    0.00    0.33 ^ clkbuf_regs_1_tx_clk_div2/A (CLKBUF_X3)
     1    2.46    0.01    0.03    0.36 ^ clkbuf_regs_1_tx_clk_div2/Z (CLKBUF_X3)
                                         net391_regs (net)
                  0.01    0.00    0.36 ^ clkbuf_0_net391_regs/A (CLKBUF_X3)
     2    4.36    0.01    0.03    0.39 ^ clkbuf_0_net391_regs/Z (CLKBUF_X3)
                                         clknet_0_net391_regs (net)
                  0.01    0.00    0.39 ^ clkbuf_1_1__f_net391_regs/A (CLKBUF_X3)
     8   10.74    0.01    0.04    0.43 ^ clkbuf_1_1__f_net391_regs/Z (CLKBUF_X3)
                                         clknet_1_1__leaf_net391_regs (net)
                  0.01    0.00    0.43 ^ tx_generated_activity[15]$_DFF_PP0_/CK (DFFR_X1)
                          0.10    0.53   clock uncertainty
                          0.00    0.53   clock reconvergence pessimism
                          0.01    0.54   library hold time
                                  0.54   data required time
-----------------------------------------------------------------------------
                                  0.54   data required time
                                 -0.54   data arrival time
-----------------------------------------------------------------------------
                                  0.01   slack (MET)


Startpoint: u_ethmac.wishbone.TxRetryPacketBlocked$_DFFE_PP0P_
            (rising edge-triggered flip-flop clocked by wb_clk)
Endpoint: u_ethmac.wishbone.TxRetryPacket$_DFF_PP0_
          (rising edge-triggered flip-flop clocked by wb_clk)
Path Group: wb_clk
Path Type: min

Fanout     Cap    Slew   Delay    Time   Description
-----------------------------------------------------------------------------
                          0.00    0.00   clock wb_clk (rise edge)
                          0.00    0.00   clock source latency
     1   37.16    0.08    0.10    0.10 ^ wb_clk_i (in)
                                         wb_clk_i (net)
                  0.08    0.00    0.10 ^ clkbuf_0_wb_clk_i/A (CLKBUF_X3)
     4   33.37    0.03    0.08    0.17 ^ clkbuf_0_wb_clk_i/Z (CLKBUF_X3)
                                         clknet_0_wb_clk_i (net)
                  0.03    0.00    0.18 ^ clkbuf_2_2_0_wb_clk_i/A (CLKBUF_X3)
     4   25.53    0.02    0.05    0.23 ^ clkbuf_2_2_0_wb_clk_i/Z (CLKBUF_X3)
                                         clknet_2_2_0_wb_clk_i (net)
                  0.02    0.00    0.24 ^ clkbuf_4_11_0_wb_clk_i/A (CLKBUF_X3)
     8   33.17    0.03    0.06    0.29 ^ clkbuf_4_11_0_wb_clk_i/Z (CLKBUF_X3)
                                         clknet_4_11_0_wb_clk_i (net)
                  0.03    0.00    0.30 ^ clkbuf_7_88__f_wb_clk_i/A (CLKBUF_X3)
     8   21.38    0.02    0.05    0.35 ^ clkbuf_7_88__f_wb_clk_i/Z (CLKBUF_X3)
                                         clknet_7_88__leaf_wb_clk_i (net)
                  0.02    0.00    0.35 ^ clkbuf_leaf_471_wb_clk_i/A (CLKBUF_X3)
     8   10.41    0.01    0.04    0.39 ^ clkbuf_leaf_471_wb_clk_i/Z (CLKBUF_X3)
                                         clknet_leaf_471_wb_clk_i (net)
                  0.01    0.00    0.39 ^ u_ethmac.wishbone.TxRetryPacketBlocked$_DFFE_PP0P_/CK (DFFR_X1)
     1    0.98    0.01    0.07    0.46 v u_ethmac.wishbone.TxRetryPacketBlocked$_DFFE_PP0P_/QN (DFFR_X1)
                                         _00267_ (net)
                  0.01    0.00    0.46 v _59325_/A2 (AND3_X1)
     2    3.87    0.01    0.04    0.49 v _59325_/ZN (AND3_X1)
                                         _11049_ (net)
                  0.01    0.00    0.49 v u_ethmac.wishbone.TxRetryPacket$_DFF_PP0_/D (DFFR_X1)
                                  0.49   data arrival time

                          0.00    0.00   clock wb_clk (rise edge)
                          0.00    0.00   clock source latency
     1   37.16    0.08    0.10    0.10 ^ wb_clk_i (in)
                                         wb_clk_i (net)
                  0.08    0.00    0.10 ^ clkbuf_0_wb_clk_i/A (CLKBUF_X3)
     4   33.37    0.03    0.08    0.17 ^ clkbuf_0_wb_clk_i/Z (CLKBUF_X3)
                                         clknet_0_wb_clk_i (net)
                  0.03    0.00    0.18 ^ clkbuf_2_2_0_wb_clk_i/A (CLKBUF_X3)
     4   25.53    0.02    0.05    0.23 ^ clkbuf_2_2_0_wb_clk_i/Z (CLKBUF_X3)
                                         clknet_2_2_0_wb_clk_i (net)
                  0.02    0.00    0.24 ^ clkbuf_4_11_0_wb_clk_i/A (CLKBUF_X3)
     8   33.17    0.03    0.06    0.29 ^ clkbuf_4_11_0_wb_clk_i/Z (CLKBUF_X3)
                                         clknet_4_11_0_wb_clk_i (net)
                  0.03    0.00    0.30 ^ clkbuf_7_88__f_wb_clk_i/A (CLKBUF_X3)
     8   21.38    0.02    0.05    0.35 ^ clkbuf_7_88__f_wb_clk_i/Z (CLKBUF_X3)
                                         clknet_7_88__leaf_wb_clk_i (net)
                  0.02    0.00    0.35 ^ clkbuf_leaf_471_wb_clk_i/A (CLKBUF_X3)
     8   10.41    0.01    0.04    0.39 ^ clkbuf_leaf_471_wb_clk_i/Z (CLKBUF_X3)
                                         clknet_leaf_471_wb_clk_i (net)
                  0.01    0.00    0.39 ^ u_ethmac.wishbone.TxRetryPacket$_DFF_PP0_/CK (DFFR_X1)
                          0.10    0.49   clock uncertainty
                          0.00    0.49   clock reconvergence pessimism
                          0.01    0.49   library hold time
                                  0.49   data required time
-----------------------------------------------------------------------------
                                  0.49   data required time
                                 -0.49   data arrival time
-----------------------------------------------------------------------------
                                  0.00   slack (VIOLATED)


Startpoint: wb_generated_activity[15]$_DFF_PP0_
            (rising edge-triggered flip-flop clocked by wb_clk_div2)
Endpoint: wb_generated_activity[15]$_DFF_PP0_
          (rising edge-triggered flip-flop clocked by wb_clk_div2)
Path Group: wb_clk_div2
Path Type: min

Fanout     Cap    Slew   Delay    Time   Description
-----------------------------------------------------------------------------
                          0.00    0.00   clock wb_clk_div2 (rise edge)
                          0.00    0.00   clock source latency
     1   37.16    0.08    0.10    0.10 ^ wb_clk_i (in)
                                         wb_clk_i (net)
                  0.08    0.00    0.10 ^ clkbuf_0_wb_clk_i/A (CLKBUF_X3)
     4   33.37    0.03    0.08    0.17 ^ clkbuf_0_wb_clk_i/Z (CLKBUF_X3)
                                         clknet_0_wb_clk_i (net)
                  0.03    0.00    0.18 ^ clkbuf_2_3_0_wb_clk_i/A (CLKBUF_X3)
     4   25.87    0.02    0.05    0.23 ^ clkbuf_2_3_0_wb_clk_i/Z (CLKBUF_X3)
                                         clknet_2_3_0_wb_clk_i (net)
                  0.02    0.00    0.23 ^ clkbuf_4_13_0_wb_clk_i/A (CLKBUF_X3)
     8   33.29    0.03    0.06    0.29 ^ clkbuf_4_13_0_wb_clk_i/Z (CLKBUF_X3)
                                         clknet_4_13_0_wb_clk_i (net)
                  0.03    0.00    0.30 ^ clkbuf_7_106__f_wb_clk_i/A (CLKBUF_X3)
    14   33.10    0.03    0.06    0.36 ^ clkbuf_7_106__f_wb_clk_i/Z (CLKBUF_X3)
                                         clknet_7_106__leaf_wb_clk_i (net)
                  0.03    0.00    0.36 ^ clkbuf_leaf_888_wb_clk_i/A (CLKBUF_X3)
     4   11.62    0.01    0.04    0.40 ^ clkbuf_leaf_888_wb_clk_i/Z (CLKBUF_X3)
                                         clknet_leaf_888_wb_clk_i (net)
                  0.01    0.00    0.40 ^ u_wb_div.clk_out$_DFF_PP0_/CK (DFFR_X1)
     2    4.25    0.01    0.11    0.51 ^ u_wb_div.clk_out$_DFF_PP0_/Q (DFFR_X1)
                                         net393 (net)
                  0.01    0.00    0.51 ^ clkbuf_regs_0_wb_clk_div2/A (CLKBUF_X3)
     1    1.45    0.01    0.03    0.54 ^ clkbuf_regs_0_wb_clk_div2/Z (CLKBUF_X3)
                                         net393_regs (net)
                  0.01    0.00    0.54 ^ clkbuf_0_net393_regs/A (CLKBUF_X3)
     2    4.20    0.01    0.03    0.57 ^ clkbuf_0_net393_regs/Z (CLKBUF_X3)
                                         clknet_0_net393_regs (net)
                  0.01    0.00    0.57 ^ clkbuf_1_1__f_net393_regs/A (CLKBUF_X3)
     8    9.51    0.01    0.03    0.61 ^ clkbuf_1_1__f_net393_regs/Z (CLKBUF_X3)
                                         clknet_1_1__leaf_net393_regs (net)
                  0.01    0.00    0.61 ^ wb_generated_activity[15]$_DFF_PP0_/CK (DFFR_X1)
     2    3.48    0.01    0.09    0.70 v wb_generated_activity[15]$_DFF_PP0_/Q (DFFR_X1)
                                         net236 (net)
                  0.01    0.00    0.70 v _61772_/A (XNOR2_X1)
     1    1.21    0.01    0.02    0.72 ^ _61772_/ZN (XNOR2_X1)
                                         _00147_ (net)
                  0.01    0.00    0.72 ^ wb_generated_activity[15]$_DFF_PP0_/D (DFFR_X1)
                                  0.72   data arrival time

                          0.00    0.00   clock wb_clk_div2 (rise edge)
                          0.00    0.00   clock source latency
     1   37.16    0.08    0.10    0.10 ^ wb_clk_i (in)
                                         wb_clk_i (net)
                  0.08    0.00    0.10 ^ clkbuf_0_wb_clk_i/A (CLKBUF_X3)
     4   33.37    0.03    0.08    0.17 ^ clkbuf_0_wb_clk_i/Z (CLKBUF_X3)
                                         clknet_0_wb_clk_i (net)
                  0.03    0.00    0.18 ^ clkbuf_2_3_0_wb_clk_i/A (CLKBUF_X3)
     4   25.87    0.02    0.05    0.23 ^ clkbuf_2_3_0_wb_clk_i/Z (CLKBUF_X3)
                                         clknet_2_3_0_wb_clk_i (net)
                  0.02    0.00    0.23 ^ clkbuf_4_13_0_wb_clk_i/A (CLKBUF_X3)
     8   33.29    0.03    0.06    0.29 ^ clkbuf_4_13_0_wb_clk_i/Z (CLKBUF_X3)
                                         clknet_4_13_0_wb_clk_i (net)
                  0.03    0.00    0.30 ^ clkbuf_7_106__f_wb_clk_i/A (CLKBUF_X3)
    14   33.10    0.03    0.06    0.36 ^ clkbuf_7_106__f_wb_clk_i/Z (CLKBUF_X3)
                                         clknet_7_106__leaf_wb_clk_i (net)
                  0.03    0.00    0.36 ^ clkbuf_leaf_888_wb_clk_i/A (CLKBUF_X3)
     4   11.62    0.01    0.04    0.40 ^ clkbuf_leaf_888_wb_clk_i/Z (CLKBUF_X3)
                                         clknet_leaf_888_wb_clk_i (net)
                  0.01    0.00    0.40 ^ u_wb_div.clk_out$_DFF_PP0_/CK (DFFR_X1)
     2    4.25    0.01    0.11    0.51 ^ u_wb_div.clk_out$_DFF_PP0_/Q (DFFR_X1)
                                         net393 (net)
                  0.01    0.00    0.51 ^ clkbuf_regs_0_wb_clk_div2/A (CLKBUF_X3)
     1    1.45    0.01    0.03    0.54 ^ clkbuf_regs_0_wb_clk_div2/Z (CLKBUF_X3)
                                         net393_regs (net)
                  0.01    0.00    0.54 ^ clkbuf_0_net393_regs/A (CLKBUF_X3)
     2    4.20    0.01    0.03    0.57 ^ clkbuf_0_net393_regs/Z (CLKBUF_X3)
                                         clknet_0_net393_regs (net)
                  0.01    0.00    0.57 ^ clkbuf_1_1__f_net393_regs/A (CLKBUF_X3)
     8    9.51    0.01    0.03    0.61 ^ clkbuf_1_1__f_net393_regs/Z (CLKBUF_X3)
                                         clknet_1_1__leaf_net393_regs (net)
                  0.01    0.00    0.61 ^ wb_generated_activity[15]$_DFF_PP0_/CK (DFFR_X1)
                          0.10    0.71   clock uncertainty
                          0.00    0.71   clock reconvergence pessimism
                          0.01    0.72   library hold time
                                  0.72   data required time
-----------------------------------------------------------------------------
                                  0.72   data required time
                                 -0.72   data arrival time
-----------------------------------------------------------------------------
                                  0.01   slack (MET)



==========================================================================
finish report_checks -path_delay max
--------------------------------------------------------------------------
Startpoint: u_aux0.state[18]$_DFF_PP0_
            (rising edge-triggered flip-flop clocked by aux0_clk)
Endpoint: aux0_digest_o[18] (output port clocked by aux0_clk)
Path Group: aux0_clk
Path Type: max

Fanout     Cap    Slew   Delay    Time   Description
-----------------------------------------------------------------------------
                          0.00    0.00   clock aux0_clk (rise edge)
                          0.00    0.00   clock source latency
     1   48.07    0.10    0.13    0.13 ^ aux0_clk_i (in)
                                         aux0_clk_i (net)
                  0.11    0.00    0.13 ^ clkbuf_0_aux0_clk_i/A (CLKBUF_X3)
     8   45.96    0.04    0.09    0.22 ^ clkbuf_0_aux0_clk_i/Z (CLKBUF_X3)
                                         clknet_0_aux0_clk_i (net)
                  0.04    0.00    0.22 ^ clkbuf_3_6_0_aux0_clk_i/A (CLKBUF_X3)
     4   15.96    0.02    0.05    0.27 ^ clkbuf_3_6_0_aux0_clk_i/Z (CLKBUF_X3)
                                         clknet_3_6_0_aux0_clk_i (net)
                  0.02    0.00    0.27 ^ clkbuf_5_26__f_aux0_clk_i/A (CLKBUF_X3)
    19   43.98    0.03    0.06    0.34 ^ clkbuf_5_26__f_aux0_clk_i/Z (CLKBUF_X3)
                                         clknet_5_26__leaf_aux0_clk_i (net)
                  0.03    0.00    0.34 ^ clkbuf_leaf_161_aux0_clk_i/A (CLKBUF_X3)
     8   13.48    0.01    0.05    0.39 ^ clkbuf_leaf_161_aux0_clk_i/Z (CLKBUF_X3)
                                         clknet_leaf_161_aux0_clk_i (net)
                  0.01    0.00    0.39 ^ u_aux0.state[18]$_DFF_PP0_/CK (DFFR_X1)
     2    5.03    0.02    0.11    0.50 ^ u_aux0.state[18]$_DFF_PP0_/Q (DFFR_X1)
                                         u_aux0.state[18] (net)
                  0.02    0.00    0.50 ^ _59384_/B (XOR2_X1)
     1    2.01    0.02    0.05    0.55 ^ _59384_/Z (XOR2_X1)
                                         net172 (net)
                  0.02    0.00    0.55 ^ output173/A (BUF_X1)
     1    2.36    0.01    0.03    0.58 ^ output173/Z (BUF_X1)
                                         aux0_digest_o[18] (net)
                  0.01    0.00    0.58 ^ aux0_digest_o[18] (out)
                                  0.58   data arrival time

                          0.45    0.45   clock aux0_clk (rise edge)
                          0.00    0.45   clock network delay (propagated)
                         -0.10    0.35   clock uncertainty
                          0.00    0.35   clock reconvergence pessimism
                         -0.20    0.15   output external delay
                                  0.15   data required time
-----------------------------------------------------------------------------
                                  0.15   data required time
                                 -0.58   data arrival time
-----------------------------------------------------------------------------
                                 -0.43   slack (VIOLATED)


Startpoint: aux0_generated_activity[6]$_DFF_PP0_
            (rising edge-triggered flip-flop clocked by aux0_clk_div2)
Endpoint: aux0_generated_activity[13]$_DFF_PP0_
          (rising edge-triggered flip-flop clocked by aux0_clk_div2)
Path Group: aux0_clk_div2
Path Type: max

Fanout     Cap    Slew   Delay    Time   Description
-----------------------------------------------------------------------------
                          0.00    0.00   clock aux0_clk_div2 (rise edge)
                          0.00    0.00   clock source latency
     1   48.07    0.10    0.13    0.13 ^ aux0_clk_i (in)
                                         aux0_clk_i (net)
                  0.11    0.00    0.13 ^ clkbuf_0_aux0_clk_i/A (CLKBUF_X3)
     8   45.96    0.04    0.09    0.22 ^ clkbuf_0_aux0_clk_i/Z (CLKBUF_X3)
                                         clknet_0_aux0_clk_i (net)
                  0.04    0.00    0.22 ^ clkbuf_3_7_0_aux0_clk_i/A (CLKBUF_X3)
     4   15.67    0.02    0.05    0.27 ^ clkbuf_3_7_0_aux0_clk_i/Z (CLKBUF_X3)
                                         clknet_3_7_0_aux0_clk_i (net)
                  0.02    0.00    0.27 ^ clkbuf_5_29__f_aux0_clk_i/A (CLKBUF_X3)
    15   51.28    0.04    0.07    0.34 ^ clkbuf_5_29__f_aux0_clk_i/Z (CLKBUF_X3)
                                         clknet_5_29__leaf_aux0_clk_i (net)
                  0.04    0.00    0.35 ^ clkbuf_leaf_305_aux0_clk_i/A (CLKBUF_X3)
     4   30.17    0.03    0.06    0.41 ^ clkbuf_leaf_305_aux0_clk_i/Z (CLKBUF_X3)
                                         clknet_leaf_305_aux0_clk_i (net)
                  0.03    0.01    0.41 ^ u_aux0_div.clk_out$_DFF_PP0_/CK (DFFR_X1)
     2    3.51    0.01    0.11    0.53 ^ u_aux0_div.clk_out$_DFF_PP0_/Q (DFFR_X1)
                                         net162 (net)
                  0.01    0.00    0.53 ^ clkbuf_regs_3_aux0_clk_div2/A (CLKBUF_X3)
     1    1.84    0.01    0.03    0.56 ^ clkbuf_regs_3_aux0_clk_div2/Z (CLKBUF_X3)
                                         net162_regs (net)
                  0.01    0.00    0.56 ^ clkbuf_0_net162_regs/A (CLKBUF_X3)
     2    4.49    0.01    0.03    0.58 ^ clkbuf_0_net162_regs/Z (CLKBUF_X3)
                                         clknet_0_net162_regs (net)
                  0.01    0.00    0.58 ^ clkbuf_1_0__f_net162_regs/A (CLKBUF_X3)
     8   10.61    0.01    0.04    0.62 ^ clkbuf_1_0__f_net162_regs/Z (CLKBUF_X3)
                                         clknet_1_0__leaf_net162_regs (net)
                  0.01    0.00    0.62 ^ aux0_generated_activity[6]$_DFF_PP0_/CK (DFFR_X1)
     6   11.59    0.03    0.13    0.75 ^ aux0_generated_activity[6]$_DFF_PP0_/Q (DFFR_X1)
                                         net279 (net)
                  0.03    0.00    0.75 ^ _60106_/A4 (NAND4_X1)
     2    3.33    0.02    0.04    0.79 v _60106_/ZN (NAND4_X1)
                                         _24455_ (net)
                  0.02    0.00    0.79 v _60174_/A3 (NOR3_X1)
     3    6.55    0.06    0.09    0.88 ^ _60174_/ZN (NOR3_X1)
                                         _24513_ (net)
                  0.06    0.00    0.88 ^ _61708_/A4 (NAND4_X1)
     1    2.63    0.02    0.04    0.92 v _61708_/ZN (NAND4_X1)
                                         _25837_ (net)
                  0.02    0.00    0.92 v _61709_/B (XNOR2_X1)
     1    1.35    0.01    0.04    0.96 v _61709_/ZN (XNOR2_X1)
                                         _00103_ (net)
                  0.01    0.00    0.96 v aux0_generated_activity[13]$_DFF_PP0_/D (DFFR_X1)
                                  0.96   data arrival time

                          0.90    0.90   clock aux0_clk_div2 (rise edge)
                          0.00    0.90   clock source latency
     1   48.07    0.10    0.13    1.03 ^ aux0_clk_i (in)
                                         aux0_clk_i (net)
                  0.11    0.00    1.03 ^ clkbuf_0_aux0_clk_i/A (CLKBUF_X3)
     8   45.96    0.04    0.09    1.12 ^ clkbuf_0_aux0_clk_i/Z (CLKBUF_X3)
                                         clknet_0_aux0_clk_i (net)
                  0.04    0.00    1.12 ^ clkbuf_3_7_0_aux0_clk_i/A (CLKBUF_X3)
     4   15.67    0.02    0.05    1.17 ^ clkbuf_3_7_0_aux0_clk_i/Z (CLKBUF_X3)
                                         clknet_3_7_0_aux0_clk_i (net)
                  0.02    0.00    1.17 ^ clkbuf_5_29__f_aux0_clk_i/A (CLKBUF_X3)
    15   51.28    0.04    0.07    1.24 ^ clkbuf_5_29__f_aux0_clk_i/Z (CLKBUF_X3)
                                         clknet_5_29__leaf_aux0_clk_i (net)
                  0.04    0.00    1.25 ^ clkbuf_leaf_305_aux0_clk_i/A (CLKBUF_X3)
     4   30.17    0.03    0.06    1.31 ^ clkbuf_leaf_305_aux0_clk_i/Z (CLKBUF_X3)
                                         clknet_leaf_305_aux0_clk_i (net)
                  0.03    0.01    1.31 ^ u_aux0_div.clk_out$_DFF_PP0_/CK (DFFR_X1)
     2    3.51    0.01    0.11    1.43 ^ u_aux0_div.clk_out$_DFF_PP0_/Q (DFFR_X1)
                                         net162 (net)
                  0.01    0.00    1.43 ^ clkbuf_regs_3_aux0_clk_div2/A (CLKBUF_X3)
     1    1.84    0.01    0.03    1.46 ^ clkbuf_regs_3_aux0_clk_div2/Z (CLKBUF_X3)
                                         net162_regs (net)
                  0.01    0.00    1.46 ^ clkbuf_0_net162_regs/A (CLKBUF_X3)
     2    4.49    0.01    0.03    1.48 ^ clkbuf_0_net162_regs/Z (CLKBUF_X3)
                                         clknet_0_net162_regs (net)
                  0.01    0.00    1.48 ^ clkbuf_1_1__f_net162_regs/A (CLKBUF_X3)
     9   12.12    0.01    0.04    1.52 ^ clkbuf_1_1__f_net162_regs/Z (CLKBUF_X3)
                                         clknet_1_1__leaf_net162_regs (net)
                  0.01    0.00    1.52 ^ aux0_generated_activity[13]$_DFF_PP0_/CK (DFFR_X1)
                         -0.10    1.42   clock uncertainty
                          0.00    1.42   clock reconvergence pessimism
                         -0.04    1.38   library setup time
                                  1.38   data required time
-----------------------------------------------------------------------------
                                  1.38   data required time
                                 -0.96   data arrival time
-----------------------------------------------------------------------------
                                  0.42   slack (MET)


Startpoint: u_aux1.state[18]$_DFF_PP0_
            (rising edge-triggered flip-flop clocked by aux1_clk)
Endpoint: aux1_digest_o[18] (output port clocked by aux1_clk)
Path Group: aux1_clk
Path Type: max

Fanout     Cap    Slew   Delay    Time   Description
-----------------------------------------------------------------------------
                          0.00    0.00   clock aux1_clk (rise edge)
                          0.00    0.00   clock source latency
     1   33.81    0.07    0.09    0.09 ^ aux1_clk_i (in)
                                         aux1_clk_i (net)
                  0.08    0.00    0.09 ^ clkbuf_0_aux1_clk_i/A (CLKBUF_X3)
     4   36.75    0.03    0.08    0.17 ^ clkbuf_0_aux1_clk_i/Z (CLKBUF_X3)
                                         clknet_0_aux1_clk_i (net)
                  0.03    0.00    0.17 ^ clkbuf_2_2_0_aux1_clk_i/A (CLKBUF_X3)
     8   37.87    0.03    0.07    0.24 ^ clkbuf_2_2_0_aux1_clk_i/Z (CLKBUF_X3)
                                         clknet_2_2_0_aux1_clk_i (net)
                  0.03    0.00    0.24 ^ clkbuf_5_19__f_aux1_clk_i/A (CLKBUF_X3)
    15   44.85    0.04    0.07    0.31 ^ clkbuf_5_19__f_aux1_clk_i/Z (CLKBUF_X3)
                                         clknet_5_19__leaf_aux1_clk_i (net)
                  0.04    0.00    0.31 ^ clkbuf_leaf_394_aux1_clk_i/A (CLKBUF_X3)
     9   12.08    0.01    0.05    0.36 ^ clkbuf_leaf_394_aux1_clk_i/Z (CLKBUF_X3)
                                         clknet_leaf_394_aux1_clk_i (net)
                  0.01    0.00    0.36 ^ u_aux1.state[18]$_DFF_PP0_/CK (DFFR_X1)
     2    6.17    0.02    0.12    0.47 ^ u_aux1.state[18]$_DFF_PP0_/Q (DFFR_X1)
                                         u_aux1.state[18] (net)
                  0.02    0.00    0.47 ^ _61646_/B (XOR2_X2)
     1   15.48    0.05    0.08    0.55 ^ _61646_/Z (XOR2_X2)
                                         net205 (net)
                  0.05    0.00    0.55 ^ place1987/A (BUF_X4)
     1    9.21    0.01    0.03    0.58 ^ place1987/Z (BUF_X4)
                                         net1984 (net)
                  0.01    0.00    0.59 ^ output206/A (BUF_X4)
     1    0.72    0.00    0.02    0.60 ^ output206/Z (BUF_X4)
                                         aux1_digest_o[18] (net)
                  0.00    0.00    0.60 ^ aux1_digest_o[18] (out)
                                  0.60   data arrival time

                          0.56    0.56   clock aux1_clk (rise edge)
                          0.00    0.56   clock network delay (propagated)
                         -0.10    0.46   clock uncertainty
                          0.00    0.46   clock reconvergence pessimism
                         -0.20    0.26   output external delay
                                  0.26   data required time
-----------------------------------------------------------------------------
                                  0.26   data required time
                                 -0.60   data arrival time
-----------------------------------------------------------------------------
                                 -0.34   slack (VIOLATED)


Startpoint: aux1_generated_activity[1]$_DFF_PP0_
            (rising edge-triggered flip-flop clocked by aux1_clk_div2)
Endpoint: aux1_generated_activity[14]$_DFF_PP0_
          (rising edge-triggered flip-flop clocked by aux1_clk_div2)
Path Group: aux1_clk_div2
Path Type: max

Fanout     Cap    Slew   Delay    Time   Description
-----------------------------------------------------------------------------
                          0.00    0.00   clock aux1_clk_div2 (rise edge)
                          0.00    0.00   clock source latency
     1   33.81    0.07    0.09    0.09 ^ aux1_clk_i (in)
                                         aux1_clk_i (net)
                  0.08    0.00    0.09 ^ clkbuf_0_aux1_clk_i/A (CLKBUF_X3)
     4   36.75    0.03    0.08    0.17 ^ clkbuf_0_aux1_clk_i/Z (CLKBUF_X3)
                                         clknet_0_aux1_clk_i (net)
                  0.03    0.00    0.17 ^ clkbuf_2_3_0_aux1_clk_i/A (CLKBUF_X3)
     8   33.37    0.03    0.06    0.23 ^ clkbuf_2_3_0_aux1_clk_i/Z (CLKBUF_X3)
                                         clknet_2_3_0_aux1_clk_i (net)
                  0.03    0.00    0.24 ^ clkbuf_5_31__f_aux1_clk_i/A (CLKBUF_X3)
    16   47.26    0.04    0.07    0.31 ^ clkbuf_5_31__f_aux1_clk_i/Z (CLKBUF_X3)
                                         clknet_5_31__leaf_aux1_clk_i (net)
                  0.04    0.00    0.31 ^ clkbuf_leaf_423_aux1_clk_i/A (CLKBUF_X3)
     2   18.40    0.02    0.05    0.37 ^ clkbuf_leaf_423_aux1_clk_i/Z (CLKBUF_X3)
                                         clknet_leaf_423_aux1_clk_i (net)
                  0.02    0.00    0.37 ^ u_aux1_div.clk_out$_DFF_PP0_/CK (DFFR_X1)
     2    4.57    0.02    0.11    0.48 ^ u_aux1_div.clk_out$_DFF_PP0_/Q (DFFR_X1)
                                         net195 (net)
                  0.02    0.00    0.48 ^ clkbuf_regs_4_aux1_clk_div2/A (CLKBUF_X3)
     1    1.56    0.01    0.03    0.51 ^ clkbuf_regs_4_aux1_clk_div2/Z (CLKBUF_X3)
                                         net195_regs (net)
                  0.01    0.00    0.51 ^ clkbuf_0_net195_regs/A (CLKBUF_X3)
     2    3.85    0.01    0.03    0.54 ^ clkbuf_0_net195_regs/Z (CLKBUF_X3)
                                         clknet_0_net195_regs (net)
                  0.01    0.00    0.54 ^ clkbuf_1_0__f_net195_regs/A (CLKBUF_X3)
     8   11.03    0.01    0.04    0.58 ^ clkbuf_1_0__f_net195_regs/Z (CLKBUF_X3)
                                         clknet_1_0__leaf_net195_regs (net)
                  0.01    0.00    0.58 ^ aux1_generated_activity[1]$_DFF_PP0_/CK (DFFR_X1)
     4    8.45    0.02    0.12    0.70 ^ aux1_generated_activity[1]$_DFF_PP0_/Q (DFFR_X1)
                                         net291 (net)
                  0.02    0.00    0.70 ^ _73856_/B (HA_X1)
     2    4.69    0.01    0.04    0.74 ^ _73856_/CO (HA_X1)
                                         _00638_ (net)
                  0.01    0.00    0.74 ^ _59960_/A1 (NAND3_X1)
     3    5.95    0.02    0.03    0.77 v _59960_/ZN (NAND3_X1)
                                         _24336_ (net)
                  0.02    0.00    0.77 v _59985_/A1 (NOR2_X1)
     2    3.77    0.03    0.04    0.81 ^ _59985_/ZN (NOR2_X1)
                                         _24356_ (net)
                  0.03    0.00    0.81 ^ _60081_/A4 (NAND4_X1)
     2    4.44    0.02    0.04    0.85 v _60081_/ZN (NAND4_X1)
                                         _24434_ (net)
                  0.02    0.00    0.85 v _60082_/A (INV_X1)
     2    2.86    0.01    0.02    0.88 ^ _60082_/ZN (INV_X1)
                                         _24435_ (net)
                  0.01    0.00    0.88 ^ _61710_/A1 (AND2_X1)
     1    2.54    0.01    0.03    0.91 ^ _61710_/ZN (AND2_X1)
                                         _25838_ (net)
                  0.01    0.00    0.91 ^ _61711_/B (XOR2_X1)
     1    1.22    0.02    0.04    0.95 ^ _61711_/Z (XOR2_X1)
                                         _00090_ (net)
                  0.02    0.00    0.95 ^ aux1_generated_activity[14]$_DFF_PP0_/D (DFFR_X1)
                                  0.95   data arrival time

                          1.12    1.12   clock aux1_clk_div2 (rise edge)
                          0.00    1.12   clock source latency
     1   33.81    0.07    0.09    1.21 ^ aux1_clk_i (in)
                                         aux1_clk_i (net)
                  0.08    0.00    1.21 ^ clkbuf_0_aux1_clk_i/A (CLKBUF_X3)
     4   36.75    0.03    0.08    1.29 ^ clkbuf_0_aux1_clk_i/Z (CLKBUF_X3)
                                         clknet_0_aux1_clk_i (net)
                  0.03    0.00    1.30 ^ clkbuf_2_3_0_aux1_clk_i/A (CLKBUF_X3)
     8   33.37    0.03    0.06    1.36 ^ clkbuf_2_3_0_aux1_clk_i/Z (CLKBUF_X3)
                                         clknet_2_3_0_aux1_clk_i (net)
                  0.03    0.00    1.36 ^ clkbuf_5_31__f_aux1_clk_i/A (CLKBUF_X3)
    16   47.26    0.04    0.07    1.43 ^ clkbuf_5_31__f_aux1_clk_i/Z (CLKBUF_X3)
                                         clknet_5_31__leaf_aux1_clk_i (net)
                  0.04    0.00    1.44 ^ clkbuf_leaf_423_aux1_clk_i/A (CLKBUF_X3)
     2   18.40    0.02    0.05    1.49 ^ clkbuf_leaf_423_aux1_clk_i/Z (CLKBUF_X3)
                                         clknet_leaf_423_aux1_clk_i (net)
                  0.02    0.00    1.49 ^ u_aux1_div.clk_out$_DFF_PP0_/CK (DFFR_X1)
     2    4.57    0.02    0.11    1.61 ^ u_aux1_div.clk_out$_DFF_PP0_/Q (DFFR_X1)
                                         net195 (net)
                  0.02    0.00    1.61 ^ clkbuf_regs_4_aux1_clk_div2/A (CLKBUF_X3)
     1    1.56    0.01    0.03    1.64 ^ clkbuf_regs_4_aux1_clk_div2/Z (CLKBUF_X3)
                                         net195_regs (net)
                  0.01    0.00    1.64 ^ clkbuf_0_net195_regs/A (CLKBUF_X3)
     2    3.85    0.01    0.03    1.67 ^ clkbuf_0_net195_regs/Z (CLKBUF_X3)
                                         clknet_0_net195_regs (net)
                  0.01    0.00    1.67 ^ clkbuf_1_1__f_net195_regs/A (CLKBUF_X3)
     9   12.04    0.01    0.04    1.70 ^ clkbuf_1_1__f_net195_regs/Z (CLKBUF_X3)
                                         clknet_1_1__leaf_net195_regs (net)
                  0.01    0.00    1.70 ^ aux1_generated_activity[14]$_DFF_PP0_/CK (DFFR_X1)
                         -0.10    1.60   clock uncertainty
                          0.00    1.60   clock reconvergence pessimism
                         -0.03    1.57   library setup time
                                  1.57   data required time
-----------------------------------------------------------------------------
                                  1.57   data required time
                                 -0.95   data arrival time
-----------------------------------------------------------------------------
                                  0.61   slack (MET)


Startpoint: mrxdv_pad_i (input port clocked by rx_clk)
Endpoint: u_ethmac.rxethmac1.rxcounters1.ByteCnt[8]$_DFFE_PP0P_
          (rising edge-triggered flip-flop clocked by rx_clk)
Path Group: rx_clk
Path Type: max

Fanout     Cap    Slew   Delay    Time   Description
-----------------------------------------------------------------------------
                          0.00    0.00   clock rx_clk (rise edge)
                          0.00    0.00   clock network delay (propagated)
                          2.00    2.00 ^ input external delay
     1    5.36    0.01    0.01    2.01 ^ mrxdv_pad_i (in)
                                         mrxdv_pad_i (net)
                  0.01    0.00    2.01 ^ input111/A (BUF_X1)
     2    8.12    0.02    0.04    2.05 ^ input111/Z (BUF_X1)
                                         net110 (net)
                  0.02    0.00    2.05 ^ _50929_/A2 (NAND2_X1)
     3    6.82    0.02    0.03    2.08 v _50929_/ZN (NAND2_X1)
                                         _16273_ (net)
                  0.02    0.00    2.08 v _50949_/A2 (NOR2_X1)
     1    1.76    0.02    0.03    2.11 ^ _50949_/ZN (NOR2_X1)
                                         _16291_ (net)
                  0.02    0.00    2.11 ^ _50950_/A (AOI21_X1)
    10   19.16    0.04    0.04    2.15 v _50950_/ZN (AOI21_X1)
                                         _16292_ (net)
                  0.04    0.00    2.15 v _51024_/A (AOI21_X1)
     6   12.34    0.07    0.11    2.26 ^ _51024_/ZN (AOI21_X1)
                                         _16361_ (net)
                  0.07    0.00    2.26 ^ _51031_/A2 (AND2_X1)
     3    5.85    0.02    0.05    2.32 ^ _51031_/ZN (AND2_X1)
                                         _16366_ (net)
                  0.02    0.00    2.32 ^ _51046_/A4 (AND4_X1)
     5   11.55    0.03    0.09    2.40 ^ _51046_/ZN (AND4_X1)
                                         _16377_ (net)
                  0.03    0.00    2.40 ^ _51054_/A3 (NAND3_X1)
     1    2.71    0.02    0.03    2.43 v _51054_/ZN (NAND3_X1)
                                         _16383_ (net)
                  0.02    0.00    2.43 v _51055_/B (XOR2_X1)
     1    2.06    0.01    0.06    2.49 v _51055_/Z (XOR2_X1)
                                         _16384_ (net)
                  0.01    0.00    2.49 v _51056_/A2 (NOR2_X1)
     1    1.33    0.02    0.03    2.52 ^ _51056_/ZN (NOR2_X1)
                                         _06100_ (net)
                  0.02    0.00    2.52 ^ u_ethmac.rxethmac1.rxcounters1.ByteCnt[8]$_DFFE_PP0P_/D (DFFR_X1)
                                  2.52   data arrival time

                         40.00   40.00   clock rx_clk (rise edge)
                          0.00   40.00   clock source latency
     1   18.19    0.04    0.05   40.05 ^ mrx_clk_pad_i (in)
                                         mrx_clk_pad_i (net)
                  0.04    0.00   40.05 ^ clkbuf_0_mrx_clk_pad_i/A (CLKBUF_X3)
     4   18.94    0.02    0.06   40.10 ^ clkbuf_0_mrx_clk_pad_i/Z (CLKBUF_X3)
                                         clknet_0_mrx_clk_pad_i (net)
                  0.02    0.00   40.10 ^ clkbuf_2_2__f_mrx_clk_pad_i/A (CLKBUF_X3)
    15   40.28    0.03    0.06   40.17 ^ clkbuf_2_2__f_mrx_clk_pad_i/Z (CLKBUF_X3)
                                         clknet_2_2__leaf_mrx_clk_pad_i (net)
                  0.03    0.00   40.17 ^ clkbuf_leaf_15_mrx_clk_pad_i/A (CLKBUF_X3)
     7    9.27    0.01    0.04   40.21 ^ clkbuf_leaf_15_mrx_clk_pad_i/Z (CLKBUF_X3)
                                         clknet_leaf_15_mrx_clk_pad_i (net)
                  0.01    0.00   40.21 ^ u_ethmac.rxethmac1.rxcounters1.ByteCnt[8]$_DFFE_PP0P_/CK (DFFR_X1)
                         -0.10   40.11   clock uncertainty
                          0.00   40.11   clock reconvergence pessimism
                         -0.03   40.08   library setup time
                                 40.08   data required time
-----------------------------------------------------------------------------
                                 40.08   data required time
                                 -2.52   data arrival time
-----------------------------------------------------------------------------
                                 37.56   slack (MET)


Startpoint: rx_generated_activity[3]$_DFF_PP0_
            (rising edge-triggered flip-flop clocked by rx_clk_div2)
Endpoint: rx_generated_activity[13]$_DFF_PP0_
          (rising edge-triggered flip-flop clocked by rx_clk_div2)
Path Group: rx_clk_div2
Path Type: max

Fanout     Cap    Slew   Delay    Time   Description
-----------------------------------------------------------------------------
                          0.00    0.00   clock rx_clk_div2 (rise edge)
                          0.00    0.00   clock source latency
     1   18.19    0.04    0.05    0.05 ^ mrx_clk_pad_i (in)
                                         mrx_clk_pad_i (net)
                  0.04    0.00    0.05 ^ clkbuf_0_mrx_clk_pad_i/A (CLKBUF_X3)
     4   18.94    0.02    0.06    0.10 ^ clkbuf_0_mrx_clk_pad_i/Z (CLKBUF_X3)
                                         clknet_0_mrx_clk_pad_i (net)
                  0.02    0.00    0.10 ^ clkbuf_2_3__f_mrx_clk_pad_i/A (CLKBUF_X3)
    14   34.51    0.03    0.06    0.16 ^ clkbuf_2_3__f_mrx_clk_pad_i/Z (CLKBUF_X3)
                                         clknet_2_3__leaf_mrx_clk_pad_i (net)
                  0.03    0.00    0.16 ^ clkbuf_leaf_28_mrx_clk_pad_i/A (CLKBUF_X3)
     5   13.48    0.01    0.05    0.21 ^ clkbuf_leaf_28_mrx_clk_pad_i/Z (CLKBUF_X3)
                                         clknet_leaf_28_mrx_clk_pad_i (net)
                  0.01    0.00    0.21 ^ u_rx_div.clk_out$_DFF_PP0_/CK (DFFR_X1)
     2    9.83    0.03    0.12    0.33 ^ u_rx_div.clk_out$_DFF_PP0_/Q (DFFR_X1)
                                         net390 (net)
                  0.03    0.00    0.33 ^ clkbuf_regs_2_rx_clk_div2/A (CLKBUF_X3)
     1    1.72    0.01    0.03    0.37 ^ clkbuf_regs_2_rx_clk_div2/Z (CLKBUF_X3)
                                         net390_regs (net)
                  0.01    0.00    0.37 ^ clkbuf_0_net390_regs/A (CLKBUF_X3)
     2    7.04    0.01    0.03    0.40 ^ clkbuf_0_net390_regs/Z (CLKBUF_X3)
                                         clknet_0_net390_regs (net)
                  0.01    0.00    0.40 ^ clkbuf_1_0__f_net390_regs/A (CLKBUF_X3)
     8   15.82    0.02    0.04    0.44 ^ clkbuf_1_0__f_net390_regs/Z (CLKBUF_X3)
                                         clknet_1_0__leaf_net390_regs (net)
                  0.02    0.00    0.44 ^ rx_generated_activity[3]$_DFF_PP0_/CK (DFFR_X1)
     6   11.07    0.03    0.13    0.57 ^ rx_generated_activity[3]$_DFF_PP0_/Q (DFFR_X1)
                                         net258 (net)
                  0.03    0.00    0.57 ^ _59951_/A3 (NAND4_X1)
     2    3.19    0.02    0.04    0.61 v _59951_/ZN (NAND4_X1)
                                         _24329_ (net)
                  0.02    0.00    0.61 v _60472_/A1 (NOR2_X1)
     3   17.80    0.09    0.11    0.71 ^ _60472_/ZN (NOR2_X1)
                                         _24719_ (net)
                  0.09    0.01    0.72 ^ _60473_/A4 (AND4_X1)
     3    6.88    0.02    0.08    0.80 ^ _60473_/ZN (AND4_X1)
                                         _24720_ (net)
                  0.02    0.00    0.80 ^ _60474_/A4 (NAND4_X1)
     1    2.75    0.02    0.04    0.84 v _60474_/ZN (NAND4_X1)
                                         _24721_ (net)
                  0.02    0.00    0.84 v _60475_/B (XNOR2_X1)
     1    1.54    0.01    0.04    0.88 v _60475_/ZN (XNOR2_X1)
                                         _00117_ (net)
                  0.01    0.00    0.88 v rx_generated_activity[13]$_DFF_PP0_/D (DFFR_X1)
                                  0.88   data arrival time

                         80.00   80.00   clock rx_clk_div2 (rise edge)
                          0.00   80.00   clock source latency
     1   18.19    0.04    0.05   80.05 ^ mrx_clk_pad_i (in)
                                         mrx_clk_pad_i (net)
                  0.04    0.00   80.05 ^ clkbuf_0_mrx_clk_pad_i/A (CLKBUF_X3)
     4   18.94    0.02    0.06   80.10 ^ clkbuf_0_mrx_clk_pad_i/Z (CLKBUF_X3)
                                         clknet_0_mrx_clk_pad_i (net)
                  0.02    0.00   80.10 ^ clkbuf_2_3__f_mrx_clk_pad_i/A (CLKBUF_X3)
    14   34.51    0.03    0.06   80.16 ^ clkbuf_2_3__f_mrx_clk_pad_i/Z (CLKBUF_X3)
                                         clknet_2_3__leaf_mrx_clk_pad_i (net)
                  0.03    0.00   80.16 ^ clkbuf_leaf_28_mrx_clk_pad_i/A (CLKBUF_X3)
     5   13.48    0.01    0.05   80.21 ^ clkbuf_leaf_28_mrx_clk_pad_i/Z (CLKBUF_X3)
                                         clknet_leaf_28_mrx_clk_pad_i (net)
                  0.01    0.00   80.21 ^ u_rx_div.clk_out$_DFF_PP0_/CK (DFFR_X1)
     2    9.83    0.03    0.12   80.33 ^ u_rx_div.clk_out$_DFF_PP0_/Q (DFFR_X1)
                                         net390 (net)
                  0.03    0.00   80.33 ^ clkbuf_regs_2_rx_clk_div2/A (CLKBUF_X3)
     1    1.72    0.01    0.03   80.37 ^ clkbuf_regs_2_rx_clk_div2/Z (CLKBUF_X3)
                                         net390_regs (net)
                  0.01    0.00   80.37 ^ clkbuf_0_net390_regs/A (CLKBUF_X3)
     2    7.04    0.01    0.03   80.40 ^ clkbuf_0_net390_regs/Z (CLKBUF_X3)
                                         clknet_0_net390_regs (net)
                  0.01    0.00   80.40 ^ clkbuf_1_1__f_net390_regs/A (CLKBUF_X3)
     9   15.27    0.01    0.04   80.44 ^ clkbuf_1_1__f_net390_regs/Z (CLKBUF_X3)
                                         clknet_1_1__leaf_net390_regs (net)
                  0.01    0.00   80.44 ^ rx_generated_activity[13]$_DFF_PP0_/CK (DFFR_X1)
                         -0.10   80.34   clock uncertainty
                          0.00   80.34   clock reconvergence pessimism
                         -0.04   80.30   library setup time
                                 80.30   data required time
-----------------------------------------------------------------------------
                                 80.30   data required time
                                 -0.88   data arrival time
-----------------------------------------------------------------------------
                                 79.42   slack (MET)


Startpoint: u_ethmac.txethmac1.MTxEn$_DFF_PP0_
            (rising edge-triggered flip-flop clocked by tx_clk)
Endpoint: mtxen_pad_o (output port clocked by tx_clk)
Path Group: tx_clk
Path Type: max

Fanout     Cap    Slew   Delay    Time   Description
-----------------------------------------------------------------------------
                          0.00    0.00   clock tx_clk (rise edge)
                          0.00    0.00   clock source latency
     1   19.29    0.04    0.05    0.05 ^ mtx_clk_pad_i (in)
                                         mtx_clk_pad_i (net)
                  0.04    0.00    0.05 ^ clkbuf_0_mtx_clk_pad_i/A (CLKBUF_X3)
     4   16.46    0.02    0.05    0.10 ^ clkbuf_0_mtx_clk_pad_i/Z (CLKBUF_X3)
                                         clknet_0_mtx_clk_pad_i (net)
                  0.02    0.00    0.10 ^ clkbuf_2_3__f_mtx_clk_pad_i/A (CLKBUF_X3)
    12   29.77    0.02    0.05    0.16 ^ clkbuf_2_3__f_mtx_clk_pad_i/Z (CLKBUF_X3)
                                         clknet_2_3__leaf_mtx_clk_pad_i (net)
                  0.02    0.00    0.16 ^ clkbuf_leaf_15_mtx_clk_pad_i/A (CLKBUF_X3)
     9   11.84    0.01    0.04    0.20 ^ clkbuf_leaf_15_mtx_clk_pad_i/Z (CLKBUF_X3)
                                         clknet_leaf_15_mtx_clk_pad_i (net)
                  0.01    0.00    0.20 ^ u_ethmac.txethmac1.MTxEn$_DFF_PP0_/CK (DFFR_X1)
     3   11.66    0.03    0.13    0.33 ^ u_ethmac.txethmac1.MTxEn$_DFF_PP0_/Q (DFFR_X1)
                                         net388 (net)
                  0.03    0.00    0.33 ^ output391/A (BUF_X1)
     1    5.73    0.02    0.04    0.37 ^ output391/Z (BUF_X1)
                                         mtxen_pad_o (net)
                  0.02    0.00    0.37 ^ mtxen_pad_o (out)
                                  0.37   data arrival time

                         40.00   40.00   clock tx_clk (rise edge)
                          0.00   40.00   clock network delay (propagated)
                         -0.10   39.90   clock uncertainty
                          0.00   39.90   clock reconvergence pessimism
                         -2.00   37.90   output external delay
                                 37.90   data required time
-----------------------------------------------------------------------------
                                 37.90   data required time
                                 -0.37   data arrival time
-----------------------------------------------------------------------------
                                 37.53   slack (MET)


Startpoint: tx_generated_activity[3]$_DFF_PP0_
            (rising edge-triggered flip-flop clocked by tx_clk_div2)
Endpoint: tx_generated_activity[15]$_DFF_PP0_
          (rising edge-triggered flip-flop clocked by tx_clk_div2)
Path Group: tx_clk_div2
Path Type: max

Fanout     Cap    Slew   Delay    Time   Description
-----------------------------------------------------------------------------
                          0.00    0.00   clock tx_clk_div2 (rise edge)
                          0.00    0.00   clock source latency
     1   19.29    0.04    0.05    0.05 ^ mtx_clk_pad_i (in)
                                         mtx_clk_pad_i (net)
                  0.04    0.00    0.05 ^ clkbuf_0_mtx_clk_pad_i/A (CLKBUF_X3)
     4   16.46    0.02    0.05    0.10 ^ clkbuf_0_mtx_clk_pad_i/Z (CLKBUF_X3)
                                         clknet_0_mtx_clk_pad_i (net)
                  0.02    0.00    0.10 ^ clkbuf_2_2__f_mtx_clk_pad_i/A (CLKBUF_X3)
    10   29.77    0.02    0.05    0.16 ^ clkbuf_2_2__f_mtx_clk_pad_i/Z (CLKBUF_X3)
                                         clknet_2_2__leaf_mtx_clk_pad_i (net)
                  0.02    0.00    0.16 ^ clkbuf_leaf_22_mtx_clk_pad_i/A (CLKBUF_X3)
     6   24.96    0.02    0.05    0.21 ^ clkbuf_leaf_22_mtx_clk_pad_i/Z (CLKBUF_X3)
                                         clknet_leaf_22_mtx_clk_pad_i (net)
                  0.02    0.00    0.22 ^ u_tx_div.clk_out$_DFF_PP0_/CK (DFFR_X1)
     2    5.04    0.02    0.12    0.33 ^ u_tx_div.clk_out$_DFF_PP0_/Q (DFFR_X1)
                                         net391 (net)
                  0.02    0.00    0.33 ^ clkbuf_regs_1_tx_clk_div2/A (CLKBUF_X3)
     1    2.46    0.01    0.03    0.36 ^ clkbuf_regs_1_tx_clk_div2/Z (CLKBUF_X3)
                                         net391_regs (net)
                  0.01    0.00    0.36 ^ clkbuf_0_net391_regs/A (CLKBUF_X3)
     2    4.36    0.01    0.03    0.39 ^ clkbuf_0_net391_regs/Z (CLKBUF_X3)
                                         clknet_0_net391_regs (net)
                  0.01    0.00    0.39 ^ clkbuf_1_1__f_net391_regs/A (CLKBUF_X3)
     8   10.74    0.01    0.04    0.43 ^ clkbuf_1_1__f_net391_regs/Z (CLKBUF_X3)
                                         clknet_1_1__leaf_net391_regs (net)
                  0.01    0.00    0.43 ^ tx_generated_activity[3]$_DFF_PP0_/CK (DFFR_X1)
     6   11.29    0.03    0.13    0.55 ^ tx_generated_activity[3]$_DFF_PP0_/Q (DFFR_X1)
                                         net240 (net)
                  0.03    0.00    0.55 ^ _59965_/A3 (NAND4_X1)
     4    6.40    0.03    0.05    0.61 v _59965_/ZN (NAND4_X1)
                                         _24340_ (net)
                  0.03    0.00    0.61 v _60186_/A1 (NOR3_X1)
     3    6.18    0.06    0.08    0.68 ^ _60186_/ZN (NOR3_X1)
                                         _24520_ (net)
                  0.06    0.00    0.68 ^ _60461_/A2 (NAND3_X1)
     1    2.63    0.02    0.03    0.72 v _60461_/ZN (NAND3_X1)
                                         _24711_ (net)
                  0.02    0.00    0.72 v _60462_/B (XNOR2_X1)
     1    1.13    0.01    0.04    0.76 v _60462_/ZN (XNOR2_X1)
                                         _00133_ (net)
                  0.01    0.00    0.76 v tx_generated_activity[15]$_DFF_PP0_/D (DFFR_X1)
                                  0.76   data arrival time

                         80.00   80.00   clock tx_clk_div2 (rise edge)
                          0.00   80.00   clock source latency
     1   19.29    0.04    0.05   80.05 ^ mtx_clk_pad_i (in)
                                         mtx_clk_pad_i (net)
                  0.04    0.00   80.05 ^ clkbuf_0_mtx_clk_pad_i/A (CLKBUF_X3)
     4   16.46    0.02    0.05   80.10 ^ clkbuf_0_mtx_clk_pad_i/Z (CLKBUF_X3)
                                         clknet_0_mtx_clk_pad_i (net)
                  0.02    0.00   80.10 ^ clkbuf_2_2__f_mtx_clk_pad_i/A (CLKBUF_X3)
    10   29.77    0.02    0.05   80.16 ^ clkbuf_2_2__f_mtx_clk_pad_i/Z (CLKBUF_X3)
                                         clknet_2_2__leaf_mtx_clk_pad_i (net)
                  0.02    0.00   80.16 ^ clkbuf_leaf_22_mtx_clk_pad_i/A (CLKBUF_X3)
     6   24.96    0.02    0.05   80.21 ^ clkbuf_leaf_22_mtx_clk_pad_i/Z (CLKBUF_X3)
                                         clknet_leaf_22_mtx_clk_pad_i (net)
                  0.02    0.00   80.22 ^ u_tx_div.clk_out$_DFF_PP0_/CK (DFFR_X1)
     2    5.04    0.02    0.12   80.33 ^ u_tx_div.clk_out$_DFF_PP0_/Q (DFFR_X1)
                                         net391 (net)
                  0.02    0.00   80.33 ^ clkbuf_regs_1_tx_clk_div2/A (CLKBUF_X3)
     1    2.46    0.01    0.03   80.36 ^ clkbuf_regs_1_tx_clk_div2/Z (CLKBUF_X3)
                                         net391_regs (net)
                  0.01    0.00   80.36 ^ clkbuf_0_net391_regs/A (CLKBUF_X3)
     2    4.36    0.01    0.03   80.39 ^ clkbuf_0_net391_regs/Z (CLKBUF_X3)
                                         clknet_0_net391_regs (net)
                  0.01    0.00   80.39 ^ clkbuf_1_1__f_net391_regs/A (CLKBUF_X3)
     8   10.74    0.01    0.04   80.43 ^ clkbuf_1_1__f_net391_regs/Z (CLKBUF_X3)
                                         clknet_1_1__leaf_net391_regs (net)
                  0.01    0.00   80.43 ^ tx_generated_activity[15]$_DFF_PP0_/CK (DFFR_X1)
                         -0.10   80.33   clock uncertainty
                          0.00   80.33   clock reconvergence pessimism
                         -0.04   80.29   library setup time
                                 80.29   data required time
-----------------------------------------------------------------------------
                                 80.29   data required time
                                 -0.76   data arrival time
-----------------------------------------------------------------------------
                                 79.53   slack (MET)


Startpoint: wb_generated_activity[6]$_DFF_PP0_
            (rising edge-triggered flip-flop clocked by wb_clk_div2)
Endpoint: generated_activity_o[6] (output port clocked by wb_clk)
Path Group: wb_clk
Path Type: max

Fanout     Cap    Slew   Delay    Time   Description
-----------------------------------------------------------------------------
                          0.00    0.00   clock wb_clk_div2 (rise edge)
                          0.00    0.00   clock source latency
     1   37.16    0.08    0.10    0.10 ^ wb_clk_i (in)
                                         wb_clk_i (net)
                  0.08    0.00    0.10 ^ clkbuf_0_wb_clk_i/A (CLKBUF_X3)
     4   33.37    0.03    0.08    0.17 ^ clkbuf_0_wb_clk_i/Z (CLKBUF_X3)
                                         clknet_0_wb_clk_i (net)
                  0.03    0.00    0.18 ^ clkbuf_2_3_0_wb_clk_i/A (CLKBUF_X3)
     4   25.87    0.02    0.05    0.23 ^ clkbuf_2_3_0_wb_clk_i/Z (CLKBUF_X3)
                                         clknet_2_3_0_wb_clk_i (net)
                  0.02    0.00    0.23 ^ clkbuf_4_13_0_wb_clk_i/A (CLKBUF_X3)
     8   33.29    0.03    0.06    0.29 ^ clkbuf_4_13_0_wb_clk_i/Z (CLKBUF_X3)
                                         clknet_4_13_0_wb_clk_i (net)
                  0.03    0.00    0.30 ^ clkbuf_7_106__f_wb_clk_i/A (CLKBUF_X3)
    14   33.10    0.03    0.06    0.36 ^ clkbuf_7_106__f_wb_clk_i/Z (CLKBUF_X3)
                                         clknet_7_106__leaf_wb_clk_i (net)
                  0.03    0.00    0.36 ^ clkbuf_leaf_888_wb_clk_i/A (CLKBUF_X3)
     4   11.62    0.01    0.04    0.40 ^ clkbuf_leaf_888_wb_clk_i/Z (CLKBUF_X3)
                                         clknet_leaf_888_wb_clk_i (net)
                  0.01    0.00    0.40 ^ u_wb_div.clk_out$_DFF_PP0_/CK (DFFR_X1)
     2    4.25    0.01    0.11    0.51 ^ u_wb_div.clk_out$_DFF_PP0_/Q (DFFR_X1)
                                         net393 (net)
                  0.01    0.00    0.51 ^ clkbuf_regs_0_wb_clk_div2/A (CLKBUF_X3)
     1    1.45    0.01    0.03    0.54 ^ clkbuf_regs_0_wb_clk_div2/Z (CLKBUF_X3)
                                         net393_regs (net)
                  0.01    0.00    0.54 ^ clkbuf_0_net393_regs/A (CLKBUF_X3)
     2    4.20    0.01    0.03    0.57 ^ clkbuf_0_net393_regs/Z (CLKBUF_X3)
                                         clknet_0_net393_regs (net)
                  0.01    0.00    0.57 ^ clkbuf_1_1__f_net393_regs/A (CLKBUF_X3)
     8    9.51    0.01    0.03    0.61 ^ clkbuf_1_1__f_net393_regs/Z (CLKBUF_X3)
                                         clknet_1_1__leaf_net393_regs (net)
                  0.01    0.00    0.61 ^ wb_generated_activity[6]$_DFF_PP0_/CK (DFFR_X1)
     6   11.43    0.03    0.13    0.73 ^ wb_generated_activity[6]$_DFF_PP0_/Q (DFFR_X1)
                                         net296 (net)
                  0.03    0.00    0.73 ^ output297/A (BUF_X1)
     1    0.61    0.01    0.02    0.76 ^ output297/Z (BUF_X1)
                                         generated_activity_o[6] (net)
                  0.01    0.00    0.76 ^ generated_activity_o[6] (out)
                                  0.76   data arrival time

                        220.00  220.00   clock wb_clk (rise edge)
                          0.00  220.00   clock network delay (propagated)
                         -0.10  219.90   clock uncertainty
                          0.00  219.90   clock reconvergence pessimism
                         -2.00  217.90   output external delay
                                217.90   data required time
-----------------------------------------------------------------------------
                                217.90   data required time
                                 -0.76   data arrival time
-----------------------------------------------------------------------------
                                217.14   slack (MET)


Startpoint: wb_generated_activity[2]$_DFF_PP0_
            (rising edge-triggered flip-flop clocked by wb_clk_div2)
Endpoint: wb_generated_activity[13]$_DFF_PP0_
          (rising edge-triggered flip-flop clocked by wb_clk_div2)
Path Group: wb_clk_div2
Path Type: max

Fanout     Cap    Slew   Delay    Time   Description
-----------------------------------------------------------------------------
                          0.00    0.00   clock wb_clk_div2 (rise edge)
                          0.00    0.00   clock source latency
     1   37.16    0.08    0.10    0.10 ^ wb_clk_i (in)
                                         wb_clk_i (net)
                  0.08    0.00    0.10 ^ clkbuf_0_wb_clk_i/A (CLKBUF_X3)
     4   33.37    0.03    0.08    0.17 ^ clkbuf_0_wb_clk_i/Z (CLKBUF_X3)
                                         clknet_0_wb_clk_i (net)
                  0.03    0.00    0.18 ^ clkbuf_2_3_0_wb_clk_i/A (CLKBUF_X3)
     4   25.87    0.02    0.05    0.23 ^ clkbuf_2_3_0_wb_clk_i/Z (CLKBUF_X3)
                                         clknet_2_3_0_wb_clk_i (net)
                  0.02    0.00    0.23 ^ clkbuf_4_13_0_wb_clk_i/A (CLKBUF_X3)
     8   33.29    0.03    0.06    0.29 ^ clkbuf_4_13_0_wb_clk_i/Z (CLKBUF_X3)
                                         clknet_4_13_0_wb_clk_i (net)
                  0.03    0.00    0.30 ^ clkbuf_7_106__f_wb_clk_i/A (CLKBUF_X3)
    14   33.10    0.03    0.06    0.36 ^ clkbuf_7_106__f_wb_clk_i/Z (CLKBUF_X3)
                                         clknet_7_106__leaf_wb_clk_i (net)
                  0.03    0.00    0.36 ^ clkbuf_leaf_888_wb_clk_i/A (CLKBUF_X3)
     4   11.62    0.01    0.04    0.40 ^ clkbuf_leaf_888_wb_clk_i/Z (CLKBUF_X3)
                                         clknet_leaf_888_wb_clk_i (net)
                  0.01    0.00    0.40 ^ u_wb_div.clk_out$_DFF_PP0_/CK (DFFR_X1)
     2    4.25    0.01    0.11    0.51 ^ u_wb_div.clk_out$_DFF_PP0_/Q (DFFR_X1)
                                         net393 (net)
                  0.01    0.00    0.51 ^ clkbuf_regs_0_wb_clk_div2/A (CLKBUF_X3)
     1    1.45    0.01    0.03    0.54 ^ clkbuf_regs_0_wb_clk_div2/Z (CLKBUF_X3)
                                         net393_regs (net)
                  0.01    0.00    0.54 ^ clkbuf_0_net393_regs/A (CLKBUF_X3)
     2    4.20    0.01    0.03    0.57 ^ clkbuf_0_net393_regs/Z (CLKBUF_X3)
                                         clknet_0_net393_regs (net)
                  0.01    0.00    0.57 ^ clkbuf_1_0__f_net393_regs/A (CLKBUF_X3)
     8    9.83    0.01    0.03    0.61 ^ clkbuf_1_0__f_net393_regs/Z (CLKBUF_X3)
                                         clknet_1_0__leaf_net393_regs (net)
                  0.01    0.00    0.61 ^ wb_generated_activity[2]$_DFF_PP0_/CK (DFFR_X1)
     5    9.42    0.02    0.12    0.73 ^ wb_generated_activity[2]$_DFF_PP0_/Q (DFFR_X1)
                                         net252 (net)
                  0.02    0.00    0.73 ^ _59994_/A2 (AND3_X1)
     2    2.96    0.01    0.05    0.78 ^ _59994_/ZN (AND3_X1)
                                         _24362_ (net)
                  0.01    0.00    0.78 ^ _59998_/A3 (AND3_X1)
     2    4.21    0.02    0.05    0.83 ^ _59998_/ZN (AND3_X1)
                                         _24365_ (net)
                  0.02    0.00    0.83 ^ _59999_/A2 (AND2_X1)
     3    7.30    0.02    0.05    0.88 ^ _59999_/ZN (AND2_X1)
                                         _24366_ (net)
                  0.02    0.00    0.88 ^ _60006_/A (INV_X1)
     1    1.80    0.01    0.01    0.89 v _60006_/ZN (INV_X1)
                                         _24371_ (net)
                  0.01    0.00    0.89 v _60008_/A1 (NOR2_X1)
     3    5.89    0.03    0.04    0.93 ^ _60008_/ZN (NOR2_X1)
                                         _24373_ (net)
                  0.03    0.00    0.93 ^ _60014_/A4 (NAND4_X1)
     1    2.69    0.02    0.04    0.97 v _60014_/ZN (NAND4_X1)
                                         _24377_ (net)
                  0.02    0.00    0.97 v _60015_/B (XNOR2_X1)
     1    1.68    0.01    0.04    1.01 v _60015_/ZN (XNOR2_X1)
                                         _00145_ (net)
                  0.01    0.00    1.01 v wb_generated_activity[13]$_DFF_PP0_/D (DFFR_X1)
                                  1.01   data arrival time

                        440.00  440.00   clock wb_clk_div2 (rise edge)
                          0.00  440.00   clock source latency
     1   37.16    0.08    0.10  440.10 ^ wb_clk_i (in)
                                         wb_clk_i (net)
                  0.08    0.00  440.10 ^ clkbuf_0_wb_clk_i/A (CLKBUF_X3)
     4   33.37    0.03    0.08  440.17 ^ clkbuf_0_wb_clk_i/Z (CLKBUF_X3)
                                         clknet_0_wb_clk_i (net)
                  0.03    0.00  440.18 ^ clkbuf_2_3_0_wb_clk_i/A (CLKBUF_X3)
     4   25.87    0.02    0.05  440.23 ^ clkbuf_2_3_0_wb_clk_i/Z (CLKBUF_X3)
                                         clknet_2_3_0_wb_clk_i (net)
                  0.02    0.00  440.23 ^ clkbuf_4_13_0_wb_clk_i/A (CLKBUF_X3)
     8   33.29    0.03    0.06  440.29 ^ clkbuf_4_13_0_wb_clk_i/Z (CLKBUF_X3)
                                         clknet_4_13_0_wb_clk_i (net)
                  0.03    0.00  440.30 ^ clkbuf_7_106__f_wb_clk_i/A (CLKBUF_X3)
    14   33.10    0.03    0.06  440.36 ^ clkbuf_7_106__f_wb_clk_i/Z (CLKBUF_X3)
                                         clknet_7_106__leaf_wb_clk_i (net)
                  0.03    0.00  440.36 ^ clkbuf_leaf_888_wb_clk_i/A (CLKBUF_X3)
     4   11.62    0.01    0.04  440.40 ^ clkbuf_leaf_888_wb_clk_i/Z (CLKBUF_X3)
                                         clknet_leaf_888_wb_clk_i (net)
                  0.01    0.00  440.40 ^ u_wb_div.clk_out$_DFF_PP0_/CK (DFFR_X1)
     2    4.25    0.01    0.11  440.51 ^ u_wb_div.clk_out$_DFF_PP0_/Q (DFFR_X1)
                                         net393 (net)
                  0.01    0.00  440.51 ^ clkbuf_regs_0_wb_clk_div2/A (CLKBUF_X3)
     1    1.45    0.01    0.03  440.54 ^ clkbuf_regs_0_wb_clk_div2/Z (CLKBUF_X3)
                                         net393_regs (net)
                  0.01    0.00  440.54 ^ clkbuf_0_net393_regs/A (CLKBUF_X3)
     2    4.20    0.01    0.03  440.57 ^ clkbuf_0_net393_regs/Z (CLKBUF_X3)
                                         clknet_0_net393_regs (net)
                  0.01    0.00  440.57 ^ clkbuf_1_1__f_net393_regs/A (CLKBUF_X3)
     8    9.51    0.01    0.03  440.61 ^ clkbuf_1_1__f_net393_regs/Z (CLKBUF_X3)
                                         clknet_1_1__leaf_net393_regs (net)
                  0.01    0.00  440.61 ^ wb_generated_activity[13]$_DFF_PP0_/CK (DFFR_X1)
                         -0.10  440.51   clock uncertainty
                          0.00  440.51   clock reconvergence pessimism
                         -0.04  440.47   library setup time
                                440.47   data required time
-----------------------------------------------------------------------------
                                440.47   data required time
                                 -1.01   data arrival time
-----------------------------------------------------------------------------
                                439.45   slack (MET)



==========================================================================
finish report_checks -unconstrained
--------------------------------------------------------------------------
Startpoint: u_aux0.state[18]$_DFF_PP0_
            (rising edge-triggered flip-flop clocked by aux0_clk)
Endpoint: aux0_digest_o[18] (output port clocked by aux0_clk)
Path Group: aux0_clk
Path Type: max

Fanout     Cap    Slew   Delay    Time   Description
-----------------------------------------------------------------------------
                          0.00    0.00   clock aux0_clk (rise edge)
                          0.00    0.00   clock source latency
     1   48.07    0.10    0.13    0.13 ^ aux0_clk_i (in)
                                         aux0_clk_i (net)
                  0.11    0.00    0.13 ^ clkbuf_0_aux0_clk_i/A (CLKBUF_X3)
     8   45.96    0.04    0.09    0.22 ^ clkbuf_0_aux0_clk_i/Z (CLKBUF_X3)
                                         clknet_0_aux0_clk_i (net)
                  0.04    0.00    0.22 ^ clkbuf_3_6_0_aux0_clk_i/A (CLKBUF_X3)
     4   15.96    0.02    0.05    0.27 ^ clkbuf_3_6_0_aux0_clk_i/Z (CLKBUF_X3)
                                         clknet_3_6_0_aux0_clk_i (net)
                  0.02    0.00    0.27 ^ clkbuf_5_26__f_aux0_clk_i/A (CLKBUF_X3)
    19   43.98    0.03    0.06    0.34 ^ clkbuf_5_26__f_aux0_clk_i/Z (CLKBUF_X3)
                                         clknet_5_26__leaf_aux0_clk_i (net)
                  0.03    0.00    0.34 ^ clkbuf_leaf_161_aux0_clk_i/A (CLKBUF_X3)
     8   13.48    0.01    0.05    0.39 ^ clkbuf_leaf_161_aux0_clk_i/Z (CLKBUF_X3)
                                         clknet_leaf_161_aux0_clk_i (net)
                  0.01    0.00    0.39 ^ u_aux0.state[18]$_DFF_PP0_/CK (DFFR_X1)
     2    5.03    0.02    0.11    0.50 ^ u_aux0.state[18]$_DFF_PP0_/Q (DFFR_X1)
                                         u_aux0.state[18] (net)
                  0.02    0.00    0.50 ^ _59384_/B (XOR2_X1)
     1    2.01    0.02    0.05    0.55 ^ _59384_/Z (XOR2_X1)
                                         net172 (net)
                  0.02    0.00    0.55 ^ output173/A (BUF_X1)
     1    2.36    0.01    0.03    0.58 ^ output173/Z (BUF_X1)
                                         aux0_digest_o[18] (net)
                  0.01    0.00    0.58 ^ aux0_digest_o[18] (out)
                                  0.58   data arrival time

                          0.45    0.45   clock aux0_clk (rise edge)
                          0.00    0.45   clock network delay (propagated)
                         -0.10    0.35   clock uncertainty
                          0.00    0.35   clock reconvergence pessimism
                         -0.20    0.15   output external delay
                                  0.15   data required time
-----------------------------------------------------------------------------
                                  0.15   data required time
                                 -0.58   data arrival time
-----------------------------------------------------------------------------
                                 -0.43   slack (VIOLATED)


Startpoint: aux0_generated_activity[6]$_DFF_PP0_
            (rising edge-triggered flip-flop clocked by aux0_clk_div2)
Endpoint: aux0_generated_activity[13]$_DFF_PP0_
          (rising edge-triggered flip-flop clocked by aux0_clk_div2)
Path Group: aux0_clk_div2
Path Type: max

Fanout     Cap    Slew   Delay    Time   Description
-----------------------------------------------------------------------------
                          0.00    0.00   clock aux0_clk_div2 (rise edge)
                          0.00    0.00   clock source latency
     1   48.07    0.10    0.13    0.13 ^ aux0_clk_i (in)
                                         aux0_clk_i (net)
                  0.11    0.00    0.13 ^ clkbuf_0_aux0_clk_i/A (CLKBUF_X3)
     8   45.96    0.04    0.09    0.22 ^ clkbuf_0_aux0_clk_i/Z (CLKBUF_X3)
                                         clknet_0_aux0_clk_i (net)
                  0.04    0.00    0.22 ^ clkbuf_3_7_0_aux0_clk_i/A (CLKBUF_X3)
     4   15.67    0.02    0.05    0.27 ^ clkbuf_3_7_0_aux0_clk_i/Z (CLKBUF_X3)
                                         clknet_3_7_0_aux0_clk_i (net)
                  0.02    0.00    0.27 ^ clkbuf_5_29__f_aux0_clk_i/A (CLKBUF_X3)
    15   51.28    0.04    0.07    0.34 ^ clkbuf_5_29__f_aux0_clk_i/Z (CLKBUF_X3)
                                         clknet_5_29__leaf_aux0_clk_i (net)
                  0.04    0.00    0.35 ^ clkbuf_leaf_305_aux0_clk_i/A (CLKBUF_X3)
     4   30.17    0.03    0.06    0.41 ^ clkbuf_leaf_305_aux0_clk_i/Z (CLKBUF_X3)
                                         clknet_leaf_305_aux0_clk_i (net)
                  0.03    0.01    0.41 ^ u_aux0_div.clk_out$_DFF_PP0_/CK (DFFR_X1)
     2    3.51    0.01    0.11    0.53 ^ u_aux0_div.clk_out$_DFF_PP0_/Q (DFFR_X1)
                                         net162 (net)
                  0.01    0.00    0.53 ^ clkbuf_regs_3_aux0_clk_div2/A (CLKBUF_X3)
     1    1.84    0.01    0.03    0.56 ^ clkbuf_regs_3_aux0_clk_div2/Z (CLKBUF_X3)
                                         net162_regs (net)
                  0.01    0.00    0.56 ^ clkbuf_0_net162_regs/A (CLKBUF_X3)
     2    4.49    0.01    0.03    0.58 ^ clkbuf_0_net162_regs/Z (CLKBUF_X3)
                                         clknet_0_net162_regs (net)
                  0.01    0.00    0.58 ^ clkbuf_1_0__f_net162_regs/A (CLKBUF_X3)
     8   10.61    0.01    0.04    0.62 ^ clkbuf_1_0__f_net162_regs/Z (CLKBUF_X3)
                                         clknet_1_0__leaf_net162_regs (net)
                  0.01    0.00    0.62 ^ aux0_generated_activity[6]$_DFF_PP0_/CK (DFFR_X1)
     6   11.59    0.03    0.13    0.75 ^ aux0_generated_activity[6]$_DFF_PP0_/Q (DFFR_X1)
                                         net279 (net)
                  0.03    0.00    0.75 ^ _60106_/A4 (NAND4_X1)
     2    3.33    0.02    0.04    0.79 v _60106_/ZN (NAND4_X1)
                                         _24455_ (net)
                  0.02    0.00    0.79 v _60174_/A3 (NOR3_X1)
     3    6.55    0.06    0.09    0.88 ^ _60174_/ZN (NOR3_X1)
                                         _24513_ (net)
                  0.06    0.00    0.88 ^ _61708_/A4 (NAND4_X1)
     1    2.63    0.02    0.04    0.92 v _61708_/ZN (NAND4_X1)
                                         _25837_ (net)
                  0.02    0.00    0.92 v _61709_/B (XNOR2_X1)
     1    1.35    0.01    0.04    0.96 v _61709_/ZN (XNOR2_X1)
                                         _00103_ (net)
                  0.01    0.00    0.96 v aux0_generated_activity[13]$_DFF_PP0_/D (DFFR_X1)
                                  0.96   data arrival time

                          0.90    0.90   clock aux0_clk_div2 (rise edge)
                          0.00    0.90   clock source latency
     1   48.07    0.10    0.13    1.03 ^ aux0_clk_i (in)
                                         aux0_clk_i (net)
                  0.11    0.00    1.03 ^ clkbuf_0_aux0_clk_i/A (CLKBUF_X3)
     8   45.96    0.04    0.09    1.12 ^ clkbuf_0_aux0_clk_i/Z (CLKBUF_X3)
                                         clknet_0_aux0_clk_i (net)
                  0.04    0.00    1.12 ^ clkbuf_3_7_0_aux0_clk_i/A (CLKBUF_X3)
     4   15.67    0.02    0.05    1.17 ^ clkbuf_3_7_0_aux0_clk_i/Z (CLKBUF_X3)
                                         clknet_3_7_0_aux0_clk_i (net)
                  0.02    0.00    1.17 ^ clkbuf_5_29__f_aux0_clk_i/A (CLKBUF_X3)
    15   51.28    0.04    0.07    1.24 ^ clkbuf_5_29__f_aux0_clk_i/Z (CLKBUF_X3)
                                         clknet_5_29__leaf_aux0_clk_i (net)
                  0.04    0.00    1.25 ^ clkbuf_leaf_305_aux0_clk_i/A (CLKBUF_X3)
     4   30.17    0.03    0.06    1.31 ^ clkbuf_leaf_305_aux0_clk_i/Z (CLKBUF_X3)
                                         clknet_leaf_305_aux0_clk_i (net)
                  0.03    0.01    1.31 ^ u_aux0_div.clk_out$_DFF_PP0_/CK (DFFR_X1)
     2    3.51    0.01    0.11    1.43 ^ u_aux0_div.clk_out$_DFF_PP0_/Q (DFFR_X1)
                                         net162 (net)
                  0.01    0.00    1.43 ^ clkbuf_regs_3_aux0_clk_div2/A (CLKBUF_X3)
     1    1.84    0.01    0.03    1.46 ^ clkbuf_regs_3_aux0_clk_div2/Z (CLKBUF_X3)
                                         net162_regs (net)
                  0.01    0.00    1.46 ^ clkbuf_0_net162_regs/A (CLKBUF_X3)
     2    4.49    0.01    0.03    1.48 ^ clkbuf_0_net162_regs/Z (CLKBUF_X3)
                                         clknet_0_net162_regs (net)
                  0.01    0.00    1.48 ^ clkbuf_1_1__f_net162_regs/A (CLKBUF_X3)
     9   12.12    0.01    0.04    1.52 ^ clkbuf_1_1__f_net162_regs/Z (CLKBUF_X3)
                                         clknet_1_1__leaf_net162_regs (net)
                  0.01    0.00    1.52 ^ aux0_generated_activity[13]$_DFF_PP0_/CK (DFFR_X1)
                         -0.10    1.42   clock uncertainty
                          0.00    1.42   clock reconvergence pessimism
                         -0.04    1.38   library setup time
                                  1.38   data required time
-----------------------------------------------------------------------------
                                  1.38   data required time
                                 -0.96   data arrival time
-----------------------------------------------------------------------------
                                  0.42   slack (MET)


Startpoint: u_aux1.state[18]$_DFF_PP0_
            (rising edge-triggered flip-flop clocked by aux1_clk)
Endpoint: aux1_digest_o[18] (output port clocked by aux1_clk)
Path Group: aux1_clk
Path Type: max

Fanout     Cap    Slew   Delay    Time   Description
-----------------------------------------------------------------------------
                          0.00    0.00   clock aux1_clk (rise edge)
                          0.00    0.00   clock source latency
     1   33.81    0.07    0.09    0.09 ^ aux1_clk_i (in)
                                         aux1_clk_i (net)
                  0.08    0.00    0.09 ^ clkbuf_0_aux1_clk_i/A (CLKBUF_X3)
     4   36.75    0.03    0.08    0.17 ^ clkbuf_0_aux1_clk_i/Z (CLKBUF_X3)
                                         clknet_0_aux1_clk_i (net)
                  0.03    0.00    0.17 ^ clkbuf_2_2_0_aux1_clk_i/A (CLKBUF_X3)
     8   37.87    0.03    0.07    0.24 ^ clkbuf_2_2_0_aux1_clk_i/Z (CLKBUF_X3)
                                         clknet_2_2_0_aux1_clk_i (net)
                  0.03    0.00    0.24 ^ clkbuf_5_19__f_aux1_clk_i/A (CLKBUF_X3)
    15   44.85    0.04    0.07    0.31 ^ clkbuf_5_19__f_aux1_clk_i/Z (CLKBUF_X3)
                                         clknet_5_19__leaf_aux1_clk_i (net)
                  0.04    0.00    0.31 ^ clkbuf_leaf_394_aux1_clk_i/A (CLKBUF_X3)
     9   12.08    0.01    0.05    0.36 ^ clkbuf_leaf_394_aux1_clk_i/Z (CLKBUF_X3)
                                         clknet_leaf_394_aux1_clk_i (net)
                  0.01    0.00    0.36 ^ u_aux1.state[18]$_DFF_PP0_/CK (DFFR_X1)
     2    6.17    0.02    0.12    0.47 ^ u_aux1.state[18]$_DFF_PP0_/Q (DFFR_X1)
                                         u_aux1.state[18] (net)
                  0.02    0.00    0.47 ^ _61646_/B (XOR2_X2)
     1   15.48    0.05    0.08    0.55 ^ _61646_/Z (XOR2_X2)
                                         net205 (net)
                  0.05    0.00    0.55 ^ place1987/A (BUF_X4)
     1    9.21    0.01    0.03    0.58 ^ place1987/Z (BUF_X4)
                                         net1984 (net)
                  0.01    0.00    0.59 ^ output206/A (BUF_X4)
     1    0.72    0.00    0.02    0.60 ^ output206/Z (BUF_X4)
                                         aux1_digest_o[18] (net)
                  0.00    0.00    0.60 ^ aux1_digest_o[18] (out)
                                  0.60   data arrival time

                          0.56    0.56   clock aux1_clk (rise edge)
                          0.00    0.56   clock network delay (propagated)
                         -0.10    0.46   clock uncertainty
                          0.00    0.46   clock reconvergence pessimism
                         -0.20    0.26   output external delay
                                  0.26   data required time
-----------------------------------------------------------------------------
                                  0.26   data required time
                                 -0.60   data arrival time
-----------------------------------------------------------------------------
                                 -0.34   slack (VIOLATED)


Startpoint: aux1_generated_activity[1]$_DFF_PP0_
            (rising edge-triggered flip-flop clocked by aux1_clk_div2)
Endpoint: aux1_generated_activity[14]$_DFF_PP0_
          (rising edge-triggered flip-flop clocked by aux1_clk_div2)
Path Group: aux1_clk_div2
Path Type: max

Fanout     Cap    Slew   Delay    Time   Description
-----------------------------------------------------------------------------
                          0.00    0.00   clock aux1_clk_div2 (rise edge)
                          0.00    0.00   clock source latency
     1   33.81    0.07    0.09    0.09 ^ aux1_clk_i (in)
                                         aux1_clk_i (net)
                  0.08    0.00    0.09 ^ clkbuf_0_aux1_clk_i/A (CLKBUF_X3)
     4   36.75    0.03    0.08    0.17 ^ clkbuf_0_aux1_clk_i/Z (CLKBUF_X3)
                                         clknet_0_aux1_clk_i (net)
                  0.03    0.00    0.17 ^ clkbuf_2_3_0_aux1_clk_i/A (CLKBUF_X3)
     8   33.37    0.03    0.06    0.23 ^ clkbuf_2_3_0_aux1_clk_i/Z (CLKBUF_X3)
                                         clknet_2_3_0_aux1_clk_i (net)
                  0.03    0.00    0.24 ^ clkbuf_5_31__f_aux1_clk_i/A (CLKBUF_X3)
    16   47.26    0.04    0.07    0.31 ^ clkbuf_5_31__f_aux1_clk_i/Z (CLKBUF_X3)
                                         clknet_5_31__leaf_aux1_clk_i (net)
                  0.04    0.00    0.31 ^ clkbuf_leaf_423_aux1_clk_i/A (CLKBUF_X3)
     2   18.40    0.02    0.05    0.37 ^ clkbuf_leaf_423_aux1_clk_i/Z (CLKBUF_X3)
                                         clknet_leaf_423_aux1_clk_i (net)
                  0.02    0.00    0.37 ^ u_aux1_div.clk_out$_DFF_PP0_/CK (DFFR_X1)
     2    4.57    0.02    0.11    0.48 ^ u_aux1_div.clk_out$_DFF_PP0_/Q (DFFR_X1)
                                         net195 (net)
                  0.02    0.00    0.48 ^ clkbuf_regs_4_aux1_clk_div2/A (CLKBUF_X3)
     1    1.56    0.01    0.03    0.51 ^ clkbuf_regs_4_aux1_clk_div2/Z (CLKBUF_X3)
                                         net195_regs (net)
                  0.01    0.00    0.51 ^ clkbuf_0_net195_regs/A (CLKBUF_X3)
     2    3.85    0.01    0.03    0.54 ^ clkbuf_0_net195_regs/Z (CLKBUF_X3)
                                         clknet_0_net195_regs (net)
                  0.01    0.00    0.54 ^ clkbuf_1_0__f_net195_regs/A (CLKBUF_X3)
     8   11.03    0.01    0.04    0.58 ^ clkbuf_1_0__f_net195_regs/Z (CLKBUF_X3)
                                         clknet_1_0__leaf_net195_regs (net)
                  0.01    0.00    0.58 ^ aux1_generated_activity[1]$_DFF_PP0_/CK (DFFR_X1)
     4    8.45    0.02    0.12    0.70 ^ aux1_generated_activity[1]$_DFF_PP0_/Q (DFFR_X1)
                                         net291 (net)
                  0.02    0.00    0.70 ^ _73856_/B (HA_X1)
     2    4.69    0.01    0.04    0.74 ^ _73856_/CO (HA_X1)
                                         _00638_ (net)
                  0.01    0.00    0.74 ^ _59960_/A1 (NAND3_X1)
     3    5.95    0.02    0.03    0.77 v _59960_/ZN (NAND3_X1)
                                         _24336_ (net)
                  0.02    0.00    0.77 v _59985_/A1 (NOR2_X1)
     2    3.77    0.03    0.04    0.81 ^ _59985_/ZN (NOR2_X1)
                                         _24356_ (net)
                  0.03    0.00    0.81 ^ _60081_/A4 (NAND4_X1)
     2    4.44    0.02    0.04    0.85 v _60081_/ZN (NAND4_X1)
                                         _24434_ (net)
                  0.02    0.00    0.85 v _60082_/A (INV_X1)
     2    2.86    0.01    0.02    0.88 ^ _60082_/ZN (INV_X1)
                                         _24435_ (net)
                  0.01    0.00    0.88 ^ _61710_/A1 (AND2_X1)
     1    2.54    0.01    0.03    0.91 ^ _61710_/ZN (AND2_X1)
                                         _25838_ (net)
                  0.01    0.00    0.91 ^ _61711_/B (XOR2_X1)
     1    1.22    0.02    0.04    0.95 ^ _61711_/Z (XOR2_X1)
                                         _00090_ (net)
                  0.02    0.00    0.95 ^ aux1_generated_activity[14]$_DFF_PP0_/D (DFFR_X1)
                                  0.95   data arrival time

                          1.12    1.12   clock aux1_clk_div2 (rise edge)
                          0.00    1.12   clock source latency
     1   33.81    0.07    0.09    1.21 ^ aux1_clk_i (in)
                                         aux1_clk_i (net)
                  0.08    0.00    1.21 ^ clkbuf_0_aux1_clk_i/A (CLKBUF_X3)
     4   36.75    0.03    0.08    1.29 ^ clkbuf_0_aux1_clk_i/Z (CLKBUF_X3)
                                         clknet_0_aux1_clk_i (net)
                  0.03    0.00    1.30 ^ clkbuf_2_3_0_aux1_clk_i/A (CLKBUF_X3)
     8   33.37    0.03    0.06    1.36 ^ clkbuf_2_3_0_aux1_clk_i/Z (CLKBUF_X3)
                                         clknet_2_3_0_aux1_clk_i (net)
                  0.03    0.00    1.36 ^ clkbuf_5_31__f_aux1_clk_i/A (CLKBUF_X3)
    16   47.26    0.04    0.07    1.43 ^ clkbuf_5_31__f_aux1_clk_i/Z (CLKBUF_X3)
                                         clknet_5_31__leaf_aux1_clk_i (net)
                  0.04    0.00    1.44 ^ clkbuf_leaf_423_aux1_clk_i/A (CLKBUF_X3)
     2   18.40    0.02    0.05    1.49 ^ clkbuf_leaf_423_aux1_clk_i/Z (CLKBUF_X3)
                                         clknet_leaf_423_aux1_clk_i (net)
                  0.02    0.00    1.49 ^ u_aux1_div.clk_out$_DFF_PP0_/CK (DFFR_X1)
     2    4.57    0.02    0.11    1.61 ^ u_aux1_div.clk_out$_DFF_PP0_/Q (DFFR_X1)
                                         net195 (net)
                  0.02    0.00    1.61 ^ clkbuf_regs_4_aux1_clk_div2/A (CLKBUF_X3)
     1    1.56    0.01    0.03    1.64 ^ clkbuf_regs_4_aux1_clk_div2/Z (CLKBUF_X3)
                                         net195_regs (net)
                  0.01    0.00    1.64 ^ clkbuf_0_net195_regs/A (CLKBUF_X3)
     2    3.85    0.01    0.03    1.67 ^ clkbuf_0_net195_regs/Z (CLKBUF_X3)
                                         clknet_0_net195_regs (net)
                  0.01    0.00    1.67 ^ clkbuf_1_1__f_net195_regs/A (CLKBUF_X3)
     9   12.04    0.01    0.04    1.70 ^ clkbuf_1_1__f_net195_regs/Z (CLKBUF_X3)
                                         clknet_1_1__leaf_net195_regs (net)
                  0.01    0.00    1.70 ^ aux1_generated_activity[14]$_DFF_PP0_/CK (DFFR_X1)
                         -0.10    1.60   clock uncertainty
                          0.00    1.60   clock reconvergence pessimism
                         -0.03    1.57   library setup time
                                  1.57   data required time
-----------------------------------------------------------------------------
                                  1.57   data required time
                                 -0.95   data arrival time
-----------------------------------------------------------------------------
                                  0.61   slack (MET)


Startpoint: mrxdv_pad_i (input port clocked by rx_clk)
Endpoint: u_ethmac.rxethmac1.rxcounters1.ByteCnt[8]$_DFFE_PP0P_
          (rising edge-triggered flip-flop clocked by rx_clk)
Path Group: rx_clk
Path Type: max

Fanout     Cap    Slew   Delay    Time   Description
-----------------------------------------------------------------------------
                          0.00    0.00   clock rx_clk (rise edge)
                          0.00    0.00   clock network delay (propagated)
                          2.00    2.00 ^ input external delay
     1    5.36    0.01    0.01    2.01 ^ mrxdv_pad_i (in)
                                         mrxdv_pad_i (net)
                  0.01    0.00    2.01 ^ input111/A (BUF_X1)
     2    8.12    0.02    0.04    2.05 ^ input111/Z (BUF_X1)
                                         net110 (net)
                  0.02    0.00    2.05 ^ _50929_/A2 (NAND2_X1)
     3    6.82    0.02    0.03    2.08 v _50929_/ZN (NAND2_X1)
                                         _16273_ (net)
                  0.02    0.00    2.08 v _50949_/A2 (NOR2_X1)
     1    1.76    0.02    0.03    2.11 ^ _50949_/ZN (NOR2_X1)
                                         _16291_ (net)
                  0.02    0.00    2.11 ^ _50950_/A (AOI21_X1)
    10   19.16    0.04    0.04    2.15 v _50950_/ZN (AOI21_X1)
                                         _16292_ (net)
                  0.04    0.00    2.15 v _51024_/A (AOI21_X1)
     6   12.34    0.07    0.11    2.26 ^ _51024_/ZN (AOI21_X1)
                                         _16361_ (net)
                  0.07    0.00    2.26 ^ _51031_/A2 (AND2_X1)
     3    5.85    0.02    0.05    2.32 ^ _51031_/ZN (AND2_X1)
                                         _16366_ (net)
                  0.02    0.00    2.32 ^ _51046_/A4 (AND4_X1)
     5   11.55    0.03    0.09    2.40 ^ _51046_/ZN (AND4_X1)
                                         _16377_ (net)
                  0.03    0.00    2.40 ^ _51054_/A3 (NAND3_X1)
     1    2.71    0.02    0.03    2.43 v _51054_/ZN (NAND3_X1)
                                         _16383_ (net)
                  0.02    0.00    2.43 v _51055_/B (XOR2_X1)
     1    2.06    0.01    0.06    2.49 v _51055_/Z (XOR2_X1)
                                         _16384_ (net)
                  0.01    0.00    2.49 v _51056_/A2 (NOR2_X1)
     1    1.33    0.02    0.03    2.52 ^ _51056_/ZN (NOR2_X1)
                                         _06100_ (net)
                  0.02    0.00    2.52 ^ u_ethmac.rxethmac1.rxcounters1.ByteCnt[8]$_DFFE_PP0P_/D (DFFR_X1)
                                  2.52   data arrival time

                         40.00   40.00   clock rx_clk (rise edge)
                          0.00   40.00   clock source latency
     1   18.19    0.04    0.05   40.05 ^ mrx_clk_pad_i (in)
                                         mrx_clk_pad_i (net)
                  0.04    0.00   40.05 ^ clkbuf_0_mrx_clk_pad_i/A (CLKBUF_X3)
     4   18.94    0.02    0.06   40.10 ^ clkbuf_0_mrx_clk_pad_i/Z (CLKBUF_X3)
                                         clknet_0_mrx_clk_pad_i (net)
                  0.02    0.00   40.10 ^ clkbuf_2_2__f_mrx_clk_pad_i/A (CLKBUF_X3)
    15   40.28    0.03    0.06   40.17 ^ clkbuf_2_2__f_mrx_clk_pad_i/Z (CLKBUF_X3)
                                         clknet_2_2__leaf_mrx_clk_pad_i (net)
                  0.03    0.00   40.17 ^ clkbuf_leaf_15_mrx_clk_pad_i/A (CLKBUF_X3)
     7    9.27    0.01    0.04   40.21 ^ clkbuf_leaf_15_mrx_clk_pad_i/Z (CLKBUF_X3)
                                         clknet_leaf_15_mrx_clk_pad_i (net)
                  0.01    0.00   40.21 ^ u_ethmac.rxethmac1.rxcounters1.ByteCnt[8]$_DFFE_PP0P_/CK (DFFR_X1)
                         -0.10   40.11   clock uncertainty
                          0.00   40.11   clock reconvergence pessimism
                         -0.03   40.08   library setup time
                                 40.08   data required time
-----------------------------------------------------------------------------
                                 40.08   data required time
                                 -2.52   data arrival time
-----------------------------------------------------------------------------
                                 37.56   slack (MET)


Startpoint: rx_generated_activity[3]$_DFF_PP0_
            (rising edge-triggered flip-flop clocked by rx_clk_div2)
Endpoint: rx_generated_activity[13]$_DFF_PP0_
          (rising edge-triggered flip-flop clocked by rx_clk_div2)
Path Group: rx_clk_div2
Path Type: max

Fanout     Cap    Slew   Delay    Time   Description
-----------------------------------------------------------------------------
                          0.00    0.00   clock rx_clk_div2 (rise edge)
                          0.00    0.00   clock source latency
     1   18.19    0.04    0.05    0.05 ^ mrx_clk_pad_i (in)
                                         mrx_clk_pad_i (net)
                  0.04    0.00    0.05 ^ clkbuf_0_mrx_clk_pad_i/A (CLKBUF_X3)
     4   18.94    0.02    0.06    0.10 ^ clkbuf_0_mrx_clk_pad_i/Z (CLKBUF_X3)
                                         clknet_0_mrx_clk_pad_i (net)
                  0.02    0.00    0.10 ^ clkbuf_2_3__f_mrx_clk_pad_i/A (CLKBUF_X3)
    14   34.51    0.03    0.06    0.16 ^ clkbuf_2_3__f_mrx_clk_pad_i/Z (CLKBUF_X3)
                                         clknet_2_3__leaf_mrx_clk_pad_i (net)
                  0.03    0.00    0.16 ^ clkbuf_leaf_28_mrx_clk_pad_i/A (CLKBUF_X3)
     5   13.48    0.01    0.05    0.21 ^ clkbuf_leaf_28_mrx_clk_pad_i/Z (CLKBUF_X3)
                                         clknet_leaf_28_mrx_clk_pad_i (net)
                  0.01    0.00    0.21 ^ u_rx_div.clk_out$_DFF_PP0_/CK (DFFR_X1)
     2    9.83    0.03    0.12    0.33 ^ u_rx_div.clk_out$_DFF_PP0_/Q (DFFR_X1)
                                         net390 (net)
                  0.03    0.00    0.33 ^ clkbuf_regs_2_rx_clk_div2/A (CLKBUF_X3)
     1    1.72    0.01    0.03    0.37 ^ clkbuf_regs_2_rx_clk_div2/Z (CLKBUF_X3)
                                         net390_regs (net)
                  0.01    0.00    0.37 ^ clkbuf_0_net390_regs/A (CLKBUF_X3)
     2    7.04    0.01    0.03    0.40 ^ clkbuf_0_net390_regs/Z (CLKBUF_X3)
                                         clknet_0_net390_regs (net)
                  0.01    0.00    0.40 ^ clkbuf_1_0__f_net390_regs/A (CLKBUF_X3)
     8   15.82    0.02    0.04    0.44 ^ clkbuf_1_0__f_net390_regs/Z (CLKBUF_X3)
                                         clknet_1_0__leaf_net390_regs (net)
                  0.02    0.00    0.44 ^ rx_generated_activity[3]$_DFF_PP0_/CK (DFFR_X1)
     6   11.07    0.03    0.13    0.57 ^ rx_generated_activity[3]$_DFF_PP0_/Q (DFFR_X1)
                                         net258 (net)
                  0.03    0.00    0.57 ^ _59951_/A3 (NAND4_X1)
     2    3.19    0.02    0.04    0.61 v _59951_/ZN (NAND4_X1)
                                         _24329_ (net)
                  0.02    0.00    0.61 v _60472_/A1 (NOR2_X1)
     3   17.80    0.09    0.11    0.71 ^ _60472_/ZN (NOR2_X1)
                                         _24719_ (net)
                  0.09    0.01    0.72 ^ _60473_/A4 (AND4_X1)
     3    6.88    0.02    0.08    0.80 ^ _60473_/ZN (AND4_X1)
                                         _24720_ (net)
                  0.02    0.00    0.80 ^ _60474_/A4 (NAND4_X1)
     1    2.75    0.02    0.04    0.84 v _60474_/ZN (NAND4_X1)
                                         _24721_ (net)
                  0.02    0.00    0.84 v _60475_/B (XNOR2_X1)
     1    1.54    0.01    0.04    0.88 v _60475_/ZN (XNOR2_X1)
                                         _00117_ (net)
                  0.01    0.00    0.88 v rx_generated_activity[13]$_DFF_PP0_/D (DFFR_X1)
                                  0.88   data arrival time

                         80.00   80.00   clock rx_clk_div2 (rise edge)
                          0.00   80.00   clock source latency
     1   18.19    0.04    0.05   80.05 ^ mrx_clk_pad_i (in)
                                         mrx_clk_pad_i (net)
                  0.04    0.00   80.05 ^ clkbuf_0_mrx_clk_pad_i/A (CLKBUF_X3)
     4   18.94    0.02    0.06   80.10 ^ clkbuf_0_mrx_clk_pad_i/Z (CLKBUF_X3)
                                         clknet_0_mrx_clk_pad_i (net)
                  0.02    0.00   80.10 ^ clkbuf_2_3__f_mrx_clk_pad_i/A (CLKBUF_X3)
    14   34.51    0.03    0.06   80.16 ^ clkbuf_2_3__f_mrx_clk_pad_i/Z (CLKBUF_X3)
                                         clknet_2_3__leaf_mrx_clk_pad_i (net)
                  0.03    0.00   80.16 ^ clkbuf_leaf_28_mrx_clk_pad_i/A (CLKBUF_X3)
     5   13.48    0.01    0.05   80.21 ^ clkbuf_leaf_28_mrx_clk_pad_i/Z (CLKBUF_X3)
                                         clknet_leaf_28_mrx_clk_pad_i (net)
                  0.01    0.00   80.21 ^ u_rx_div.clk_out$_DFF_PP0_/CK (DFFR_X1)
     2    9.83    0.03    0.12   80.33 ^ u_rx_div.clk_out$_DFF_PP0_/Q (DFFR_X1)
                                         net390 (net)
                  0.03    0.00   80.33 ^ clkbuf_regs_2_rx_clk_div2/A (CLKBUF_X3)
     1    1.72    0.01    0.03   80.37 ^ clkbuf_regs_2_rx_clk_div2/Z (CLKBUF_X3)
                                         net390_regs (net)
                  0.01    0.00   80.37 ^ clkbuf_0_net390_regs/A (CLKBUF_X3)
     2    7.04    0.01    0.03   80.40 ^ clkbuf_0_net390_regs/Z (CLKBUF_X3)
                                         clknet_0_net390_regs (net)
                  0.01    0.00   80.40 ^ clkbuf_1_1__f_net390_regs/A (CLKBUF_X3)
     9   15.27    0.01    0.04   80.44 ^ clkbuf_1_1__f_net390_regs/Z (CLKBUF_X3)
                                         clknet_1_1__leaf_net390_regs (net)
                  0.01    0.00   80.44 ^ rx_generated_activity[13]$_DFF_PP0_/CK (DFFR_X1)
                         -0.10   80.34   clock uncertainty
                          0.00   80.34   clock reconvergence pessimism
                         -0.04   80.30   library setup time
                                 80.30   data required time
-----------------------------------------------------------------------------
                                 80.30   data required time
                                 -0.88   data arrival time
-----------------------------------------------------------------------------
                                 79.42   slack (MET)


Startpoint: u_ethmac.txethmac1.MTxEn$_DFF_PP0_
            (rising edge-triggered flip-flop clocked by tx_clk)
Endpoint: mtxen_pad_o (output port clocked by tx_clk)
Path Group: tx_clk
Path Type: max

Fanout     Cap    Slew   Delay    Time   Description
-----------------------------------------------------------------------------
                          0.00    0.00   clock tx_clk (rise edge)
                          0.00    0.00   clock source latency
     1   19.29    0.04    0.05    0.05 ^ mtx_clk_pad_i (in)
                                         mtx_clk_pad_i (net)
                  0.04    0.00    0.05 ^ clkbuf_0_mtx_clk_pad_i/A (CLKBUF_X3)
     4   16.46    0.02    0.05    0.10 ^ clkbuf_0_mtx_clk_pad_i/Z (CLKBUF_X3)
                                         clknet_0_mtx_clk_pad_i (net)
                  0.02    0.00    0.10 ^ clkbuf_2_3__f_mtx_clk_pad_i/A (CLKBUF_X3)
    12   29.77    0.02    0.05    0.16 ^ clkbuf_2_3__f_mtx_clk_pad_i/Z (CLKBUF_X3)
                                         clknet_2_3__leaf_mtx_clk_pad_i (net)
                  0.02    0.00    0.16 ^ clkbuf_leaf_15_mtx_clk_pad_i/A (CLKBUF_X3)
     9   11.84    0.01    0.04    0.20 ^ clkbuf_leaf_15_mtx_clk_pad_i/Z (CLKBUF_X3)
                                         clknet_leaf_15_mtx_clk_pad_i (net)
                  0.01    0.00    0.20 ^ u_ethmac.txethmac1.MTxEn$_DFF_PP0_/CK (DFFR_X1)
     3   11.66    0.03    0.13    0.33 ^ u_ethmac.txethmac1.MTxEn$_DFF_PP0_/Q (DFFR_X1)
                                         net388 (net)
                  0.03    0.00    0.33 ^ output391/A (BUF_X1)
     1    5.73    0.02    0.04    0.37 ^ output391/Z (BUF_X1)
                                         mtxen_pad_o (net)
                  0.02    0.00    0.37 ^ mtxen_pad_o (out)
                                  0.37   data arrival time

                         40.00   40.00   clock tx_clk (rise edge)
                          0.00   40.00   clock network delay (propagated)
                         -0.10   39.90   clock uncertainty
                          0.00   39.90   clock reconvergence pessimism
                         -2.00   37.90   output external delay
                                 37.90   data required time
-----------------------------------------------------------------------------
                                 37.90   data required time
                                 -0.37   data arrival time
-----------------------------------------------------------------------------
                                 37.53   slack (MET)


Startpoint: tx_generated_activity[3]$_DFF_PP0_
            (rising edge-triggered flip-flop clocked by tx_clk_div2)
Endpoint: tx_generated_activity[15]$_DFF_PP0_
          (rising edge-triggered flip-flop clocked by tx_clk_div2)
Path Group: tx_clk_div2
Path Type: max

Fanout     Cap    Slew   Delay    Time   Description
-----------------------------------------------------------------------------
                          0.00    0.00   clock tx_clk_div2 (rise edge)
                          0.00    0.00   clock source latency
     1   19.29    0.04    0.05    0.05 ^ mtx_clk_pad_i (in)
                                         mtx_clk_pad_i (net)
                  0.04    0.00    0.05 ^ clkbuf_0_mtx_clk_pad_i/A (CLKBUF_X3)
     4   16.46    0.02    0.05    0.10 ^ clkbuf_0_mtx_clk_pad_i/Z (CLKBUF_X3)
                                         clknet_0_mtx_clk_pad_i (net)
                  0.02    0.00    0.10 ^ clkbuf_2_2__f_mtx_clk_pad_i/A (CLKBUF_X3)
    10   29.77    0.02    0.05    0.16 ^ clkbuf_2_2__f_mtx_clk_pad_i/Z (CLKBUF_X3)
                                         clknet_2_2__leaf_mtx_clk_pad_i (net)
                  0.02    0.00    0.16 ^ clkbuf_leaf_22_mtx_clk_pad_i/A (CLKBUF_X3)
     6   24.96    0.02    0.05    0.21 ^ clkbuf_leaf_22_mtx_clk_pad_i/Z (CLKBUF_X3)
                                         clknet_leaf_22_mtx_clk_pad_i (net)
                  0.02    0.00    0.22 ^ u_tx_div.clk_out$_DFF_PP0_/CK (DFFR_X1)
     2    5.04    0.02    0.12    0.33 ^ u_tx_div.clk_out$_DFF_PP0_/Q (DFFR_X1)
                                         net391 (net)
                  0.02    0.00    0.33 ^ clkbuf_regs_1_tx_clk_div2/A (CLKBUF_X3)
     1    2.46    0.01    0.03    0.36 ^ clkbuf_regs_1_tx_clk_div2/Z (CLKBUF_X3)
                                         net391_regs (net)
                  0.01    0.00    0.36 ^ clkbuf_0_net391_regs/A (CLKBUF_X3)
     2    4.36    0.01    0.03    0.39 ^ clkbuf_0_net391_regs/Z (CLKBUF_X3)
                                         clknet_0_net391_regs (net)
                  0.01    0.00    0.39 ^ clkbuf_1_1__f_net391_regs/A (CLKBUF_X3)
     8   10.74    0.01    0.04    0.43 ^ clkbuf_1_1__f_net391_regs/Z (CLKBUF_X3)
                                         clknet_1_1__leaf_net391_regs (net)
                  0.01    0.00    0.43 ^ tx_generated_activity[3]$_DFF_PP0_/CK (DFFR_X1)
     6   11.29    0.03    0.13    0.55 ^ tx_generated_activity[3]$_DFF_PP0_/Q (DFFR_X1)
                                         net240 (net)
                  0.03    0.00    0.55 ^ _59965_/A3 (NAND4_X1)
     4    6.40    0.03    0.05    0.61 v _59965_/ZN (NAND4_X1)
                                         _24340_ (net)
                  0.03    0.00    0.61 v _60186_/A1 (NOR3_X1)
     3    6.18    0.06    0.08    0.68 ^ _60186_/ZN (NOR3_X1)
                                         _24520_ (net)
                  0.06    0.00    0.68 ^ _60461_/A2 (NAND3_X1)
     1    2.63    0.02    0.03    0.72 v _60461_/ZN (NAND3_X1)
                                         _24711_ (net)
                  0.02    0.00    0.72 v _60462_/B (XNOR2_X1)
     1    1.13    0.01    0.04    0.76 v _60462_/ZN (XNOR2_X1)
                                         _00133_ (net)
                  0.01    0.00    0.76 v tx_generated_activity[15]$_DFF_PP0_/D (DFFR_X1)
                                  0.76   data arrival time

                         80.00   80.00   clock tx_clk_div2 (rise edge)
                          0.00   80.00   clock source latency
     1   19.29    0.04    0.05   80.05 ^ mtx_clk_pad_i (in)
                                         mtx_clk_pad_i (net)
                  0.04    0.00   80.05 ^ clkbuf_0_mtx_clk_pad_i/A (CLKBUF_X3)
     4   16.46    0.02    0.05   80.10 ^ clkbuf_0_mtx_clk_pad_i/Z (CLKBUF_X3)
                                         clknet_0_mtx_clk_pad_i (net)
                  0.02    0.00   80.10 ^ clkbuf_2_2__f_mtx_clk_pad_i/A (CLKBUF_X3)
    10   29.77    0.02    0.05   80.16 ^ clkbuf_2_2__f_mtx_clk_pad_i/Z (CLKBUF_X3)
                                         clknet_2_2__leaf_mtx_clk_pad_i (net)
                  0.02    0.00   80.16 ^ clkbuf_leaf_22_mtx_clk_pad_i/A (CLKBUF_X3)
     6   24.96    0.02    0.05   80.21 ^ clkbuf_leaf_22_mtx_clk_pad_i/Z (CLKBUF_X3)
                                         clknet_leaf_22_mtx_clk_pad_i (net)
                  0.02    0.00   80.22 ^ u_tx_div.clk_out$_DFF_PP0_/CK (DFFR_X1)
     2    5.04    0.02    0.12   80.33 ^ u_tx_div.clk_out$_DFF_PP0_/Q (DFFR_X1)
                                         net391 (net)
                  0.02    0.00   80.33 ^ clkbuf_regs_1_tx_clk_div2/A (CLKBUF_X3)
     1    2.46    0.01    0.03   80.36 ^ clkbuf_regs_1_tx_clk_div2/Z (CLKBUF_X3)
                                         net391_regs (net)
                  0.01    0.00   80.36 ^ clkbuf_0_net391_regs/A (CLKBUF_X3)
     2    4.36    0.01    0.03   80.39 ^ clkbuf_0_net391_regs/Z (CLKBUF_X3)
                                         clknet_0_net391_regs (net)
                  0.01    0.00   80.39 ^ clkbuf_1_1__f_net391_regs/A (CLKBUF_X3)
     8   10.74    0.01    0.04   80.43 ^ clkbuf_1_1__f_net391_regs/Z (CLKBUF_X3)
                                         clknet_1_1__leaf_net391_regs (net)
                  0.01    0.00   80.43 ^ tx_generated_activity[15]$_DFF_PP0_/CK (DFFR_X1)
                         -0.10   80.33   clock uncertainty
                          0.00   80.33   clock reconvergence pessimism
                         -0.04   80.29   library setup time
                                 80.29   data required time
-----------------------------------------------------------------------------
                                 80.29   data required time
                                 -0.76   data arrival time
-----------------------------------------------------------------------------
                                 79.53   slack (MET)


Startpoint: wb_generated_activity[6]$_DFF_PP0_
            (rising edge-triggered flip-flop clocked by wb_clk_div2)
Endpoint: generated_activity_o[6] (output port clocked by wb_clk)
Path Group: wb_clk
Path Type: max

Fanout     Cap    Slew   Delay    Time   Description
-----------------------------------------------------------------------------
                          0.00    0.00   clock wb_clk_div2 (rise edge)
                          0.00    0.00   clock source latency
     1   37.16    0.08    0.10    0.10 ^ wb_clk_i (in)
                                         wb_clk_i (net)
                  0.08    0.00    0.10 ^ clkbuf_0_wb_clk_i/A (CLKBUF_X3)
     4   33.37    0.03    0.08    0.17 ^ clkbuf_0_wb_clk_i/Z (CLKBUF_X3)
                                         clknet_0_wb_clk_i (net)
                  0.03    0.00    0.18 ^ clkbuf_2_3_0_wb_clk_i/A (CLKBUF_X3)
     4   25.87    0.02    0.05    0.23 ^ clkbuf_2_3_0_wb_clk_i/Z (CLKBUF_X3)
                                         clknet_2_3_0_wb_clk_i (net)
                  0.02    0.00    0.23 ^ clkbuf_4_13_0_wb_clk_i/A (CLKBUF_X3)
     8   33.29    0.03    0.06    0.29 ^ clkbuf_4_13_0_wb_clk_i/Z (CLKBUF_X3)
                                         clknet_4_13_0_wb_clk_i (net)
                  0.03    0.00    0.30 ^ clkbuf_7_106__f_wb_clk_i/A (CLKBUF_X3)
    14   33.10    0.03    0.06    0.36 ^ clkbuf_7_106__f_wb_clk_i/Z (CLKBUF_X3)
                                         clknet_7_106__leaf_wb_clk_i (net)
                  0.03    0.00    0.36 ^ clkbuf_leaf_888_wb_clk_i/A (CLKBUF_X3)
     4   11.62    0.01    0.04    0.40 ^ clkbuf_leaf_888_wb_clk_i/Z (CLKBUF_X3)
                                         clknet_leaf_888_wb_clk_i (net)
                  0.01    0.00    0.40 ^ u_wb_div.clk_out$_DFF_PP0_/CK (DFFR_X1)
     2    4.25    0.01    0.11    0.51 ^ u_wb_div.clk_out$_DFF_PP0_/Q (DFFR_X1)
                                         net393 (net)
                  0.01    0.00    0.51 ^ clkbuf_regs_0_wb_clk_div2/A (CLKBUF_X3)
     1    1.45    0.01    0.03    0.54 ^ clkbuf_regs_0_wb_clk_div2/Z (CLKBUF_X3)
                                         net393_regs (net)
                  0.01    0.00    0.54 ^ clkbuf_0_net393_regs/A (CLKBUF_X3)
     2    4.20    0.01    0.03    0.57 ^ clkbuf_0_net393_regs/Z (CLKBUF_X3)
                                         clknet_0_net393_regs (net)
                  0.01    0.00    0.57 ^ clkbuf_1_1__f_net393_regs/A (CLKBUF_X3)
     8    9.51    0.01    0.03    0.61 ^ clkbuf_1_1__f_net393_regs/Z (CLKBUF_X3)
                                         clknet_1_1__leaf_net393_regs (net)
                  0.01    0.00    0.61 ^ wb_generated_activity[6]$_DFF_PP0_/CK (DFFR_X1)
     6   11.43    0.03    0.13    0.73 ^ wb_generated_activity[6]$_DFF_PP0_/Q (DFFR_X1)
                                         net296 (net)
                  0.03    0.00    0.73 ^ output297/A (BUF_X1)
     1    0.61    0.01    0.02    0.76 ^ output297/Z (BUF_X1)
                                         generated_activity_o[6] (net)
                  0.01    0.00    0.76 ^ generated_activity_o[6] (out)
                                  0.76   data arrival time

                        220.00  220.00   clock wb_clk (rise edge)
                          0.00  220.00   clock network delay (propagated)
                         -0.10  219.90   clock uncertainty
                          0.00  219.90   clock reconvergence pessimism
                         -2.00  217.90   output external delay
                                217.90   data required time
-----------------------------------------------------------------------------
                                217.90   data required time
                                 -0.76   data arrival time
-----------------------------------------------------------------------------
                                217.14   slack (MET)


Startpoint: wb_generated_activity[2]$_DFF_PP0_
            (rising edge-triggered flip-flop clocked by wb_clk_div2)
Endpoint: wb_generated_activity[13]$_DFF_PP0_
          (rising edge-triggered flip-flop clocked by wb_clk_div2)
Path Group: wb_clk_div2
Path Type: max

Fanout     Cap    Slew   Delay    Time   Description
-----------------------------------------------------------------------------
                          0.00    0.00   clock wb_clk_div2 (rise edge)
                          0.00    0.00   clock source latency
     1   37.16    0.08    0.10    0.10 ^ wb_clk_i (in)
                                         wb_clk_i (net)
                  0.08    0.00    0.10 ^ clkbuf_0_wb_clk_i/A (CLKBUF_X3)
     4   33.37    0.03    0.08    0.17 ^ clkbuf_0_wb_clk_i/Z (CLKBUF_X3)
                                         clknet_0_wb_clk_i (net)
                  0.03    0.00    0.18 ^ clkbuf_2_3_0_wb_clk_i/A (CLKBUF_X3)
     4   25.87    0.02    0.05    0.23 ^ clkbuf_2_3_0_wb_clk_i/Z (CLKBUF_X3)
                                         clknet_2_3_0_wb_clk_i (net)
                  0.02    0.00    0.23 ^ clkbuf_4_13_0_wb_clk_i/A (CLKBUF_X3)
     8   33.29    0.03    0.06    0.29 ^ clkbuf_4_13_0_wb_clk_i/Z (CLKBUF_X3)
                                         clknet_4_13_0_wb_clk_i (net)
                  0.03    0.00    0.30 ^ clkbuf_7_106__f_wb_clk_i/A (CLKBUF_X3)
    14   33.10    0.03    0.06    0.36 ^ clkbuf_7_106__f_wb_clk_i/Z (CLKBUF_X3)
                                         clknet_7_106__leaf_wb_clk_i (net)
                  0.03    0.00    0.36 ^ clkbuf_leaf_888_wb_clk_i/A (CLKBUF_X3)
     4   11.62    0.01    0.04    0.40 ^ clkbuf_leaf_888_wb_clk_i/Z (CLKBUF_X3)
                                         clknet_leaf_888_wb_clk_i (net)
                  0.01    0.00    0.40 ^ u_wb_div.clk_out$_DFF_PP0_/CK (DFFR_X1)
     2    4.25    0.01    0.11    0.51 ^ u_wb_div.clk_out$_DFF_PP0_/Q (DFFR_X1)
                                         net393 (net)
                  0.01    0.00    0.51 ^ clkbuf_regs_0_wb_clk_div2/A (CLKBUF_X3)
     1    1.45    0.01    0.03    0.54 ^ clkbuf_regs_0_wb_clk_div2/Z (CLKBUF_X3)
                                         net393_regs (net)
                  0.01    0.00    0.54 ^ clkbuf_0_net393_regs/A (CLKBUF_X3)
     2    4.20    0.01    0.03    0.57 ^ clkbuf_0_net393_regs/Z (CLKBUF_X3)
                                         clknet_0_net393_regs (net)
                  0.01    0.00    0.57 ^ clkbuf_1_0__f_net393_regs/A (CLKBUF_X3)
     8    9.83    0.01    0.03    0.61 ^ clkbuf_1_0__f_net393_regs/Z (CLKBUF_X3)
                                         clknet_1_0__leaf_net393_regs (net)
                  0.01    0.00    0.61 ^ wb_generated_activity[2]$_DFF_PP0_/CK (DFFR_X1)
     5    9.42    0.02    0.12    0.73 ^ wb_generated_activity[2]$_DFF_PP0_/Q (DFFR_X1)
                                         net252 (net)
                  0.02    0.00    0.73 ^ _59994_/A2 (AND3_X1)
     2    2.96    0.01    0.05    0.78 ^ _59994_/ZN (AND3_X1)
                                         _24362_ (net)
                  0.01    0.00    0.78 ^ _59998_/A3 (AND3_X1)
     2    4.21    0.02    0.05    0.83 ^ _59998_/ZN (AND3_X1)
                                         _24365_ (net)
                  0.02    0.00    0.83 ^ _59999_/A2 (AND2_X1)
     3    7.30    0.02    0.05    0.88 ^ _59999_/ZN (AND2_X1)
                                         _24366_ (net)
                  0.02    0.00    0.88 ^ _60006_/A (INV_X1)
     1    1.80    0.01    0.01    0.89 v _60006_/ZN (INV_X1)
                                         _24371_ (net)
                  0.01    0.00    0.89 v _60008_/A1 (NOR2_X1)
     3    5.89    0.03    0.04    0.93 ^ _60008_/ZN (NOR2_X1)
                                         _24373_ (net)
                  0.03    0.00    0.93 ^ _60014_/A4 (NAND4_X1)
     1    2.69    0.02    0.04    0.97 v _60014_/ZN (NAND4_X1)
                                         _24377_ (net)
                  0.02    0.00    0.97 v _60015_/B (XNOR2_X1)
     1    1.68    0.01    0.04    1.01 v _60015_/ZN (XNOR2_X1)
                                         _00145_ (net)
                  0.01    0.00    1.01 v wb_generated_activity[13]$_DFF_PP0_/D (DFFR_X1)
                                  1.01   data arrival time

                        440.00  440.00   clock wb_clk_div2 (rise edge)
                          0.00  440.00   clock source latency
     1   37.16    0.08    0.10  440.10 ^ wb_clk_i (in)
                                         wb_clk_i (net)
                  0.08    0.00  440.10 ^ clkbuf_0_wb_clk_i/A (CLKBUF_X3)
     4   33.37    0.03    0.08  440.17 ^ clkbuf_0_wb_clk_i/Z (CLKBUF_X3)
                                         clknet_0_wb_clk_i (net)
                  0.03    0.00  440.18 ^ clkbuf_2_3_0_wb_clk_i/A (CLKBUF_X3)
     4   25.87    0.02    0.05  440.23 ^ clkbuf_2_3_0_wb_clk_i/Z (CLKBUF_X3)
                                         clknet_2_3_0_wb_clk_i (net)
                  0.02    0.00  440.23 ^ clkbuf_4_13_0_wb_clk_i/A (CLKBUF_X3)
     8   33.29    0.03    0.06  440.29 ^ clkbuf_4_13_0_wb_clk_i/Z (CLKBUF_X3)
                                         clknet_4_13_0_wb_clk_i (net)
                  0.03    0.00  440.30 ^ clkbuf_7_106__f_wb_clk_i/A (CLKBUF_X3)
    14   33.10    0.03    0.06  440.36 ^ clkbuf_7_106__f_wb_clk_i/Z (CLKBUF_X3)
                                         clknet_7_106__leaf_wb_clk_i (net)
                  0.03    0.00  440.36 ^ clkbuf_leaf_888_wb_clk_i/A (CLKBUF_X3)
     4   11.62    0.01    0.04  440.40 ^ clkbuf_leaf_888_wb_clk_i/Z (CLKBUF_X3)
                                         clknet_leaf_888_wb_clk_i (net)
                  0.01    0.00  440.40 ^ u_wb_div.clk_out$_DFF_PP0_/CK (DFFR_X1)
     2    4.25    0.01    0.11  440.51 ^ u_wb_div.clk_out$_DFF_PP0_/Q (DFFR_X1)
                                         net393 (net)
                  0.01    0.00  440.51 ^ clkbuf_regs_0_wb_clk_div2/A (CLKBUF_X3)
     1    1.45    0.01    0.03  440.54 ^ clkbuf_regs_0_wb_clk_div2/Z (CLKBUF_X3)
                                         net393_regs (net)
                  0.01    0.00  440.54 ^ clkbuf_0_net393_regs/A (CLKBUF_X3)
     2    4.20    0.01    0.03  440.57 ^ clkbuf_0_net393_regs/Z (CLKBUF_X3)
                                         clknet_0_net393_regs (net)
                  0.01    0.00  440.57 ^ clkbuf_1_1__f_net393_regs/A (CLKBUF_X3)
     8    9.51    0.01    0.03  440.61 ^ clkbuf_1_1__f_net393_regs/Z (CLKBUF_X3)
                                         clknet_1_1__leaf_net393_regs (net)
                  0.01    0.00  440.61 ^ wb_generated_activity[13]$_DFF_PP0_/CK (DFFR_X1)
                         -0.10  440.51   clock uncertainty
                          0.00  440.51   clock reconvergence pessimism
                         -0.04  440.47   library setup time
                                440.47   data required time
-----------------------------------------------------------------------------
                                440.47   data required time
                                 -1.01   data arrival time
-----------------------------------------------------------------------------
                                439.45   slack (MET)



==========================================================================
finish report_check_types -max_slew -max_cap -max_fanout -violators
--------------------------------------------------------------------------
max capacitance

Pin                                    Limit     Cap   Slack
------------------------------------------------------------
wire10042/Z                           242.31  371.68 -129.37 (VIOLATED)

wire10046/Z                           242.31  361.05 -118.74 (VIOLATED)

load_slew10045/Z                      242.31  350.07 -107.76 (VIOLATED)

_63347_/ZN                             53.41   60.42   -7.01 (VIOLATED)

_62717_/ZN                             53.41   59.03   -5.62 (VIOLATED)

_62941_/ZN                             53.41   57.19   -3.79 (VIOLATED)

_62743_/ZN                             53.41   56.99   -3.59 (VIOLATED)

_63106_/ZN                             53.41   56.96   -3.56 (VIOLATED)

_62870_/ZN                             53.41   56.71   -3.31 (VIOLATED)

_63888_/ZN                             53.41   55.87   -2.47 (VIOLATED)

_64006_/ZN                             53.41   55.62   -2.22 (VIOLATED)

_64331_/ZN                             53.41   55.36   -1.95 (VIOLATED)

_62790_/ZN                             53.41   55.24   -1.84 (VIOLATED)

_62915_/ZN                             53.41   55.05   -1.64 (VIOLATED)

_64070_/ZN                             53.41   55.01   -1.61 (VIOLATED)

_63193_/ZN                             53.41   54.99   -1.58 (VIOLATED)

_63601_/ZN                             26.70   28.11   -1.41 (VIOLATED)

_58270_/ZN                             10.47   11.62   -1.15 (VIOLATED)


==========================================================================
finish max_slew_check_slack
--------------------------------------------------------------------------
0.014248949475586414

==========================================================================
finish max_slew_check_limit
--------------------------------------------------------------------------
0.1985349953174591

==========================================================================
finish max_slew_check_slack_limit
--------------------------------------------------------------------------
0.0718

==========================================================================
finish max_fanout_check_slack
--------------------------------------------------------------------------
1.0000000150474662e+30

==========================================================================
finish max_fanout_check_limit
--------------------------------------------------------------------------
1.0000000150474662e+30

==========================================================================
finish max_capacitance_check_slack
--------------------------------------------------------------------------
-129.3656463623047

==========================================================================
finish max_capacitance_check_limit
--------------------------------------------------------------------------
242.30999755859375

==========================================================================
finish max_capacitance_check_slack_limit
--------------------------------------------------------------------------
-0.5339

==========================================================================
finish max_slew_violation_count
--------------------------------------------------------------------------
max slew violation count 0

==========================================================================
finish max_fanout_violation_count
--------------------------------------------------------------------------
max fanout violation count 0

==========================================================================
finish max_cap_violation_count
--------------------------------------------------------------------------
max cap violation count 18

==========================================================================
finish setup_violation_count
--------------------------------------------------------------------------
setup violation count 65

==========================================================================
finish hold_violation_count
--------------------------------------------------------------------------
hold violation count 25

==========================================================================
finish report_checks -path_delay max reg to reg
--------------------------------------------------------------------------
Startpoint: u_aux0.state[22]$_DFF_PP0_
            (rising edge-triggered flip-flop clocked by aux0_clk)
Endpoint: u_aux0.state[22]$_DFF_PP0_
          (rising edge-triggered flip-flop clocked by aux0_clk)
Path Group: aux0_clk
Path Type: max

  Delay    Time   Description
---------------------------------------------------------
   0.00    0.00   clock aux0_clk (rise edge)
   0.00    0.00   clock source latency
   0.13    0.13 ^ aux0_clk_i (in)
   0.09    0.22 ^ clkbuf_0_aux0_clk_i/Z (CLKBUF_X3)
   0.05    0.27 ^ clkbuf_3_6_0_aux0_clk_i/Z (CLKBUF_X3)
   0.07    0.34 ^ clkbuf_5_26__f_aux0_clk_i/Z (CLKBUF_X3)
   0.05    0.39 ^ clkbuf_leaf_162_aux0_clk_i/Z (CLKBUF_X3)
   0.00    0.39 ^ u_aux0.state[22]$_DFF_PP0_/CK (DFFR_X1)
   0.09    0.48 v u_aux0.state[22]$_DFF_PP0_/Q (DFFR_X1)
   0.03    0.51 v rebuffer10056/Z (BUF_X1)
   0.02    0.54 v rebuffer2502/Z (BUF_X4)
   0.04    0.57 v _59473_/ZN (XNOR2_X2)
   0.04    0.61 v _59474_/ZN (XNOR2_X2)
   0.04    0.65 v _59475_/ZN (XNOR2_X1)
   0.06    0.71 v _59476_/Z (MUX2_X1)
   0.00    0.71 v u_aux0.state[22]$_DFF_PP0_/D (DFFR_X1)
           0.71   data arrival time

   0.45    0.45   clock aux0_clk (rise edge)
   0.00    0.45   clock source latency
   0.13    0.58 ^ aux0_clk_i (in)
   0.09    0.67 ^ clkbuf_0_aux0_clk_i/Z (CLKBUF_X3)
   0.05    0.72 ^ clkbuf_3_6_0_aux0_clk_i/Z (CLKBUF_X3)
   0.07    0.79 ^ clkbuf_5_26__f_aux0_clk_i/Z (CLKBUF_X3)
   0.05    0.84 ^ clkbuf_leaf_162_aux0_clk_i/Z (CLKBUF_X3)
   0.00    0.84 ^ u_aux0.state[22]$_DFF_PP0_/CK (DFFR_X1)
  -0.10    0.74   clock uncertainty
   0.00    0.74   clock reconvergence pessimism
  -0.04    0.70   library setup time
           0.70   data required time
---------------------------------------------------------
           0.70   data required time
          -0.71   data arrival time
---------------------------------------------------------
          -0.01   slack (VIOLATED)


Startpoint: aux0_generated_activity[6]$_DFF_PP0_
            (rising edge-triggered flip-flop clocked by aux0_clk_div2)
Endpoint: aux0_generated_activity[13]$_DFF_PP0_
          (rising edge-triggered flip-flop clocked by aux0_clk_div2)
Path Group: aux0_clk_div2
Path Type: max

  Delay    Time   Description
---------------------------------------------------------
   0.00    0.00   clock aux0_clk_div2 (rise edge)
   0.00    0.00   clock source latency
   0.13    0.13 ^ aux0_clk_i (in)
   0.09    0.22 ^ clkbuf_0_aux0_clk_i/Z (CLKBUF_X3)
   0.05    0.27 ^ clkbuf_3_7_0_aux0_clk_i/Z (CLKBUF_X3)
   0.07    0.34 ^ clkbuf_5_29__f_aux0_clk_i/Z (CLKBUF_X3)
   0.06    0.41 ^ clkbuf_leaf_305_aux0_clk_i/Z (CLKBUF_X3)
   0.01    0.41 ^ u_aux0_div.clk_out$_DFF_PP0_/CK (DFFR_X1)
   0.11    0.53 ^ u_aux0_div.clk_out$_DFF_PP0_/Q (DFFR_X1)
   0.03    0.56 ^ clkbuf_regs_3_aux0_clk_div2/Z (CLKBUF_X3)
   0.03    0.58 ^ clkbuf_0_net162_regs/Z (CLKBUF_X3)
   0.04    0.62 ^ clkbuf_1_0__f_net162_regs/Z (CLKBUF_X3)
   0.00    0.62 ^ aux0_generated_activity[6]$_DFF_PP0_/CK (DFFR_X1)
   0.13    0.75 ^ aux0_generated_activity[6]$_DFF_PP0_/Q (DFFR_X1)
   0.04    0.79 v _60106_/ZN (NAND4_X1)
   0.09    0.88 ^ _60174_/ZN (NOR3_X1)
   0.04    0.92 v _61708_/ZN (NAND4_X1)
   0.04    0.96 v _61709_/ZN (XNOR2_X1)
   0.00    0.96 v aux0_generated_activity[13]$_DFF_PP0_/D (DFFR_X1)
           0.96   data arrival time

   0.90    0.90   clock aux0_clk_div2 (rise edge)
   0.00    0.90   clock source latency
   0.13    1.03 ^ aux0_clk_i (in)
   0.09    1.12 ^ clkbuf_0_aux0_clk_i/Z (CLKBUF_X3)
   0.05    1.17 ^ clkbuf_3_7_0_aux0_clk_i/Z (CLKBUF_X3)
   0.07    1.24 ^ clkbuf_5_29__f_aux0_clk_i/Z (CLKBUF_X3)
   0.06    1.31 ^ clkbuf_leaf_305_aux0_clk_i/Z (CLKBUF_X3)
   0.01    1.31 ^ u_aux0_div.clk_out$_DFF_PP0_/CK (DFFR_X1)
   0.11    1.43 ^ u_aux0_div.clk_out$_DFF_PP0_/Q (DFFR_X1)
   0.03    1.46 ^ clkbuf_regs_3_aux0_clk_div2/Z (CLKBUF_X3)
   0.03    1.48 ^ clkbuf_0_net162_regs/Z (CLKBUF_X3)
   0.04    1.52 ^ clkbuf_1_1__f_net162_regs/Z (CLKBUF_X3)
   0.00    1.52 ^ aux0_generated_activity[13]$_DFF_PP0_/CK (DFFR_X1)
  -0.10    1.42   clock uncertainty
   0.00    1.42   clock reconvergence pessimism
  -0.04    1.38   library setup time
           1.38   data required time
---------------------------------------------------------
           1.38   data required time
          -0.96   data arrival time
---------------------------------------------------------
           0.42   slack (MET)


Startpoint: u_aux1_cdc.command_pulse$_DFF_PP0_
            (rising edge-triggered flip-flop clocked by aux1_clk)
Endpoint: u_aux1.state[6]$_DFF_PP0_
          (rising edge-triggered flip-flop clocked by aux1_clk)
Path Group: aux1_clk
Path Type: max

  Delay    Time   Description
---------------------------------------------------------
   0.00    0.00   clock aux1_clk (rise edge)
   0.00    0.00   clock source latency
   0.09    0.09 ^ aux1_clk_i (in)
   0.08    0.17 ^ clkbuf_0_aux1_clk_i/Z (CLKBUF_X3)
   0.07    0.23 ^ clkbuf_2_3_0_aux1_clk_i/Z (CLKBUF_X3)
   0.08    0.31 ^ clkbuf_5_31__f_aux1_clk_i/Z (CLKBUF_X3)
   0.05    0.36 ^ clkbuf_leaf_416_aux1_clk_i/Z (CLKBUF_X3)
   0.00    0.36 ^ u_aux1_cdc.command_pulse$_DFF_PP0_/CK (DFFR_X2)
   0.16    0.52 ^ u_aux1_cdc.command_pulse$_DFF_PP0_/Q (DFFR_X2)
   0.04    0.56 ^ place2212/Z (BUF_X8)
   0.08    0.64 v _60071_/Z (MUX2_X1)
   0.03    0.67 v hold9448/Z (CLKBUF_X1)
   0.00    0.67 v u_aux1.state[6]$_DFF_PP0_/D (DFFR_X1)
           0.67   data arrival time

   0.56    0.56   clock aux1_clk (rise edge)
   0.00    0.56   clock source latency
   0.09    0.65 ^ aux1_clk_i (in)
   0.08    0.73 ^ clkbuf_0_aux1_clk_i/Z (CLKBUF_X3)
   0.06    0.79 ^ clkbuf_2_1_0_aux1_clk_i/Z (CLKBUF_X3)
   0.06    0.85 ^ clkbuf_5_13__f_aux1_clk_i/Z (CLKBUF_X3)
   0.04    0.90 ^ clkbuf_leaf_186_aux1_clk_i/Z (CLKBUF_X3)
   0.00    0.90 ^ u_aux1.state[6]$_DFF_PP0_/CK (DFFR_X1)
  -0.10    0.80   clock uncertainty
   0.00    0.80   clock reconvergence pessimism
  -0.04    0.76   library setup time
           0.76   data required time
---------------------------------------------------------
           0.76   data required time
          -0.67   data arrival time
---------------------------------------------------------
           0.09   slack (MET)


Startpoint: aux1_generated_activity[1]$_DFF_PP0_
            (rising edge-triggered flip-flop clocked by aux1_clk_div2)
Endpoint: aux1_generated_activity[14]$_DFF_PP0_
          (rising edge-triggered flip-flop clocked by aux1_clk_div2)
Path Group: aux1_clk_div2
Path Type: max

  Delay    Time   Description
---------------------------------------------------------
   0.00    0.00   clock aux1_clk_div2 (rise edge)
   0.00    0.00   clock source latency
   0.09    0.09 ^ aux1_clk_i (in)
   0.08    0.17 ^ clkbuf_0_aux1_clk_i/Z (CLKBUF_X3)
   0.07    0.23 ^ clkbuf_2_3_0_aux1_clk_i/Z (CLKBUF_X3)
   0.08    0.31 ^ clkbuf_5_31__f_aux1_clk_i/Z (CLKBUF_X3)
   0.06    0.37 ^ clkbuf_leaf_423_aux1_clk_i/Z (CLKBUF_X3)
   0.00    0.37 ^ u_aux1_div.clk_out$_DFF_PP0_/CK (DFFR_X1)
   0.11    0.48 ^ u_aux1_div.clk_out$_DFF_PP0_/Q (DFFR_X1)
   0.03    0.51 ^ clkbuf_regs_4_aux1_clk_div2/Z (CLKBUF_X3)
   0.03    0.54 ^ clkbuf_0_net195_regs/Z (CLKBUF_X3)
   0.04    0.58 ^ clkbuf_1_0__f_net195_regs/Z (CLKBUF_X3)
   0.00    0.58 ^ aux1_generated_activity[1]$_DFF_PP0_/CK (DFFR_X1)
   0.12    0.70 ^ aux1_generated_activity[1]$_DFF_PP0_/Q (DFFR_X1)
   0.04    0.74 ^ _73856_/CO (HA_X1)
   0.03    0.77 v _59960_/ZN (NAND3_X1)
   0.04    0.81 ^ _59985_/ZN (NOR2_X1)
   0.04    0.85 v _60081_/ZN (NAND4_X1)
   0.02    0.88 ^ _60082_/ZN (INV_X1)
   0.03    0.91 ^ _61710_/ZN (AND2_X1)
   0.04    0.95 ^ _61711_/Z (XOR2_X1)
   0.00    0.95 ^ aux1_generated_activity[14]$_DFF_PP0_/D (DFFR_X1)
           0.95   data arrival time

   1.12    1.12   clock aux1_clk_div2 (rise edge)
   0.00    1.12   clock source latency
   0.09    1.21 ^ aux1_clk_i (in)
   0.08    1.29 ^ clkbuf_0_aux1_clk_i/Z (CLKBUF_X3)
   0.07    1.36 ^ clkbuf_2_3_0_aux1_clk_i/Z (CLKBUF_X3)
   0.08    1.43 ^ clkbuf_5_31__f_aux1_clk_i/Z (CLKBUF_X3)
   0.06    1.49 ^ clkbuf_leaf_423_aux1_clk_i/Z (CLKBUF_X3)
   0.00    1.49 ^ u_aux1_div.clk_out$_DFF_PP0_/CK (DFFR_X1)
   0.11    1.61 ^ u_aux1_div.clk_out$_DFF_PP0_/Q (DFFR_X1)
   0.03    1.64 ^ clkbuf_regs_4_aux1_clk_div2/Z (CLKBUF_X3)
   0.03    1.67 ^ clkbuf_0_net195_regs/Z (CLKBUF_X3)
   0.04    1.70 ^ clkbuf_1_1__f_net195_regs/Z (CLKBUF_X3)
   0.00    1.70 ^ aux1_generated_activity[14]$_DFF_PP0_/CK (DFFR_X1)
  -0.10    1.60   clock uncertainty
   0.00    1.60   clock reconvergence pessimism
  -0.03    1.57   library setup time
           1.57   data required time
---------------------------------------------------------
           1.57   data required time
          -0.95   data arrival time
---------------------------------------------------------
           0.61   slack (MET)


Startpoint: u_ethmac.rxethmac1.rxcounters1.ByteCnt[6]$_DFFE_PP0P_
            (rising edge-triggered flip-flop clocked by rx_clk)
Endpoint: u_ethmac.maccontrol1.receivecontrol1.PauseTimer[6]$_DFFE_PP0P_
          (rising edge-triggered flip-flop clocked by rx_clk)
Path Group: rx_clk
Path Type: max

  Delay    Time   Description
---------------------------------------------------------
   0.00    0.00   clock rx_clk (rise edge)
   0.00    0.00   clock source latency
   0.05    0.05 ^ mrx_clk_pad_i (in)
   0.06    0.10 ^ clkbuf_0_mrx_clk_pad_i/Z (CLKBUF_X3)
   0.06    0.17 ^ clkbuf_2_2__f_mrx_clk_pad_i/Z (CLKBUF_X3)
   0.04    0.21 ^ clkbuf_leaf_15_mrx_clk_pad_i/Z (CLKBUF_X3)
   0.00    0.21 ^ u_ethmac.rxethmac1.rxcounters1.ByteCnt[6]$_DFFE_PP0P_/CK (DFFR_X1)
   0.15    0.36 ^ u_ethmac.rxethmac1.rxcounters1.ByteCnt[6]$_DFFE_PP0P_/Q (DFFR_X1)
   0.07    0.43 ^ _51057_/ZN (AND3_X1)
   0.02    0.45 v _51065_/ZN (NAND2_X1)
   0.06    0.51 ^ _51066_/ZN (NOR2_X1)
   0.03    0.54 v _57355_/ZN (NAND2_X1)
   0.04    0.58 ^ _57361_/ZN (NOR2_X1)
   0.12    0.70 ^ _57362_/Z (XOR2_X1)
   0.07    0.77 ^ _73788_/S (HA_X1)
   0.03    0.81 v _49938_/ZN (NAND4_X1)
   0.08    0.88 ^ _49939_/ZN (NOR3_X1)
   0.04    0.92 v _49940_/ZN (NAND3_X1)
   0.05    0.97 ^ _49969_/ZN (OAI21_X1)
   0.06    1.02 v _49970_/ZN (AOI22_X1)
   0.03    1.06 ^ _50007_/ZN (NOR2_X1)
   0.11    1.17 ^ place1741/Z (BUF_X1)
   0.07    1.24 v _50047_/Z (MUX2_X1)
   0.00    1.24 v u_ethmac.maccontrol1.receivecontrol1.PauseTimer[6]$_DFFE_PP0P_/D (DFFR_X1)
           1.24   data arrival time

  40.00   40.00   clock rx_clk (rise edge)
   0.00   40.00   clock source latency
   0.05   40.05 ^ mrx_clk_pad_i (in)
   0.06   40.10 ^ clkbuf_0_mrx_clk_pad_i/Z (CLKBUF_X3)
   0.06   40.16 ^ clkbuf_2_3__f_mrx_clk_pad_i/Z (CLKBUF_X3)
   0.04   40.21 ^ clkbuf_leaf_27_mrx_clk_pad_i/Z (CLKBUF_X3)
   0.00   40.21 ^ u_ethmac.maccontrol1.receivecontrol1.PauseTimer[6]$_DFFE_PP0P_/CK (DFFR_X1)
  -0.10   40.11   clock uncertainty
   0.00   40.11   clock reconvergence pessimism
  -0.04   40.07   library setup time
          40.07   data required time
---------------------------------------------------------
          40.07   data required time
          -1.24   data arrival time
---------------------------------------------------------
          38.83   slack (MET)


Startpoint: rx_generated_activity[3]$_DFF_PP0_
            (rising edge-triggered flip-flop clocked by rx_clk_div2)
Endpoint: rx_generated_activity[13]$_DFF_PP0_
          (rising edge-triggered flip-flop clocked by rx_clk_div2)
Path Group: rx_clk_div2
Path Type: max

  Delay    Time   Description
---------------------------------------------------------
   0.00    0.00   clock rx_clk_div2 (rise edge)
   0.00    0.00   clock source latency
   0.05    0.05 ^ mrx_clk_pad_i (in)
   0.06    0.10 ^ clkbuf_0_mrx_clk_pad_i/Z (CLKBUF_X3)
   0.06    0.16 ^ clkbuf_2_3__f_mrx_clk_pad_i/Z (CLKBUF_X3)
   0.05    0.21 ^ clkbuf_leaf_28_mrx_clk_pad_i/Z (CLKBUF_X3)
   0.00    0.21 ^ u_rx_div.clk_out$_DFF_PP0_/CK (DFFR_X1)
   0.12    0.33 ^ u_rx_div.clk_out$_DFF_PP0_/Q (DFFR_X1)
   0.03    0.37 ^ clkbuf_regs_2_rx_clk_div2/Z (CLKBUF_X3)
   0.03    0.40 ^ clkbuf_0_net390_regs/Z (CLKBUF_X3)
   0.04    0.44 ^ clkbuf_1_0__f_net390_regs/Z (CLKBUF_X3)
   0.00    0.44 ^ rx_generated_activity[3]$_DFF_PP0_/CK (DFFR_X1)
   0.13    0.57 ^ rx_generated_activity[3]$_DFF_PP0_/Q (DFFR_X1)
   0.04    0.61 v _59951_/ZN (NAND4_X1)
   0.11    0.71 ^ _60472_/ZN (NOR2_X1)
   0.09    0.80 ^ _60473_/ZN (AND4_X1)
   0.04    0.84 v _60474_/ZN (NAND4_X1)
   0.04    0.88 v _60475_/ZN (XNOR2_X1)
   0.00    0.88 v rx_generated_activity[13]$_DFF_PP0_/D (DFFR_X1)
           0.88   data arrival time

  80.00   80.00   clock rx_clk_div2 (rise edge)
   0.00   80.00   clock source latency
   0.05   80.05 ^ mrx_clk_pad_i (in)
   0.06   80.10 ^ clkbuf_0_mrx_clk_pad_i/Z (CLKBUF_X3)
   0.06   80.16 ^ clkbuf_2_3__f_mrx_clk_pad_i/Z (CLKBUF_X3)
   0.05   80.21 ^ clkbuf_leaf_28_mrx_clk_pad_i/Z (CLKBUF_X3)
   0.00   80.21 ^ u_rx_div.clk_out$_DFF_PP0_/CK (DFFR_X1)
   0.12   80.33 ^ u_rx_div.clk_out$_DFF_PP0_/Q (DFFR_X1)
   0.03   80.37 ^ clkbuf_regs_2_rx_clk_div2/Z (CLKBUF_X3)
   0.03   80.40 ^ clkbuf_0_net390_regs/Z (CLKBUF_X3)
   0.04   80.44 ^ clkbuf_1_1__f_net390_regs/Z (CLKBUF_X3)
   0.00   80.44 ^ rx_generated_activity[13]$_DFF_PP0_/CK (DFFR_X1)
  -0.10   80.34   clock uncertainty
   0.00   80.34   clock reconvergence pessimism
  -0.04   80.30   library setup time
          80.30   data required time
---------------------------------------------------------
          80.30   data required time
          -0.88   data arrival time
---------------------------------------------------------
          79.42   slack (MET)


Startpoint: u_ethmac.txethmac1.txcounters1.NibCnt[1]$_DFFE_PP0P_
            (rising edge-triggered flip-flop clocked by tx_clk)
Endpoint: u_ethmac.txethmac1.txcounters1.NibCnt[11]$_DFFE_PP0P_
          (rising edge-triggered flip-flop clocked by tx_clk)
Path Group: tx_clk
Path Type: max

  Delay    Time   Description
---------------------------------------------------------
   0.00    0.00   clock tx_clk (rise edge)
   0.00    0.00   clock source latency
   0.05    0.05 ^ mtx_clk_pad_i (in)
   0.05    0.10 ^ clkbuf_0_mtx_clk_pad_i/Z (CLKBUF_X3)
   0.06    0.16 ^ clkbuf_2_2__f_mtx_clk_pad_i/Z (CLKBUF_X3)
   0.04    0.20 ^ clkbuf_leaf_20_mtx_clk_pad_i/Z (CLKBUF_X3)
   0.00    0.20 ^ u_ethmac.txethmac1.txcounters1.NibCnt[1]$_DFFE_PP0P_/CK (DFFR_X1)
   0.18    0.38 ^ u_ethmac.txethmac1.txcounters1.NibCnt[1]$_DFFE_PP0P_/Q (DFFR_X1)
   0.06    0.44 ^ _73843_/S (HA_X1)
   0.02    0.46 v _50526_/ZN (AOI21_X1)
   0.03    0.49 ^ _50527_/ZN (OAI21_X1)
   0.02    0.51 v _50528_/ZN (AOI21_X1)
   0.10    0.61 v _50531_/ZN (OR4_X1)
   0.04    0.65 ^ _50532_/ZN (AOI21_X1)
   0.04    0.69 v _50533_/ZN (OAI221_X1)
   0.09    0.78 ^ _50649_/ZN (AOI211_X2)
   0.04    0.82 v _50652_/ZN (AOI22_X2)
   0.07    0.89 v _50653_/ZN (OR2_X2)
   0.04    0.93 v _50704_/ZN (AND4_X1)
   0.00    0.93 v u_ethmac.txethmac1.txcounters1.NibCnt[11]$_DFFE_PP0P_/D (DFFR_X1)
           0.93   data arrival time

  40.00   40.00   clock tx_clk (rise edge)
   0.00   40.00   clock source latency
   0.05   40.05 ^ mtx_clk_pad_i (in)
   0.05   40.10 ^ clkbuf_0_mtx_clk_pad_i/Z (CLKBUF_X3)
   0.05   40.16 ^ clkbuf_2_1__f_mtx_clk_pad_i/Z (CLKBUF_X3)
   0.04   40.20 ^ clkbuf_leaf_24_mtx_clk_pad_i/Z (CLKBUF_X3)
   0.00   40.20 ^ u_ethmac.txethmac1.txcounters1.NibCnt[11]$_DFFE_PP0P_/CK (DFFR_X1)
  -0.10   40.10   clock uncertainty
   0.00   40.10   clock reconvergence pessimism
  -0.04   40.06   library setup time
          40.06   data required time
---------------------------------------------------------
          40.06   data required time
          -0.93   data arrival time
---------------------------------------------------------
          39.13   slack (MET)


Startpoint: tx_generated_activity[3]$_DFF_PP0_
            (rising edge-triggered flip-flop clocked by tx_clk_div2)
Endpoint: tx_generated_activity[15]$_DFF_PP0_
          (rising edge-triggered flip-flop clocked by tx_clk_div2)
Path Group: tx_clk_div2
Path Type: max

  Delay    Time   Description
---------------------------------------------------------
   0.00    0.00   clock tx_clk_div2 (rise edge)
   0.00    0.00   clock source latency
   0.05    0.05 ^ mtx_clk_pad_i (in)
   0.05    0.10 ^ clkbuf_0_mtx_clk_pad_i/Z (CLKBUF_X3)
   0.06    0.16 ^ clkbuf_2_2__f_mtx_clk_pad_i/Z (CLKBUF_X3)
   0.05    0.21 ^ clkbuf_leaf_22_mtx_clk_pad_i/Z (CLKBUF_X3)
   0.00    0.22 ^ u_tx_div.clk_out$_DFF_PP0_/CK (DFFR_X1)
   0.12    0.33 ^ u_tx_div.clk_out$_DFF_PP0_/Q (DFFR_X1)
   0.03    0.36 ^ clkbuf_regs_1_tx_clk_div2/Z (CLKBUF_X3)
   0.03    0.39 ^ clkbuf_0_net391_regs/Z (CLKBUF_X3)
   0.04    0.43 ^ clkbuf_1_1__f_net391_regs/Z (CLKBUF_X3)
   0.00    0.43 ^ tx_generated_activity[3]$_DFF_PP0_/CK (DFFR_X1)
   0.13    0.55 ^ tx_generated_activity[3]$_DFF_PP0_/Q (DFFR_X1)
   0.05    0.61 v _59965_/ZN (NAND4_X1)
   0.08    0.68 ^ _60186_/ZN (NOR3_X1)
   0.03    0.72 v _60461_/ZN (NAND3_X1)
   0.04    0.76 v _60462_/ZN (XNOR2_X1)
   0.00    0.76 v tx_generated_activity[15]$_DFF_PP0_/D (DFFR_X1)
           0.76   data arrival time

  80.00   80.00   clock tx_clk_div2 (rise edge)
   0.00   80.00   clock source latency
   0.05   80.05 ^ mtx_clk_pad_i (in)
   0.05   80.10 ^ clkbuf_0_mtx_clk_pad_i/Z (CLKBUF_X3)
   0.06   80.16 ^ clkbuf_2_2__f_mtx_clk_pad_i/Z (CLKBUF_X3)
   0.05   80.21 ^ clkbuf_leaf_22_mtx_clk_pad_i/Z (CLKBUF_X3)
   0.00   80.22 ^ u_tx_div.clk_out$_DFF_PP0_/CK (DFFR_X1)
   0.12   80.33 ^ u_tx_div.clk_out$_DFF_PP0_/Q (DFFR_X1)
   0.03   80.36 ^ clkbuf_regs_1_tx_clk_div2/Z (CLKBUF_X3)
   0.03   80.39 ^ clkbuf_0_net391_regs/Z (CLKBUF_X3)
   0.04   80.43 ^ clkbuf_1_1__f_net391_regs/Z (CLKBUF_X3)
   0.00   80.43 ^ tx_generated_activity[15]$_DFF_PP0_/CK (DFFR_X1)
  -0.10   80.33   clock uncertainty
   0.00   80.33   clock reconvergence pessimism
  -0.04   80.29   library setup time
          80.29   data required time
---------------------------------------------------------
          80.29   data required time
          -0.76   data arrival time
---------------------------------------------------------
          79.53   slack (MET)


Startpoint: _73885_ (rising edge-triggered flip-flop clocked by wb_clk)
Endpoint: u_ethmac.wishbone.RxBDReady$_DFFE_PP0P_
          (rising edge-triggered flip-flop clocked by wb_clk)
Path Group: wb_clk
Path Type: max

  Delay    Time   Description
---------------------------------------------------------
   0.00    0.00   clock wb_clk (rise edge)
   0.00    0.00   clock source latency
   0.10    0.10 ^ wb_clk_i (in)
   0.08    0.17 ^ clkbuf_0_wb_clk_i/Z (CLKBUF_X3)
   0.06    0.23 ^ clkbuf_2_1_0_wb_clk_i/Z (CLKBUF_X3)
   0.06    0.29 ^ clkbuf_4_6_0_wb_clk_i/Z (CLKBUF_X3)
   0.08    0.38 ^ clkbuf_7_53__f_wb_clk_i/Z (CLKBUF_X3)
   0.05    0.43 ^ clkbuf_leaf_769_wb_clk_i/Z (CLKBUF_X3)
   0.00    0.43 ^ _73885_/CK (DFF_X2)
   0.18    0.61 ^ _73885_/Q (DFF_X2)
   0.05    0.65 ^ place2365/Z (BUF_X8)
   0.17    0.82 ^ place2364/Z (BUF_X8)
   0.25    1.07 ^ place2363/Z (BUF_X4)
   0.10    1.17 ^ place2362/Z (BUF_X8)
   0.28    1.45 ^ place2361/Z (BUF_X2)
   0.08    1.53 v _55933_/Z (MUX2_X1)
   0.06    1.59 v _55935_/Z (MUX2_X1)
   0.07    1.66 v _55939_/Z (MUX2_X1)
   0.06    1.72 v _55947_/Z (MUX2_X1)
   0.08    1.80 v _55948_/Z (MUX2_X1)
   0.08    1.87 v _55980_/Z (MUX2_X1)
   0.14    2.01 ^ _55981_/ZN (AOI22_X1)
   0.07    2.09 v _55982_/ZN (AOI21_X1)
   0.07    2.16 v _58892_/Z (MUX2_X1)
   0.03    2.19 v _58893_/ZN (AND2_X1)
   0.00    2.19 v u_ethmac.wishbone.RxBDReady$_DFFE_PP0P_/D (DFFR_X1)
           2.19   data arrival time

 220.00  220.00   clock wb_clk (rise edge)
   0.00  220.00   clock source latency
   0.10  220.10 ^ wb_clk_i (in)
   0.08  220.17 ^ clkbuf_0_wb_clk_i/Z (CLKBUF_X3)
   0.06  220.23 ^ clkbuf_2_3_0_wb_clk_i/Z (CLKBUF_X3)
   0.06  220.29 ^ clkbuf_4_14_0_wb_clk_i/Z (CLKBUF_X3)
   0.05  220.35 ^ clkbuf_7_112__f_wb_clk_i/Z (CLKBUF_X3)
   0.04  220.39 ^ clkbuf_leaf_692_wb_clk_i/Z (CLKBUF_X3)
   0.00  220.39 ^ u_ethmac.wishbone.RxBDReady$_DFFE_PP0P_/CK (DFFR_X1)
  -0.10  220.29   clock uncertainty
   0.00  220.29   clock reconvergence pessimism
  -0.04  220.26   library setup time
         220.26   data required time
---------------------------------------------------------
         220.26   data required time
          -2.19   data arrival time
---------------------------------------------------------
         218.06   slack (MET)


Startpoint: wb_generated_activity[2]$_DFF_PP0_
            (rising edge-triggered flip-flop clocked by wb_clk_div2)
Endpoint: wb_generated_activity[13]$_DFF_PP0_
          (rising edge-triggered flip-flop clocked by wb_clk_div2)
Path Group: wb_clk_div2
Path Type: max

  Delay    Time   Description
---------------------------------------------------------
   0.00    0.00   clock wb_clk_div2 (rise edge)
   0.00    0.00   clock source latency
   0.10    0.10 ^ wb_clk_i (in)
   0.08    0.17 ^ clkbuf_0_wb_clk_i/Z (CLKBUF_X3)
   0.06    0.23 ^ clkbuf_2_3_0_wb_clk_i/Z (CLKBUF_X3)
   0.06    0.29 ^ clkbuf_4_13_0_wb_clk_i/Z (CLKBUF_X3)
   0.06    0.36 ^ clkbuf_7_106__f_wb_clk_i/Z (CLKBUF_X3)
   0.05    0.40 ^ clkbuf_leaf_888_wb_clk_i/Z (CLKBUF_X3)
   0.00    0.40 ^ u_wb_div.clk_out$_DFF_PP0_/CK (DFFR_X1)
   0.11    0.51 ^ u_wb_div.clk_out$_DFF_PP0_/Q (DFFR_X1)
   0.03    0.54 ^ clkbuf_regs_0_wb_clk_div2/Z (CLKBUF_X3)
   0.03    0.57 ^ clkbuf_0_net393_regs/Z (CLKBUF_X3)
   0.03    0.61 ^ clkbuf_1_0__f_net393_regs/Z (CLKBUF_X3)
   0.00    0.61 ^ wb_generated_activity[2]$_DFF_PP0_/CK (DFFR_X1)
   0.12    0.73 ^ wb_generated_activity[2]$_DFF_PP0_/Q (DFFR_X1)
   0.05    0.78 ^ _59994_/ZN (AND3_X1)
   0.05    0.83 ^ _59998_/ZN (AND3_X1)
   0.05    0.88 ^ _59999_/ZN (AND2_X1)
   0.01    0.89 v _60006_/ZN (INV_X1)
   0.04    0.93 ^ _60008_/ZN (NOR2_X1)
   0.04    0.97 v _60014_/ZN (NAND4_X1)
   0.04    1.01 v _60015_/ZN (XNOR2_X1)
   0.00    1.01 v wb_generated_activity[13]$_DFF_PP0_/D (DFFR_X1)
           1.01   data arrival time

 440.00  440.00   clock wb_clk_div2 (rise edge)
   0.00  440.00   clock source latency
   0.10  440.10 ^ wb_clk_i (in)
   0.08  440.17 ^ clkbuf_0_wb_clk_i/Z (CLKBUF_X3)
   0.06  440.23 ^ clkbuf_2_3_0_wb_clk_i/Z (CLKBUF_X3)
   0.06  440.29 ^ clkbuf_4_13_0_wb_clk_i/Z (CLKBUF_X3)
   0.06  440.36 ^ clkbuf_7_106__f_wb_clk_i/Z (CLKBUF_X3)
   0.05  440.40 ^ clkbuf_leaf_888_wb_clk_i/Z (CLKBUF_X3)
   0.00  440.40 ^ u_wb_div.clk_out$_DFF_PP0_/CK (DFFR_X1)
   0.11  440.51 ^ u_wb_div.clk_out$_DFF_PP0_/Q (DFFR_X1)
   0.03  440.54 ^ clkbuf_regs_0_wb_clk_div2/Z (CLKBUF_X3)
   0.03  440.57 ^ clkbuf_0_net393_regs/Z (CLKBUF_X3)
   0.03  440.61 ^ clkbuf_1_1__f_net393_regs/Z (CLKBUF_X3)
   0.00  440.61 ^ wb_generated_activity[13]$_DFF_PP0_/CK (DFFR_X1)
  -0.10  440.51   clock uncertainty
   0.00  440.51   clock reconvergence pessimism
  -0.04  440.47   library setup time
         440.47   data required time
---------------------------------------------------------
         440.47   data required time
          -1.01   data arrival time
---------------------------------------------------------
         439.45   slack (MET)



==========================================================================
finish report_checks -path_delay min reg to reg
--------------------------------------------------------------------------
Startpoint: u_aux0.state[2970]$_DFF_PP0_
            (rising edge-triggered flip-flop clocked by aux0_clk)
Endpoint: u_aux0.state[3002]$_DFF_PP0_
          (rising edge-triggered flip-flop clocked by aux0_clk)
Path Group: aux0_clk
Path Type: min

  Delay    Time   Description
---------------------------------------------------------
   0.00    0.00   clock aux0_clk (rise edge)
   0.00    0.00   clock source latency
   0.13    0.13 ^ aux0_clk_i (in)
   0.09    0.22 ^ clkbuf_0_aux0_clk_i/Z (CLKBUF_X3)
   0.05    0.27 ^ clkbuf_3_6_0_aux0_clk_i/Z (CLKBUF_X3)
   0.06    0.33 ^ clkbuf_5_25__f_aux0_clk_i/Z (CLKBUF_X3)
   0.05    0.38 ^ clkbuf_leaf_261_aux0_clk_i/Z (CLKBUF_X3)
   0.00    0.38 ^ u_aux0.state[2970]$_DFF_PP0_/CK (DFFR_X1)
   0.09    0.47 v u_aux0.state[2970]$_DFF_PP0_/Q (DFFR_X1)
   0.03    0.50 v hold2879/Z (CLKBUF_X1)
   0.00    0.50 v u_aux0.state[3002]$_DFF_PP0_/D (DFFR_X1)
           0.50   data arrival time

   0.00    0.00   clock aux0_clk (rise edge)
   0.00    0.00   clock source latency
   0.13    0.13 ^ aux0_clk_i (in)
   0.09    0.22 ^ clkbuf_0_aux0_clk_i/Z (CLKBUF_X3)
   0.05    0.27 ^ clkbuf_3_7_0_aux0_clk_i/Z (CLKBUF_X3)
   0.07    0.34 ^ clkbuf_5_28__f_aux0_clk_i/Z (CLKBUF_X3)
   0.05    0.39 ^ clkbuf_leaf_264_aux0_clk_i/Z (CLKBUF_X3)
   0.00    0.39 ^ u_aux0.state[3002]$_DFF_PP0_/CK (DFFR_X1)
   0.10    0.49   clock uncertainty
   0.00    0.49   clock reconvergence pessimism
   0.01    0.50   library hold time
           0.50   data required time
---------------------------------------------------------
           0.50   data required time
          -0.50   data arrival time
---------------------------------------------------------
           0.00   slack (VIOLATED)


Startpoint: aux0_generated_activity[15]$_DFF_PP0_
            (rising edge-triggered flip-flop clocked by aux0_clk_div2)
Endpoint: aux0_generated_activity[15]$_DFF_PP0_
          (rising edge-triggered flip-flop clocked by aux0_clk_div2)
Path Group: aux0_clk_div2
Path Type: min

  Delay    Time   Description
---------------------------------------------------------
   0.00    0.00   clock aux0_clk_div2 (rise edge)
   0.00    0.00   clock source latency
   0.13    0.13 ^ aux0_clk_i (in)
   0.09    0.22 ^ clkbuf_0_aux0_clk_i/Z (CLKBUF_X3)
   0.05    0.27 ^ clkbuf_3_7_0_aux0_clk_i/Z (CLKBUF_X3)
   0.07    0.34 ^ clkbuf_5_29__f_aux0_clk_i/Z (CLKBUF_X3)
   0.06    0.41 ^ clkbuf_leaf_305_aux0_clk_i/Z (CLKBUF_X3)
   0.01    0.41 ^ u_aux0_div.clk_out$_DFF_PP0_/CK (DFFR_X1)
   0.11    0.53 ^ u_aux0_div.clk_out$_DFF_PP0_/Q (DFFR_X1)
   0.03    0.56 ^ clkbuf_regs_3_aux0_clk_div2/Z (CLKBUF_X3)
   0.03    0.58 ^ clkbuf_0_net162_regs/Z (CLKBUF_X3)
   0.04    0.62 ^ clkbuf_1_1__f_net162_regs/Z (CLKBUF_X3)
   0.00    0.62 ^ aux0_generated_activity[15]$_DFF_PP0_/CK (DFFR_X1)
   0.09    0.71 v aux0_generated_activity[15]$_DFF_PP0_/Q (DFFR_X1)
   0.02    0.74 ^ _60177_/ZN (XNOR2_X1)
   0.00    0.74 ^ aux0_generated_activity[15]$_DFF_PP0_/D (DFFR_X1)
           0.74   data arrival time

   0.00    0.00   clock aux0_clk_div2 (rise edge)
   0.00    0.00   clock source latency
   0.13    0.13 ^ aux0_clk_i (in)
   0.09    0.22 ^ clkbuf_0_aux0_clk_i/Z (CLKBUF_X3)
   0.05    0.27 ^ clkbuf_3_7_0_aux0_clk_i/Z (CLKBUF_X3)
   0.07    0.34 ^ clkbuf_5_29__f_aux0_clk_i/Z (CLKBUF_X3)
   0.06    0.41 ^ clkbuf_leaf_305_aux0_clk_i/Z (CLKBUF_X3)
   0.01    0.41 ^ u_aux0_div.clk_out$_DFF_PP0_/CK (DFFR_X1)
   0.11    0.53 ^ u_aux0_div.clk_out$_DFF_PP0_/Q (DFFR_X1)
   0.03    0.56 ^ clkbuf_regs_3_aux0_clk_div2/Z (CLKBUF_X3)
   0.03    0.58 ^ clkbuf_0_net162_regs/Z (CLKBUF_X3)
   0.04    0.62 ^ clkbuf_1_1__f_net162_regs/Z (CLKBUF_X3)
   0.00    0.62 ^ aux0_generated_activity[15]$_DFF_PP0_/CK (DFFR_X1)
   0.10    0.72   clock uncertainty
   0.00    0.72   clock reconvergence pessimism
   0.01    0.73   library hold time
           0.73   data required time
---------------------------------------------------------
           0.73   data required time
          -0.74   data arrival time
---------------------------------------------------------
           0.01   slack (MET)


Startpoint: u_aux1.state[266]$_DFF_PP0_
            (rising edge-triggered flip-flop clocked by aux1_clk)
Endpoint: u_aux1.state[298]$_DFF_PP0_
          (rising edge-triggered flip-flop clocked by aux1_clk)
Path Group: aux1_clk
Path Type: min

  Delay    Time   Description
---------------------------------------------------------
   0.00    0.00   clock aux1_clk (rise edge)
   0.00    0.00   clock source latency
   0.09    0.09 ^ aux1_clk_i (in)
   0.08    0.17 ^ clkbuf_0_aux1_clk_i/Z (CLKBUF_X3)
   0.07    0.23 ^ clkbuf_2_3_0_aux1_clk_i/Z (CLKBUF_X3)
   0.08    0.31 ^ clkbuf_5_31__f_aux1_clk_i/Z (CLKBUF_X3)
   0.05    0.36 ^ clkbuf_leaf_411_aux1_clk_i/Z (CLKBUF_X3)
   0.00    0.36 ^ u_aux1.state[266]$_DFF_PP0_/CK (DFFR_X1)
   0.09    0.45 v u_aux1.state[266]$_DFF_PP0_/Q (DFFR_X1)
   0.00    0.45 v u_aux1.state[298]$_DFF_PP0_/D (DFFR_X1)
           0.45   data arrival time

   0.00    0.00   clock aux1_clk (rise edge)
   0.00    0.00   clock source latency
   0.09    0.09 ^ aux1_clk_i (in)
   0.08    0.17 ^ clkbuf_0_aux1_clk_i/Z (CLKBUF_X3)
   0.07    0.23 ^ clkbuf_2_3_0_aux1_clk_i/Z (CLKBUF_X3)
   0.07    0.30 ^ clkbuf_5_30__f_aux1_clk_i/Z (CLKBUF_X3)
   0.05    0.35 ^ clkbuf_leaf_403_aux1_clk_i/Z (CLKBUF_X3)
   0.00    0.35 ^ u_aux1.state[298]$_DFF_PP0_/CK (DFFR_X1)
   0.10    0.45   clock uncertainty
   0.00    0.45   clock reconvergence pessimism
   0.01    0.45   library hold time
           0.45   data required time
---------------------------------------------------------
           0.45   data required time
          -0.45   data arrival time
---------------------------------------------------------
           0.00   slack (VIOLATED)


Startpoint: aux1_generated_activity[14]$_DFF_PP0_
            (rising edge-triggered flip-flop clocked by aux1_clk_div2)
Endpoint: aux1_generated_activity[14]$_DFF_PP0_
          (rising edge-triggered flip-flop clocked by aux1_clk_div2)
Path Group: aux1_clk_div2
Path Type: min

  Delay    Time   Description
---------------------------------------------------------
   0.00    0.00   clock aux1_clk_div2 (rise edge)
   0.00    0.00   clock source latency
   0.09    0.09 ^ aux1_clk_i (in)
   0.08    0.17 ^ clkbuf_0_aux1_clk_i/Z (CLKBUF_X3)
   0.07    0.23 ^ clkbuf_2_3_0_aux1_clk_i/Z (CLKBUF_X3)
   0.08    0.31 ^ clkbuf_5_31__f_aux1_clk_i/Z (CLKBUF_X3)
   0.06    0.37 ^ clkbuf_leaf_423_aux1_clk_i/Z (CLKBUF_X3)
   0.00    0.37 ^ u_aux1_div.clk_out$_DFF_PP0_/CK (DFFR_X1)
   0.11    0.48 ^ u_aux1_div.clk_out$_DFF_PP0_/Q (DFFR_X1)
   0.03    0.51 ^ clkbuf_regs_4_aux1_clk_div2/Z (CLKBUF_X3)
   0.03    0.54 ^ clkbuf_0_net195_regs/Z (CLKBUF_X3)
   0.04    0.58 ^ clkbuf_1_1__f_net195_regs/Z (CLKBUF_X3)
   0.00    0.58 ^ aux1_generated_activity[14]$_DFF_PP0_/CK (DFFR_X1)
   0.10    0.67 v aux1_generated_activity[14]$_DFF_PP0_/Q (DFFR_X1)
   0.02    0.70 ^ _61711_/Z (XOR2_X1)
   0.00    0.70 ^ aux1_generated_activity[14]$_DFF_PP0_/D (DFFR_X1)
           0.70   data arrival time

   0.00    0.00   clock aux1_clk_div2 (rise edge)
   0.00    0.00   clock source latency
   0.09    0.09 ^ aux1_clk_i (in)
   0.08    0.17 ^ clkbuf_0_aux1_clk_i/Z (CLKBUF_X3)
   0.07    0.23 ^ clkbuf_2_3_0_aux1_clk_i/Z (CLKBUF_X3)
   0.08    0.31 ^ clkbuf_5_31__f_aux1_clk_i/Z (CLKBUF_X3)
   0.06    0.37 ^ clkbuf_leaf_423_aux1_clk_i/Z (CLKBUF_X3)
   0.00    0.37 ^ u_aux1_div.clk_out$_DFF_PP0_/CK (DFFR_X1)
   0.11    0.48 ^ u_aux1_div.clk_out$_DFF_PP0_/Q (DFFR_X1)
   0.03    0.51 ^ clkbuf_regs_4_aux1_clk_div2/Z (CLKBUF_X3)
   0.03    0.54 ^ clkbuf_0_net195_regs/Z (CLKBUF_X3)
   0.04    0.58 ^ clkbuf_1_1__f_net195_regs/Z (CLKBUF_X3)
   0.00    0.58 ^ aux1_generated_activity[14]$_DFF_PP0_/CK (DFFR_X1)
   0.10    0.68   clock uncertainty
   0.00    0.68   clock reconvergence pessimism
   0.01    0.69   library hold time
           0.69   data required time
---------------------------------------------------------
           0.69   data required time
          -0.70   data arrival time
---------------------------------------------------------
           0.01   slack (MET)


Startpoint: u_ethmac.rxethmac1.RxData_d[3]$_DFFE_PP0P_
            (rising edge-triggered flip-flop clocked by rx_clk)
Endpoint: u_ethmac.rxethmac1.RxData[3]$_DFF_PP0_
          (rising edge-triggered flip-flop clocked by rx_clk)
Path Group: rx_clk
Path Type: min

  Delay    Time   Description
---------------------------------------------------------
   0.00    0.00   clock rx_clk (rise edge)
   0.00    0.00   clock source latency
   0.05    0.05 ^ mrx_clk_pad_i (in)
   0.06    0.10 ^ clkbuf_0_mrx_clk_pad_i/Z (CLKBUF_X3)
   0.06    0.16 ^ clkbuf_2_3__f_mrx_clk_pad_i/Z (CLKBUF_X3)
   0.04    0.21 ^ clkbuf_leaf_23_mrx_clk_pad_i/Z (CLKBUF_X3)
   0.00    0.21 ^ u_ethmac.rxethmac1.RxData_d[3]$_DFFE_PP0P_/CK (DFFR_X1)
   0.09    0.30 v u_ethmac.rxethmac1.RxData_d[3]$_DFFE_PP0P_/Q (DFFR_X1)
   0.03    0.33 v hold3009/Z (CLKBUF_X1)
   0.00    0.33 v u_ethmac.rxethmac1.RxData[3]$_DFF_PP0_/D (DFFR_X1)
           0.33   data arrival time

   0.00    0.00   clock rx_clk (rise edge)
   0.00    0.00   clock source latency
   0.05    0.05 ^ mrx_clk_pad_i (in)
   0.06    0.10 ^ clkbuf_0_mrx_clk_pad_i/Z (CLKBUF_X3)
   0.07    0.17 ^ clkbuf_2_0__f_mrx_clk_pad_i/Z (CLKBUF_X3)
   0.05    0.22 ^ clkbuf_leaf_20_mrx_clk_pad_i/Z (CLKBUF_X3)
   0.00    0.22 ^ u_ethmac.rxethmac1.RxData[3]$_DFF_PP0_/CK (DFFR_X1)
   0.10    0.32   clock uncertainty
   0.00    0.32   clock reconvergence pessimism
   0.01    0.32   library hold time
           0.32   data required time
---------------------------------------------------------
           0.32   data required time
          -0.33   data arrival time
---------------------------------------------------------
           0.00   slack (MET)


Startpoint: rx_generated_activity[15]$_DFF_PP0_
            (rising edge-triggered flip-flop clocked by rx_clk_div2)
Endpoint: rx_generated_activity[15]$_DFF_PP0_
          (rising edge-triggered flip-flop clocked by rx_clk_div2)
Path Group: rx_clk_div2
Path Type: min

  Delay    Time   Description
---------------------------------------------------------
   0.00    0.00   clock rx_clk_div2 (rise edge)
   0.00    0.00   clock source latency
   0.05    0.05 ^ mrx_clk_pad_i (in)
   0.06    0.10 ^ clkbuf_0_mrx_clk_pad_i/Z (CLKBUF_X3)
   0.06    0.16 ^ clkbuf_2_3__f_mrx_clk_pad_i/Z (CLKBUF_X3)
   0.05    0.21 ^ clkbuf_leaf_28_mrx_clk_pad_i/Z (CLKBUF_X3)
   0.00    0.21 ^ u_rx_div.clk_out$_DFF_PP0_/CK (DFFR_X1)
   0.12    0.33 ^ u_rx_div.clk_out$_DFF_PP0_/Q (DFFR_X1)
   0.03    0.37 ^ clkbuf_regs_2_rx_clk_div2/Z (CLKBUF_X3)
   0.03    0.40 ^ clkbuf_0_net390_regs/Z (CLKBUF_X3)
   0.04    0.44 ^ clkbuf_1_1__f_net390_regs/Z (CLKBUF_X3)
   0.00    0.44 ^ rx_generated_activity[15]$_DFF_PP0_/CK (DFFR_X1)
   0.09    0.53 v rx_generated_activity[15]$_DFF_PP0_/Q (DFFR_X1)
   0.03    0.56 ^ _61769_/ZN (XNOR2_X1)
   0.00    0.56 ^ rx_generated_activity[15]$_DFF_PP0_/D (DFFR_X1)
           0.56   data arrival time

   0.00    0.00   clock rx_clk_div2 (rise edge)
   0.00    0.00   clock source latency
   0.05    0.05 ^ mrx_clk_pad_i (in)
   0.06    0.10 ^ clkbuf_0_mrx_clk_pad_i/Z (CLKBUF_X3)
   0.06    0.16 ^ clkbuf_2_3__f_mrx_clk_pad_i/Z (CLKBUF_X3)
   0.05    0.21 ^ clkbuf_leaf_28_mrx_clk_pad_i/Z (CLKBUF_X3)
   0.00    0.21 ^ u_rx_div.clk_out$_DFF_PP0_/CK (DFFR_X1)
   0.12    0.33 ^ u_rx_div.clk_out$_DFF_PP0_/Q (DFFR_X1)
   0.03    0.37 ^ clkbuf_regs_2_rx_clk_div2/Z (CLKBUF_X3)
   0.03    0.40 ^ clkbuf_0_net390_regs/Z (CLKBUF_X3)
   0.04    0.44 ^ clkbuf_1_1__f_net390_regs/Z (CLKBUF_X3)
   0.00    0.44 ^ rx_generated_activity[15]$_DFF_PP0_/CK (DFFR_X1)
   0.10    0.54   clock uncertainty
   0.00    0.54   clock reconvergence pessimism
   0.01    0.55   library hold time
           0.55   data required time
---------------------------------------------------------
           0.55   data required time
          -0.56   data arrival time
---------------------------------------------------------
           0.01   slack (MET)


Startpoint: u_ethmac.txethmac1.txcrc.Crc[29]$_DFF_PP1_
            (rising edge-triggered flip-flop clocked by tx_clk)
Endpoint: u_ethmac.txethmac1.MTxD[2]$_DFF_PP0_
          (rising edge-triggered flip-flop clocked by tx_clk)
Path Group: tx_clk
Path Type: min

  Delay    Time   Description
---------------------------------------------------------
   0.00    0.00   clock tx_clk (rise edge)
   0.00    0.00   clock source latency
   0.05    0.05 ^ mtx_clk_pad_i (in)
   0.05    0.10 ^ clkbuf_0_mtx_clk_pad_i/Z (CLKBUF_X3)
   0.06    0.16 ^ clkbuf_2_3__f_mtx_clk_pad_i/Z (CLKBUF_X3)
   0.04    0.20 ^ clkbuf_leaf_8_mtx_clk_pad_i/Z (CLKBUF_X3)
   0.00    0.20 ^ u_ethmac.txethmac1.txcrc.Crc[29]$_DFF_PP1_/CK (DFFS_X1)
   0.07    0.27 ^ u_ethmac.txethmac1.txcrc.Crc[29]$_DFF_PP1_/QN (DFFS_X1)
   0.01    0.29 v _60347_/ZN (AOI21_X1)
   0.03    0.31 ^ _60348_/ZN (OAI21_X1)
   0.00    0.31 ^ u_ethmac.txethmac1.MTxD[2]$_DFF_PP0_/D (DFFR_X1)
           0.31   data arrival time

   0.00    0.00   clock tx_clk (rise edge)
   0.00    0.00   clock source latency
   0.05    0.05 ^ mtx_clk_pad_i (in)
   0.05    0.10 ^ clkbuf_0_mtx_clk_pad_i/Z (CLKBUF_X3)
   0.06    0.16 ^ clkbuf_2_3__f_mtx_clk_pad_i/Z (CLKBUF_X3)
   0.04    0.20 ^ clkbuf_leaf_6_mtx_clk_pad_i/Z (CLKBUF_X3)
   0.00    0.20 ^ u_ethmac.txethmac1.MTxD[2]$_DFF_PP0_/CK (DFFR_X1)
   0.10    0.30   clock uncertainty
   0.00    0.30   clock reconvergence pessimism
   0.01    0.31   library hold time
           0.31   data required time
---------------------------------------------------------
           0.31   data required time
          -0.31   data arrival time
---------------------------------------------------------
           0.00   slack (VIOLATED)


Startpoint: tx_generated_activity[15]$_DFF_PP0_
            (rising edge-triggered flip-flop clocked by tx_clk_div2)
Endpoint: tx_generated_activity[15]$_DFF_PP0_
          (rising edge-triggered flip-flop clocked by tx_clk_div2)
Path Group: tx_clk_div2
Path Type: min

  Delay    Time   Description
---------------------------------------------------------
   0.00    0.00   clock tx_clk_div2 (rise edge)
   0.00    0.00   clock source latency
   0.05    0.05 ^ mtx_clk_pad_i (in)
   0.05    0.10 ^ clkbuf_0_mtx_clk_pad_i/Z (CLKBUF_X3)
   0.06    0.16 ^ clkbuf_2_2__f_mtx_clk_pad_i/Z (CLKBUF_X3)
   0.05    0.21 ^ clkbuf_leaf_22_mtx_clk_pad_i/Z (CLKBUF_X3)
   0.00    0.22 ^ u_tx_div.clk_out$_DFF_PP0_/CK (DFFR_X1)
   0.12    0.33 ^ u_tx_div.clk_out$_DFF_PP0_/Q (DFFR_X1)
   0.03    0.36 ^ clkbuf_regs_1_tx_clk_div2/Z (CLKBUF_X3)
   0.03    0.39 ^ clkbuf_0_net391_regs/Z (CLKBUF_X3)
   0.04    0.43 ^ clkbuf_1_1__f_net391_regs/Z (CLKBUF_X3)
   0.00    0.43 ^ tx_generated_activity[15]$_DFF_PP0_/CK (DFFR_X1)
   0.09    0.52 v tx_generated_activity[15]$_DFF_PP0_/Q (DFFR_X1)
   0.02    0.54 ^ _60462_/ZN (XNOR2_X1)
   0.00    0.54 ^ tx_generated_activity[15]$_DFF_PP0_/D (DFFR_X1)
           0.54   data arrival time

   0.00    0.00   clock tx_clk_div2 (rise edge)
   0.00    0.00   clock source latency
   0.05    0.05 ^ mtx_clk_pad_i (in)
   0.05    0.10 ^ clkbuf_0_mtx_clk_pad_i/Z (CLKBUF_X3)
   0.06    0.16 ^ clkbuf_2_2__f_mtx_clk_pad_i/Z (CLKBUF_X3)
   0.05    0.21 ^ clkbuf_leaf_22_mtx_clk_pad_i/Z (CLKBUF_X3)
   0.00    0.22 ^ u_tx_div.clk_out$_DFF_PP0_/CK (DFFR_X1)
   0.12    0.33 ^ u_tx_div.clk_out$_DFF_PP0_/Q (DFFR_X1)
   0.03    0.36 ^ clkbuf_regs_1_tx_clk_div2/Z (CLKBUF_X3)
   0.03    0.39 ^ clkbuf_0_net391_regs/Z (CLKBUF_X3)
   0.04    0.43 ^ clkbuf_1_1__f_net391_regs/Z (CLKBUF_X3)
   0.00    0.43 ^ tx_generated_activity[15]$_DFF_PP0_/CK (DFFR_X1)
   0.10    0.53   clock uncertainty
   0.00    0.53   clock reconvergence pessimism
   0.01    0.54   library hold time
           0.54   data required time
---------------------------------------------------------
           0.54   data required time
          -0.54   data arrival time
---------------------------------------------------------
           0.01   slack (MET)


Startpoint: u_ethmac.wishbone.TxRetryPacketBlocked$_DFFE_PP0P_
            (rising edge-triggered flip-flop clocked by wb_clk)
Endpoint: u_ethmac.wishbone.TxRetryPacket$_DFF_PP0_
          (rising edge-triggered flip-flop clocked by wb_clk)
Path Group: wb_clk
Path Type: min

  Delay    Time   Description
---------------------------------------------------------
   0.00    0.00   clock wb_clk (rise edge)
   0.00    0.00   clock source latency
   0.10    0.10 ^ wb_clk_i (in)
   0.08    0.17 ^ clkbuf_0_wb_clk_i/Z (CLKBUF_X3)
   0.06    0.23 ^ clkbuf_2_2_0_wb_clk_i/Z (CLKBUF_X3)
   0.06    0.29 ^ clkbuf_4_11_0_wb_clk_i/Z (CLKBUF_X3)
   0.05    0.35 ^ clkbuf_7_88__f_wb_clk_i/Z (CLKBUF_X3)
   0.04    0.39 ^ clkbuf_leaf_471_wb_clk_i/Z (CLKBUF_X3)
   0.00    0.39 ^ u_ethmac.wishbone.TxRetryPacketBlocked$_DFFE_PP0P_/CK (DFFR_X1)
   0.07    0.46 v u_ethmac.wishbone.TxRetryPacketBlocked$_DFFE_PP0P_/QN (DFFR_X1)
   0.04    0.49 v _59325_/ZN (AND3_X1)
   0.00    0.49 v u_ethmac.wishbone.TxRetryPacket$_DFF_PP0_/D (DFFR_X1)
           0.49   data arrival time

   0.00    0.00   clock wb_clk (rise edge)
   0.00    0.00   clock source latency
   0.10    0.10 ^ wb_clk_i (in)
   0.08    0.17 ^ clkbuf_0_wb_clk_i/Z (CLKBUF_X3)
   0.06    0.23 ^ clkbuf_2_2_0_wb_clk_i/Z (CLKBUF_X3)
   0.06    0.29 ^ clkbuf_4_11_0_wb_clk_i/Z (CLKBUF_X3)
   0.05    0.35 ^ clkbuf_7_88__f_wb_clk_i/Z (CLKBUF_X3)
   0.04    0.39 ^ clkbuf_leaf_471_wb_clk_i/Z (CLKBUF_X3)
   0.00    0.39 ^ u_ethmac.wishbone.TxRetryPacket$_DFF_PP0_/CK (DFFR_X1)
   0.10    0.49   clock uncertainty
   0.00    0.49   clock reconvergence pessimism
   0.01    0.49   library hold time
           0.49   data required time
---------------------------------------------------------
           0.49   data required time
          -0.49   data arrival time
---------------------------------------------------------
           0.00   slack (VIOLATED)


Startpoint: wb_generated_activity[15]$_DFF_PP0_
            (rising edge-triggered flip-flop clocked by wb_clk_div2)
Endpoint: wb_generated_activity[15]$_DFF_PP0_
          (rising edge-triggered flip-flop clocked by wb_clk_div2)
Path Group: wb_clk_div2
Path Type: min

  Delay    Time   Description
---------------------------------------------------------
   0.00    0.00   clock wb_clk_div2 (rise edge)
   0.00    0.00   clock source latency
   0.10    0.10 ^ wb_clk_i (in)
   0.08    0.17 ^ clkbuf_0_wb_clk_i/Z (CLKBUF_X3)
   0.06    0.23 ^ clkbuf_2_3_0_wb_clk_i/Z (CLKBUF_X3)
   0.06    0.29 ^ clkbuf_4_13_0_wb_clk_i/Z (CLKBUF_X3)
   0.06    0.36 ^ clkbuf_7_106__f_wb_clk_i/Z (CLKBUF_X3)
   0.05    0.40 ^ clkbuf_leaf_888_wb_clk_i/Z (CLKBUF_X3)
   0.00    0.40 ^ u_wb_div.clk_out$_DFF_PP0_/CK (DFFR_X1)
   0.11    0.51 ^ u_wb_div.clk_out$_DFF_PP0_/Q (DFFR_X1)
   0.03    0.54 ^ clkbuf_regs_0_wb_clk_div2/Z (CLKBUF_X3)
   0.03    0.57 ^ clkbuf_0_net393_regs/Z (CLKBUF_X3)
   0.03    0.61 ^ clkbuf_1_1__f_net393_regs/Z (CLKBUF_X3)
   0.00    0.61 ^ wb_generated_activity[15]$_DFF_PP0_/CK (DFFR_X1)
   0.09    0.70 v wb_generated_activity[15]$_DFF_PP0_/Q (DFFR_X1)
   0.02    0.72 ^ _61772_/ZN (XNOR2_X1)
   0.00    0.72 ^ wb_generated_activity[15]$_DFF_PP0_/D (DFFR_X1)
           0.72   data arrival time

   0.00    0.00   clock wb_clk_div2 (rise edge)
   0.00    0.00   clock source latency
   0.10    0.10 ^ wb_clk_i (in)
   0.08    0.17 ^ clkbuf_0_wb_clk_i/Z (CLKBUF_X3)
   0.06    0.23 ^ clkbuf_2_3_0_wb_clk_i/Z (CLKBUF_X3)
   0.06    0.29 ^ clkbuf_4_13_0_wb_clk_i/Z (CLKBUF_X3)
   0.06    0.36 ^ clkbuf_7_106__f_wb_clk_i/Z (CLKBUF_X3)
   0.05    0.40 ^ clkbuf_leaf_888_wb_clk_i/Z (CLKBUF_X3)
   0.00    0.40 ^ u_wb_div.clk_out$_DFF_PP0_/CK (DFFR_X1)
   0.11    0.51 ^ u_wb_div.clk_out$_DFF_PP0_/Q (DFFR_X1)
   0.03    0.54 ^ clkbuf_regs_0_wb_clk_div2/Z (CLKBUF_X3)
   0.03    0.57 ^ clkbuf_0_net393_regs/Z (CLKBUF_X3)
   0.03    0.61 ^ clkbuf_1_1__f_net393_regs/Z (CLKBUF_X3)
   0.00    0.61 ^ wb_generated_activity[15]$_DFF_PP0_/CK (DFFR_X1)
   0.10    0.71   clock uncertainty
   0.00    0.71   clock reconvergence pessimism
   0.01    0.72   library hold time
           0.72   data required time
---------------------------------------------------------
           0.72   data required time
          -0.72   data arrival time
---------------------------------------------------------
           0.01   slack (MET)



==========================================================================
finish critical path target clock latency max path
--------------------------------------------------------------------------
0.3882

==========================================================================
finish critical path target clock latency min path
--------------------------------------------------------------------------
0.3875

==========================================================================
finish critical path source clock latency min path
--------------------------------------------------------------------------
0.0000

==========================================================================
finish critical path delay
--------------------------------------------------------------------------
0.5805

==========================================================================
finish critical path slack
--------------------------------------------------------------------------
-0.4305

==========================================================================
finish slack div critical path delay
--------------------------------------------------------------------------
-74.160207

==========================================================================
finish report_power
--------------------------------------------------------------------------
Group                  Internal  Switching    Leakage      Total
                          Power      Power      Power      Power (Watts)
----------------------------------------------------------------
Sequential             1.30e-01   6.10e-03   1.37e-03   1.37e-01  59.4%
Combinational          2.37e-02   1.43e-02   9.25e-04   3.90e-02  16.9%
Clock                  2.45e-02   3.00e-02   1.15e-04   5.47e-02  23.7%
Macro                  0.00e+00   0.00e+00   0.00e+00   0.00e+00   0.0%
Pad                    0.00e+00   0.00e+00   0.00e+00   0.00e+00   0.0%
----------------------------------------------------------------
Total                  1.78e-01   5.05e-02   2.41e-03   2.31e-01 100.0%
                          77.1%      21.9%       1.0%
