
==========================================================================
finish report_tns
--------------------------------------------------------------------------
tns max -18.65

==========================================================================
finish report_wns
--------------------------------------------------------------------------
wns max -0.34

==========================================================================
finish report_worst_slack
--------------------------------------------------------------------------
worst slack max -0.34

==========================================================================
finish report_clock_min_period
--------------------------------------------------------------------------
aux0_clk period_min = 0.79 fmax = 1272.73
aux0_clk_div2 period_min = 0.48 fmax = 2068.13
aux1_clk period_min = 0.85 fmax = 1183.21
aux1_clk_div2 period_min = 0.53 fmax = 1878.00
rx_clk period_min = 2.42 fmax = 412.61
rx_clk_div2 period_min = 0.51 fmax = 1976.98
tx_clk period_min = 2.48 fmax = 403.95
tx_clk_div2 period_min = 0.47 fmax = 2115.02
wb_clk period_min = 2.83 fmax = 352.77
wb_clk_div2 period_min = 0.54 fmax = 1835.96

==========================================================================
finish report_clock_skew
--------------------------------------------------------------------------
Clock aux0_clk
   0.32 source latency u_aux0.state[2168]$_DFF_PP0_/CK ^
  -0.29 target latency u_aux0.state[2200]$_DFF_PP0_/CK ^
   0.10 clock uncertainty
   0.00 CRPR
--------------
   0.13 setup skew

Clock aux0_clk_div2
   0.54 source latency aux0_generated_activity[13]$_DFF_PP0_/CK ^
  -0.54 target latency aux0_generated_activity[14]$_DFF_PP0_/CK ^
   0.10 clock uncertainty
   0.00 CRPR
--------------
   0.10 setup skew

Clock aux1_clk
   0.35 source latency u_aux1_cdc.command_pulse$_DFF_PP0_/CK ^
  -0.30 target latency u_aux1.state[4]$_DFF_PP0_/CK ^
   0.10 clock uncertainty
   0.00 CRPR
--------------
   0.15 setup skew

Clock aux1_clk_div2
   0.60 source latency aux1_generated_activity[3]$_DFF_PP0_/CK ^
  -0.60 target latency aux1_generated_activity[6]$_DFF_PP0_/CK ^
   0.10 clock uncertainty
   0.00 CRPR
--------------
   0.10 setup skew

Clock rx_clk
   0.23 source latency u_ethmac.rxethmac1.rxcounters1.ByteCnt[15]$_DFFE_PP0P_/CK ^
  -0.21 target latency u_ethmac.maccontrol1.receivecontrol1.PauseTimer[14]$_DFFE_PP0P_/CK ^
   0.10 clock uncertainty
   0.00 CRPR
--------------
   0.12 setup skew

Clock rx_clk_div2
   0.44 source latency rx_generated_activity[4]$_DFF_PP0_/CK ^
  -0.44 target latency rx_generated_activity[5]$_DFF_PP0_/CK ^
   0.10 clock uncertainty
   0.00 CRPR
--------------
   0.10 setup skew

Clock tx_clk
   0.22 source latency u_ethmac.maccontrol1.receivecontrol1.PauseTimerEq0_sync2$_DFF_PP1_/CK ^
  -0.20 target latency u_ethmac.maccontrol1.receivecontrol1.Pause$_DFFE_PP0P_/CK ^
   0.10 clock uncertainty
   0.00 CRPR
--------------
   0.12 setup skew

Clock tx_clk_div2
   0.44 source latency tx_generated_activity[1]$_DFF_PP0_/CK ^
  -0.44 target latency tx_generated_activity[6]$_DFF_PP0_/CK ^
   0.10 clock uncertainty
   0.00 CRPR
--------------
   0.10 setup skew

Clock wb_clk
   0.47 source latency u_ethmac.wishbone.bd_ram.mem2[47][1]$_DFFE_PP_/CK ^
  -0.43 target latency u_ethmac.wishbone.TxLength[1]$_DFFE_PP0P_/CK ^
   0.10 clock uncertainty
   0.00 CRPR
--------------
   0.14 setup skew

Clock wb_clk_div2
   0.65 source latency wb_generated_activity[0]$_DFF_PP0_/CK ^
  -0.65 target latency wb_generated_activity[2]$_DFF_PP0_/CK ^
   0.10 clock uncertainty
   0.00 CRPR
--------------
   0.10 setup skew


==========================================================================
finish report_checks -path_delay min
--------------------------------------------------------------------------
Startpoint: u_aux0.state[2290]$_DFF_PP0_
            (rising edge-triggered flip-flop clocked by aux0_clk)
Endpoint: u_aux0.state[2322]$_DFF_PP0_
          (rising edge-triggered flip-flop clocked by aux0_clk)
Path Group: aux0_clk
Path Type: min

Fanout     Cap    Slew   Delay    Time   Description
-----------------------------------------------------------------------------
                          0.00    0.00   clock aux0_clk (rise edge)
                          0.00    0.00   clock source latency
     1   24.44    0.05    0.06    0.06 ^ aux0_clk_i (in)
                                         aux0_clk_i (net)
                  0.06    0.00    0.06 ^ clkbuf_0_aux0_clk_i/A (CLKBUF_X3)
     4   27.22    0.02    0.06    0.13 ^ clkbuf_0_aux0_clk_i/Z (CLKBUF_X3)
                                         clknet_0_aux0_clk_i (net)
                  0.02    0.00    0.13 ^ clkbuf_2_2_0_aux0_clk_i/A (CLKBUF_X3)
     8   28.74    0.02    0.06    0.19 ^ clkbuf_2_2_0_aux0_clk_i/Z (CLKBUF_X3)
                                         clknet_2_2_0_aux0_clk_i (net)
                  0.02    0.00    0.19 ^ clkbuf_5_23_0_aux0_clk_i/A (CLKBUF_X3)
    18   53.08    0.04    0.08    0.26 ^ clkbuf_5_23_0_aux0_clk_i/Z (CLKBUF_X3)
                                         clknet_5_23_0_aux0_clk_i (net)
                  0.04    0.00    0.27 ^ clkbuf_leaf_258_aux0_clk_i/A (CLKBUF_X3)
    10   14.07    0.01    0.05    0.32 ^ clkbuf_leaf_258_aux0_clk_i/Z (CLKBUF_X3)
                                         clknet_leaf_258_aux0_clk_i (net)
                  0.01    0.00    0.32 ^ u_aux0.state[2290]$_DFF_PP0_/CK (DFFR_X1)
     1    5.80    0.01    0.10    0.41 v u_aux0.state[2290]$_DFF_PP0_/Q (DFFR_X1)
                                         u_aux0.state[2290] (net)
                  0.01    0.00    0.42 v u_aux0.state[2322]$_DFF_PP0_/D (DFFR_X1)
                                  0.42   data arrival time

                          0.00    0.00   clock aux0_clk (rise edge)
                          0.00    0.00   clock source latency
     1   24.44    0.05    0.06    0.06 ^ aux0_clk_i (in)
                                         aux0_clk_i (net)
                  0.06    0.00    0.06 ^ clkbuf_0_aux0_clk_i/A (CLKBUF_X3)
     4   27.22    0.02    0.06    0.13 ^ clkbuf_0_aux0_clk_i/Z (CLKBUF_X3)
                                         clknet_0_aux0_clk_i (net)
                  0.02    0.00    0.13 ^ clkbuf_2_2_0_aux0_clk_i/A (CLKBUF_X3)
     8   28.74    0.02    0.06    0.19 ^ clkbuf_2_2_0_aux0_clk_i/Z (CLKBUF_X3)
                                         clknet_2_2_0_aux0_clk_i (net)
                  0.02    0.00    0.19 ^ clkbuf_5_22_0_aux0_clk_i/A (CLKBUF_X3)
    25   53.67    0.04    0.08    0.26 ^ clkbuf_5_22_0_aux0_clk_i/Z (CLKBUF_X3)
                                         clknet_5_22_0_aux0_clk_i (net)
                  0.04    0.00    0.27 ^ clkbuf_leaf_276_aux0_clk_i/A (CLKBUF_X3)
    10   12.93    0.01    0.05    0.32 ^ clkbuf_leaf_276_aux0_clk_i/Z (CLKBUF_X3)
                                         clknet_leaf_276_aux0_clk_i (net)
                  0.01    0.00    0.32 ^ u_aux0.state[2322]$_DFF_PP0_/CK (DFFR_X1)
                          0.10    0.42   clock uncertainty
                          0.00    0.42   clock reconvergence pessimism
                          0.01    0.42   library hold time
                                  0.42   data required time
-----------------------------------------------------------------------------
                                  0.42   data required time
                                 -0.42   data arrival time
-----------------------------------------------------------------------------
                                 -0.01   slack (VIOLATED)


Startpoint: aux0_generated_activity[15]$_DFF_PP0_
            (rising edge-triggered flip-flop clocked by aux0_clk_div2)
Endpoint: aux0_generated_activity[15]$_DFF_PP0_
          (rising edge-triggered flip-flop clocked by aux0_clk_div2)
Path Group: aux0_clk_div2
Path Type: min

Fanout     Cap    Slew   Delay    Time   Description
-----------------------------------------------------------------------------
                          0.00    0.00   clock aux0_clk_div2 (rise edge)
                          0.00    0.00   clock source latency
     1   24.44    0.05    0.06    0.06 ^ aux0_clk_i (in)
                                         aux0_clk_i (net)
                  0.06    0.00    0.06 ^ clkbuf_0_aux0_clk_i/A (CLKBUF_X3)
     4   27.22    0.02    0.06    0.13 ^ clkbuf_0_aux0_clk_i/Z (CLKBUF_X3)
                                         clknet_0_aux0_clk_i (net)
                  0.02    0.00    0.13 ^ clkbuf_2_2_0_aux0_clk_i/A (CLKBUF_X3)
     8   28.74    0.02    0.06    0.19 ^ clkbuf_2_2_0_aux0_clk_i/Z (CLKBUF_X3)
                                         clknet_2_2_0_aux0_clk_i (net)
                  0.02    0.00    0.19 ^ clkbuf_5_21_0_aux0_clk_i/A (CLKBUF_X3)
    14   46.44    0.04    0.07    0.26 ^ clkbuf_5_21_0_aux0_clk_i/Z (CLKBUF_X3)
                                         clknet_5_21_0_aux0_clk_i (net)
                  0.04    0.00    0.26 ^ clkbuf_leaf_370_aux0_clk_i/A (CLKBUF_X3)
     3   30.02    0.02    0.06    0.32 ^ clkbuf_leaf_370_aux0_clk_i/Z (CLKBUF_X3)
                                         clknet_leaf_370_aux0_clk_i (net)
                  0.03    0.00    0.33 ^ u_aux0_div.clk_out$_DFF_PP0_/CK (DFFR_X1)
     2    4.35    0.01    0.11    0.44 ^ u_aux0_div.clk_out$_DFF_PP0_/Q (DFFR_X1)
                                         net162 (net)
                  0.01    0.00    0.44 ^ clkbuf_regs_3_aux0_clk_div2/A (CLKBUF_X3)
     1    1.99    0.01    0.03    0.47 ^ clkbuf_regs_3_aux0_clk_div2/Z (CLKBUF_X3)
                                         net162_regs (net)
                  0.01    0.00    0.47 ^ clkbuf_0_net162_regs/A (CLKBUF_X3)
     2    4.44    0.01    0.03    0.50 ^ clkbuf_0_net162_regs/Z (CLKBUF_X3)
                                         clknet_0_net162_regs (net)
                  0.01    0.00    0.50 ^ clkbuf_1_0__f_net162_regs/A (CLKBUF_X3)
     8   10.01    0.01    0.03    0.54 ^ clkbuf_1_0__f_net162_regs/Z (CLKBUF_X3)
                                         clknet_1_0__leaf_net162_regs (net)
                  0.01    0.00    0.54 ^ aux0_generated_activity[15]$_DFF_PP0_/CK (DFFR_X1)
     2    3.45    0.01    0.09    0.63 v aux0_generated_activity[15]$_DFF_PP0_/Q (DFFR_X1)
                                         net289 (net)
                  0.01    0.00    0.63 v _60482_/A (XNOR2_X1)
     1    1.29    0.01    0.02    0.65 ^ _60482_/ZN (XNOR2_X1)
                                         _00105_ (net)
                  0.01    0.00    0.65 ^ aux0_generated_activity[15]$_DFF_PP0_/D (DFFR_X1)
                                  0.65   data arrival time

                          0.00    0.00   clock aux0_clk_div2 (rise edge)
                          0.00    0.00   clock source latency
     1   24.44    0.05    0.06    0.06 ^ aux0_clk_i (in)
                                         aux0_clk_i (net)
                  0.06    0.00    0.06 ^ clkbuf_0_aux0_clk_i/A (CLKBUF_X3)
     4   27.22    0.02    0.06    0.13 ^ clkbuf_0_aux0_clk_i/Z (CLKBUF_X3)
                                         clknet_0_aux0_clk_i (net)
                  0.02    0.00    0.13 ^ clkbuf_2_2_0_aux0_clk_i/A (CLKBUF_X3)
     8   28.74    0.02    0.06    0.19 ^ clkbuf_2_2_0_aux0_clk_i/Z (CLKBUF_X3)
                                         clknet_2_2_0_aux0_clk_i (net)
                  0.02    0.00    0.19 ^ clkbuf_5_21_0_aux0_clk_i/A (CLKBUF_X3)
    14   46.44    0.04    0.07    0.26 ^ clkbuf_5_21_0_aux0_clk_i/Z (CLKBUF_X3)
                                         clknet_5_21_0_aux0_clk_i (net)
                  0.04    0.00    0.26 ^ clkbuf_leaf_370_aux0_clk_i/A (CLKBUF_X3)
     3   30.02    0.02    0.06    0.32 ^ clkbuf_leaf_370_aux0_clk_i/Z (CLKBUF_X3)
                                         clknet_leaf_370_aux0_clk_i (net)
                  0.03    0.00    0.33 ^ u_aux0_div.clk_out$_DFF_PP0_/CK (DFFR_X1)
     2    4.35    0.01    0.11    0.44 ^ u_aux0_div.clk_out$_DFF_PP0_/Q (DFFR_X1)
                                         net162 (net)
                  0.01    0.00    0.44 ^ clkbuf_regs_3_aux0_clk_div2/A (CLKBUF_X3)
     1    1.99    0.01    0.03    0.47 ^ clkbuf_regs_3_aux0_clk_div2/Z (CLKBUF_X3)
                                         net162_regs (net)
                  0.01    0.00    0.47 ^ clkbuf_0_net162_regs/A (CLKBUF_X3)
     2    4.44    0.01    0.03    0.50 ^ clkbuf_0_net162_regs/Z (CLKBUF_X3)
                                         clknet_0_net162_regs (net)
                  0.01    0.00    0.50 ^ clkbuf_1_0__f_net162_regs/A (CLKBUF_X3)
     8   10.01    0.01    0.03    0.54 ^ clkbuf_1_0__f_net162_regs/Z (CLKBUF_X3)
                                         clknet_1_0__leaf_net162_regs (net)
                  0.01    0.00    0.54 ^ aux0_generated_activity[15]$_DFF_PP0_/CK (DFFR_X1)
                          0.10    0.64   clock uncertainty
                          0.00    0.64   clock reconvergence pessimism
                          0.01    0.65   library hold time
                                  0.65   data required time
-----------------------------------------------------------------------------
                                  0.65   data required time
                                 -0.65   data arrival time
-----------------------------------------------------------------------------
                                  0.01   slack (MET)


Startpoint: u_aux1.state[266]$_DFF_PP0_
            (rising edge-triggered flip-flop clocked by aux1_clk)
Endpoint: u_aux1.state[298]$_DFF_PP0_
          (rising edge-triggered flip-flop clocked by aux1_clk)
Path Group: aux1_clk
Path Type: min

Fanout     Cap    Slew   Delay    Time   Description
-----------------------------------------------------------------------------
                          0.00    0.00   clock aux1_clk (rise edge)
                          0.00    0.00   clock source latency
     1   32.99    0.07    0.09    0.09 ^ aux1_clk_i (in)
                                         aux1_clk_i (net)
                  0.07    0.00    0.09 ^ clkbuf_0_aux1_clk_i/A (CLKBUF_X3)
     4   26.65    0.02    0.07    0.15 ^ clkbuf_0_aux1_clk_i/Z (CLKBUF_X3)
                                         clknet_0_aux1_clk_i (net)
                  0.02    0.00    0.16 ^ clkbuf_2_3_0_aux1_clk_i/A (CLKBUF_X3)
     8   34.25    0.03    0.06    0.22 ^ clkbuf_2_3_0_aux1_clk_i/Z (CLKBUF_X3)
                                         clknet_2_3_0_aux1_clk_i (net)
                  0.03    0.00    0.22 ^ clkbuf_5_31_0_aux1_clk_i/A (CLKBUF_X3)
    24   59.63    0.04    0.08    0.30 ^ clkbuf_5_31_0_aux1_clk_i/Z (CLKBUF_X3)
                                         clknet_5_31_0_aux1_clk_i (net)
                  0.05    0.01    0.31 ^ clkbuf_leaf_355_aux1_clk_i/A (CLKBUF_X3)
     7   11.53    0.01    0.05    0.36 ^ clkbuf_leaf_355_aux1_clk_i/Z (CLKBUF_X3)
                                         clknet_leaf_355_aux1_clk_i (net)
                  0.01    0.00    0.36 ^ u_aux1.state[266]$_DFF_PP0_/CK (DFFR_X1)
     1    4.06    0.01    0.09    0.45 v u_aux1.state[266]$_DFF_PP0_/Q (DFFR_X1)
                                         u_aux1.state[266] (net)
                  0.01    0.00    0.45 v u_aux1.state[298]$_DFF_PP0_/D (DFFR_X1)
                                  0.45   data arrival time

                          0.00    0.00   clock aux1_clk (rise edge)
                          0.00    0.00   clock source latency
     1   32.99    0.07    0.09    0.09 ^ aux1_clk_i (in)
                                         aux1_clk_i (net)
                  0.07    0.00    0.09 ^ clkbuf_0_aux1_clk_i/A (CLKBUF_X3)
     4   26.65    0.02    0.07    0.15 ^ clkbuf_0_aux1_clk_i/Z (CLKBUF_X3)
                                         clknet_0_aux1_clk_i (net)
                  0.02    0.00    0.16 ^ clkbuf_2_3_0_aux1_clk_i/A (CLKBUF_X3)
     8   34.25    0.03    0.06    0.22 ^ clkbuf_2_3_0_aux1_clk_i/Z (CLKBUF_X3)
                                         clknet_2_3_0_aux1_clk_i (net)
                  0.03    0.00    0.22 ^ clkbuf_5_29_0_aux1_clk_i/A (CLKBUF_X3)
    21   53.40    0.04    0.08    0.30 ^ clkbuf_5_29_0_aux1_clk_i/Z (CLKBUF_X3)
                                         clknet_5_29_0_aux1_clk_i (net)
                  0.04    0.00    0.30 ^ clkbuf_leaf_276_aux1_clk_i/A (CLKBUF_X3)
     9   11.89    0.01    0.05    0.35 ^ clkbuf_leaf_276_aux1_clk_i/Z (CLKBUF_X3)
                                         clknet_leaf_276_aux1_clk_i (net)
                  0.01    0.00    0.35 ^ u_aux1.state[298]$_DFF_PP0_/CK (DFFR_X1)
                          0.10    0.45   clock uncertainty
                          0.00    0.45   clock reconvergence pessimism
                          0.01    0.46   library hold time
                                  0.46   data required time
-----------------------------------------------------------------------------
                                  0.46   data required time
                                 -0.45   data arrival time
-----------------------------------------------------------------------------
                                  0.00   slack (VIOLATED)


Startpoint: aux1_generated_activity[15]$_DFF_PP0_
            (rising edge-triggered flip-flop clocked by aux1_clk_div2)
Endpoint: aux1_generated_activity[15]$_DFF_PP0_
          (rising edge-triggered flip-flop clocked by aux1_clk_div2)
Path Group: aux1_clk_div2
Path Type: min

Fanout     Cap    Slew   Delay    Time   Description
-----------------------------------------------------------------------------
                          0.00    0.00   clock aux1_clk_div2 (rise edge)
                          0.00    0.00   clock source latency
     1   32.99    0.07    0.09    0.09 ^ aux1_clk_i (in)
                                         aux1_clk_i (net)
                  0.07    0.00    0.09 ^ clkbuf_0_aux1_clk_i/A (CLKBUF_X3)
     4   26.65    0.02    0.07    0.15 ^ clkbuf_0_aux1_clk_i/Z (CLKBUF_X3)
                                         clknet_0_aux1_clk_i (net)
                  0.02    0.00    0.16 ^ clkbuf_2_3_0_aux1_clk_i/A (CLKBUF_X3)
     8   34.25    0.03    0.06    0.22 ^ clkbuf_2_3_0_aux1_clk_i/Z (CLKBUF_X3)
                                         clknet_2_3_0_aux1_clk_i (net)
                  0.03    0.00    0.22 ^ clkbuf_5_31_0_aux1_clk_i/A (CLKBUF_X3)
    24   59.63    0.04    0.08    0.30 ^ clkbuf_5_31_0_aux1_clk_i/Z (CLKBUF_X3)
                                         clknet_5_31_0_aux1_clk_i (net)
                  0.05    0.01    0.31 ^ clkbuf_leaf_375_aux1_clk_i/A (CLKBUF_X3)
     5   34.78    0.03    0.07    0.38 ^ clkbuf_leaf_375_aux1_clk_i/Z (CLKBUF_X3)
                                         clknet_leaf_375_aux1_clk_i (net)
                  0.03    0.01    0.39 ^ u_aux1_div.clk_out$_DFF_PP0_/CK (DFFR_X1)
     2    5.55    0.02    0.12    0.51 ^ u_aux1_div.clk_out$_DFF_PP0_/Q (DFFR_X1)
                                         net195 (net)
                  0.02    0.00    0.51 ^ clkbuf_regs_4_aux1_clk_div2/A (CLKBUF_X3)
     1    1.71    0.01    0.03    0.54 ^ clkbuf_regs_4_aux1_clk_div2/Z (CLKBUF_X3)
                                         net195_regs (net)
                  0.01    0.00    0.54 ^ clkbuf_0_net195_regs/A (CLKBUF_X3)
     2    3.85    0.01    0.03    0.57 ^ clkbuf_0_net195_regs/Z (CLKBUF_X3)
                                         clknet_0_net195_regs (net)
                  0.01    0.00    0.57 ^ clkbuf_1_1__f_net195_regs/A (CLKBUF_X3)
     9   12.31    0.01    0.04    0.60 ^ clkbuf_1_1__f_net195_regs/Z (CLKBUF_X3)
                                         clknet_1_1__leaf_net195_regs (net)
                  0.01    0.00    0.60 ^ aux1_generated_activity[15]$_DFF_PP0_/CK (DFFR_X1)
     2    3.57    0.01    0.09    0.70 v aux1_generated_activity[15]$_DFF_PP0_/Q (DFFR_X1)
                                         net306 (net)
                  0.01    0.00    0.70 v _60501_/A (XNOR2_X1)
     1    1.24    0.01    0.02    0.72 ^ _60501_/ZN (XNOR2_X1)
                                         _00091_ (net)
                  0.01    0.00    0.72 ^ aux1_generated_activity[15]$_DFF_PP0_/D (DFFR_X1)
                                  0.72   data arrival time

                          0.00    0.00   clock aux1_clk_div2 (rise edge)
                          0.00    0.00   clock source latency
     1   32.99    0.07    0.09    0.09 ^ aux1_clk_i (in)
                                         aux1_clk_i (net)
                  0.07    0.00    0.09 ^ clkbuf_0_aux1_clk_i/A (CLKBUF_X3)
     4   26.65    0.02    0.07    0.15 ^ clkbuf_0_aux1_clk_i/Z (CLKBUF_X3)
                                         clknet_0_aux1_clk_i (net)
                  0.02    0.00    0.16 ^ clkbuf_2_3_0_aux1_clk_i/A (CLKBUF_X3)
     8   34.25    0.03    0.06    0.22 ^ clkbuf_2_3_0_aux1_clk_i/Z (CLKBUF_X3)
                                         clknet_2_3_0_aux1_clk_i (net)
                  0.03    0.00    0.22 ^ clkbuf_5_31_0_aux1_clk_i/A (CLKBUF_X3)
    24   59.63    0.04    0.08    0.30 ^ clkbuf_5_31_0_aux1_clk_i/Z (CLKBUF_X3)
                                         clknet_5_31_0_aux1_clk_i (net)
                  0.05    0.01    0.31 ^ clkbuf_leaf_375_aux1_clk_i/A (CLKBUF_X3)
     5   34.78    0.03    0.07    0.38 ^ clkbuf_leaf_375_aux1_clk_i/Z (CLKBUF_X3)
                                         clknet_leaf_375_aux1_clk_i (net)
                  0.03    0.01    0.39 ^ u_aux1_div.clk_out$_DFF_PP0_/CK (DFFR_X1)
     2    5.55    0.02    0.12    0.51 ^ u_aux1_div.clk_out$_DFF_PP0_/Q (DFFR_X1)
                                         net195 (net)
                  0.02    0.00    0.51 ^ clkbuf_regs_4_aux1_clk_div2/A (CLKBUF_X3)
     1    1.71    0.01    0.03    0.54 ^ clkbuf_regs_4_aux1_clk_div2/Z (CLKBUF_X3)
                                         net195_regs (net)
                  0.01    0.00    0.54 ^ clkbuf_0_net195_regs/A (CLKBUF_X3)
     2    3.85    0.01    0.03    0.57 ^ clkbuf_0_net195_regs/Z (CLKBUF_X3)
                                         clknet_0_net195_regs (net)
                  0.01    0.00    0.57 ^ clkbuf_1_1__f_net195_regs/A (CLKBUF_X3)
     9   12.31    0.01    0.04    0.60 ^ clkbuf_1_1__f_net195_regs/Z (CLKBUF_X3)
                                         clknet_1_1__leaf_net195_regs (net)
                  0.01    0.00    0.60 ^ aux1_generated_activity[15]$_DFF_PP0_/CK (DFFR_X1)
                          0.10    0.70   clock uncertainty
                          0.00    0.70   clock reconvergence pessimism
                          0.01    0.71   library hold time
                                  0.71   data required time
-----------------------------------------------------------------------------
                                  0.71   data required time
                                 -0.72   data arrival time
-----------------------------------------------------------------------------
                                  0.01   slack (MET)


Startpoint: u_ethmac.rxethmac1.RxData[3]$_DFF_PP0_
            (rising edge-triggered flip-flop clocked by rx_clk)
Endpoint: u_ethmac.maccontrol1.receivecontrol1.TypeLengthOK$_DFFE_PP0P_
          (rising edge-triggered flip-flop clocked by rx_clk)
Path Group: rx_clk
Path Type: min

Fanout     Cap    Slew   Delay    Time   Description
-----------------------------------------------------------------------------
                          0.00    0.00   clock rx_clk (rise edge)
                          0.00    0.00   clock source latency
     1   22.18    0.05    0.06    0.06 ^ mrx_clk_pad_i (in)
                                         mrx_clk_pad_i (net)
                  0.05    0.00    0.06 ^ clkbuf_0_mrx_clk_pad_i/A (CLKBUF_X3)
     4   17.73    0.02    0.06    0.11 ^ clkbuf_0_mrx_clk_pad_i/Z (CLKBUF_X3)
                                         clknet_0_mrx_clk_pad_i (net)
                  0.02    0.00    0.11 ^ clkbuf_2_1__f_mrx_clk_pad_i/A (CLKBUF_X3)
    13   31.10    0.03    0.06    0.17 ^ clkbuf_2_1__f_mrx_clk_pad_i/Z (CLKBUF_X3)
                                         clknet_2_1__leaf_mrx_clk_pad_i (net)
                  0.03    0.00    0.17 ^ clkbuf_leaf_14_mrx_clk_pad_i/A (CLKBUF_X3)
    10   12.67    0.01    0.04    0.22 ^ clkbuf_leaf_14_mrx_clk_pad_i/Z (CLKBUF_X3)
                                         clknet_leaf_14_mrx_clk_pad_i (net)
                  0.01    0.00    0.22 ^ u_ethmac.rxethmac1.RxData[3]$_DFF_PP0_/CK (DFFR_X1)
     1    1.46    0.01    0.07    0.29 ^ u_ethmac.rxethmac1.RxData[3]$_DFF_PP0_/QN (DFFR_X1)
                                         _00311_ (net)
                  0.01    0.00    0.29 ^ _58667_/A4 (OR4_X1)
     1    3.84    0.01    0.03    0.32 ^ _58667_/ZN (OR4_X1)
                                         _23184_ (net)
                  0.01    0.00    0.32 ^ _58669_/A3 (OAI33_X1)
     1    1.66    0.01    0.01    0.33 v _58669_/ZN (OAI33_X1)
                                         _05456_ (net)
                  0.01    0.00    0.33 v u_ethmac.maccontrol1.receivecontrol1.TypeLengthOK$_DFFE_PP0P_/D (DFFR_X1)
                                  0.33   data arrival time

                          0.00    0.00   clock rx_clk (rise edge)
                          0.00    0.00   clock source latency
     1   22.18    0.05    0.06    0.06 ^ mrx_clk_pad_i (in)
                                         mrx_clk_pad_i (net)
                  0.05    0.00    0.06 ^ clkbuf_0_mrx_clk_pad_i/A (CLKBUF_X3)
     4   17.73    0.02    0.06    0.11 ^ clkbuf_0_mrx_clk_pad_i/Z (CLKBUF_X3)
                                         clknet_0_mrx_clk_pad_i (net)
                  0.02    0.00    0.11 ^ clkbuf_2_0__f_mrx_clk_pad_i/A (CLKBUF_X3)
    13   39.25    0.03    0.06    0.18 ^ clkbuf_2_0__f_mrx_clk_pad_i/Z (CLKBUF_X3)
                                         clknet_2_0__leaf_mrx_clk_pad_i (net)
                  0.03    0.00    0.18 ^ clkbuf_leaf_9_mrx_clk_pad_i/A (CLKBUF_X3)
     9   12.79    0.01    0.05    0.23 ^ clkbuf_leaf_9_mrx_clk_pad_i/Z (CLKBUF_X3)
                                         clknet_leaf_9_mrx_clk_pad_i (net)
                  0.01    0.00    0.23 ^ u_ethmac.maccontrol1.receivecontrol1.TypeLengthOK$_DFFE_PP0P_/CK (DFFR_X1)
                          0.10    0.33   clock uncertainty
                          0.00    0.33   clock reconvergence pessimism
                          0.01    0.33   library hold time
                                  0.33   data required time
-----------------------------------------------------------------------------
                                  0.33   data required time
                                 -0.33   data arrival time
-----------------------------------------------------------------------------
                                  0.00   slack (MET)


Startpoint: rx_generated_activity[15]$_DFF_PP0_
            (rising edge-triggered flip-flop clocked by rx_clk_div2)
Endpoint: rx_generated_activity[15]$_DFF_PP0_
          (rising edge-triggered flip-flop clocked by rx_clk_div2)
Path Group: rx_clk_div2
Path Type: min

Fanout     Cap    Slew   Delay    Time   Description
-----------------------------------------------------------------------------
                          0.00    0.00   clock rx_clk_div2 (rise edge)
                          0.00    0.00   clock source latency
     1   22.18    0.05    0.06    0.06 ^ mrx_clk_pad_i (in)
                                         mrx_clk_pad_i (net)
                  0.05    0.00    0.06 ^ clkbuf_0_mrx_clk_pad_i/A (CLKBUF_X3)
     4   17.73    0.02    0.06    0.11 ^ clkbuf_0_mrx_clk_pad_i/Z (CLKBUF_X3)
                                         clknet_0_mrx_clk_pad_i (net)
                  0.02    0.00    0.11 ^ clkbuf_2_3__f_mrx_clk_pad_i/A (CLKBUF_X3)
     9   31.30    0.03    0.06    0.17 ^ clkbuf_2_3__f_mrx_clk_pad_i/Z (CLKBUF_X3)
                                         clknet_2_3__leaf_mrx_clk_pad_i (net)
                  0.03    0.00    0.17 ^ clkbuf_leaf_28_mrx_clk_pad_i/A (CLKBUF_X3)
     5   30.11    0.02    0.06    0.23 ^ clkbuf_leaf_28_mrx_clk_pad_i/Z (CLKBUF_X3)
                                         clknet_leaf_28_mrx_clk_pad_i (net)
                  0.03    0.01    0.23 ^ u_rx_div.clk_out$_DFF_PP0_/CK (DFFR_X1)
     2    4.05    0.01    0.11    0.35 ^ u_rx_div.clk_out$_DFF_PP0_/Q (DFFR_X1)
                                         net390 (net)
                  0.01    0.00    0.35 ^ clkbuf_regs_2_rx_clk_div2/A (CLKBUF_X3)
     1    1.67    0.01    0.03    0.38 ^ clkbuf_regs_2_rx_clk_div2/Z (CLKBUF_X3)
                                         net390_regs (net)
                  0.01    0.00    0.38 ^ clkbuf_0_net390_regs/A (CLKBUF_X3)
     2    4.14    0.01    0.03    0.41 ^ clkbuf_0_net390_regs/Z (CLKBUF_X3)
                                         clknet_0_net390_regs (net)
                  0.01    0.00    0.41 ^ clkbuf_1_1__f_net390_regs/A (CLKBUF_X3)
     9   11.76    0.01    0.04    0.44 ^ clkbuf_1_1__f_net390_regs/Z (CLKBUF_X3)
                                         clknet_1_1__leaf_net390_regs (net)
                  0.01    0.00    0.44 ^ rx_generated_activity[15]$_DFF_PP0_/CK (DFFR_X1)
     2    4.03    0.01    0.09    0.54 v rx_generated_activity[15]$_DFF_PP0_/Q (DFFR_X1)
                                         net271 (net)
                  0.01    0.00    0.54 v _62071_/A (XNOR2_X1)
     1    1.46    0.01    0.03    0.56 ^ _62071_/ZN (XNOR2_X1)
                                         _00119_ (net)
                  0.01    0.00    0.56 ^ rx_generated_activity[15]$_DFF_PP0_/D (DFFR_X1)
                                  0.56   data arrival time

                          0.00    0.00   clock rx_clk_div2 (rise edge)
                          0.00    0.00   clock source latency
     1   22.18    0.05    0.06    0.06 ^ mrx_clk_pad_i (in)
                                         mrx_clk_pad_i (net)
                  0.05    0.00    0.06 ^ clkbuf_0_mrx_clk_pad_i/A (CLKBUF_X3)
     4   17.73    0.02    0.06    0.11 ^ clkbuf_0_mrx_clk_pad_i/Z (CLKBUF_X3)
                                         clknet_0_mrx_clk_pad_i (net)
                  0.02    0.00    0.11 ^ clkbuf_2_3__f_mrx_clk_pad_i/A (CLKBUF_X3)
     9   31.30    0.03    0.06    0.17 ^ clkbuf_2_3__f_mrx_clk_pad_i/Z (CLKBUF_X3)
                                         clknet_2_3__leaf_mrx_clk_pad_i (net)
                  0.03    0.00    0.17 ^ clkbuf_leaf_28_mrx_clk_pad_i/A (CLKBUF_X3)
     5   30.11    0.02    0.06    0.23 ^ clkbuf_leaf_28_mrx_clk_pad_i/Z (CLKBUF_X3)
                                         clknet_leaf_28_mrx_clk_pad_i (net)
                  0.03    0.01    0.23 ^ u_rx_div.clk_out$_DFF_PP0_/CK (DFFR_X1)
     2    4.05    0.01    0.11    0.35 ^ u_rx_div.clk_out$_DFF_PP0_/Q (DFFR_X1)
                                         net390 (net)
                  0.01    0.00    0.35 ^ clkbuf_regs_2_rx_clk_div2/A (CLKBUF_X3)
     1    1.67    0.01    0.03    0.38 ^ clkbuf_regs_2_rx_clk_div2/Z (CLKBUF_X3)
                                         net390_regs (net)
                  0.01    0.00    0.38 ^ clkbuf_0_net390_regs/A (CLKBUF_X3)
     2    4.14    0.01    0.03    0.41 ^ clkbuf_0_net390_regs/Z (CLKBUF_X3)
                                         clknet_0_net390_regs (net)
                  0.01    0.00    0.41 ^ clkbuf_1_1__f_net390_regs/A (CLKBUF_X3)
     9   11.76    0.01    0.04    0.44 ^ clkbuf_1_1__f_net390_regs/Z (CLKBUF_X3)
                                         clknet_1_1__leaf_net390_regs (net)
                  0.01    0.00    0.44 ^ rx_generated_activity[15]$_DFF_PP0_/CK (DFFR_X1)
                          0.10    0.54   clock uncertainty
                          0.00    0.54   clock reconvergence pessimism
                          0.01    0.55   library hold time
                                  0.55   data required time
-----------------------------------------------------------------------------
                                  0.55   data required time
                                 -0.56   data arrival time
-----------------------------------------------------------------------------
                                  0.01   slack (MET)


Startpoint: u_ethmac.maccontrol1.transmitcontrol1.ControlEnd_q$_DFF_P_
            (rising edge-triggered flip-flop clocked by tx_clk)
Endpoint: u_ethmac.maccontrol1.transmitcontrol1.TxCtrlEndFrm$_DFF_PP0_
          (rising edge-triggered flip-flop clocked by tx_clk)
Path Group: tx_clk
Path Type: min

Fanout     Cap    Slew   Delay    Time   Description
-----------------------------------------------------------------------------
                          0.00    0.00   clock tx_clk (rise edge)
                          0.00    0.00   clock source latency
     1   19.41    0.04    0.05    0.05 ^ mtx_clk_pad_i (in)
                                         mtx_clk_pad_i (net)
                  0.04    0.00    0.05 ^ clkbuf_0_mtx_clk_pad_i/A (CLKBUF_X3)
     4   17.43    0.02    0.05    0.10 ^ clkbuf_0_mtx_clk_pad_i/Z (CLKBUF_X3)
                                         clknet_0_mtx_clk_pad_i (net)
                  0.02    0.00    0.11 ^ clkbuf_2_1__f_mtx_clk_pad_i/A (CLKBUF_X3)
     9   28.35    0.02    0.05    0.16 ^ clkbuf_2_1__f_mtx_clk_pad_i/Z (CLKBUF_X3)
                                         clknet_2_1__leaf_mtx_clk_pad_i (net)
                  0.02    0.00    0.16 ^ clkbuf_leaf_16_mtx_clk_pad_i/A (CLKBUF_X3)
     7    9.38    0.01    0.04    0.20 ^ clkbuf_leaf_16_mtx_clk_pad_i/Z (CLKBUF_X3)
                                         clknet_leaf_16_mtx_clk_pad_i (net)
                  0.01    0.00    0.20 ^ u_ethmac.maccontrol1.transmitcontrol1.ControlEnd_q$_DFF_P_/CK (DFF_X1)
     1    0.96    0.01    0.09    0.29 ^ u_ethmac.maccontrol1.transmitcontrol1.ControlEnd_q$_DFF_P_/Q (DFF_X1)
                                         u_ethmac.maccontrol1.transmitcontrol1.ControlEnd_q (net)
                  0.01    0.00    0.29 ^ _73898_/A1 (OR2_X1)
     1    1.22    0.01    0.02    0.31 ^ _73898_/ZN (OR2_X1)
                                         _10967_ (net)
                  0.01    0.00    0.31 ^ u_ethmac.maccontrol1.transmitcontrol1.TxCtrlEndFrm$_DFF_PP0_/D (DFFR_X1)
                                  0.31   data arrival time

                          0.00    0.00   clock tx_clk (rise edge)
                          0.00    0.00   clock source latency
     1   19.41    0.04    0.05    0.05 ^ mtx_clk_pad_i (in)
                                         mtx_clk_pad_i (net)
                  0.04    0.00    0.05 ^ clkbuf_0_mtx_clk_pad_i/A (CLKBUF_X3)
     4   17.43    0.02    0.05    0.10 ^ clkbuf_0_mtx_clk_pad_i/Z (CLKBUF_X3)
                                         clknet_0_mtx_clk_pad_i (net)
                  0.02    0.00    0.11 ^ clkbuf_2_1__f_mtx_clk_pad_i/A (CLKBUF_X3)
     9   28.35    0.02    0.05    0.16 ^ clkbuf_2_1__f_mtx_clk_pad_i/Z (CLKBUF_X3)
                                         clknet_2_1__leaf_mtx_clk_pad_i (net)
                  0.02    0.00    0.16 ^ clkbuf_leaf_16_mtx_clk_pad_i/A (CLKBUF_X3)
     7    9.38    0.01    0.04    0.20 ^ clkbuf_leaf_16_mtx_clk_pad_i/Z (CLKBUF_X3)
                                         clknet_leaf_16_mtx_clk_pad_i (net)
                  0.01    0.00    0.20 ^ u_ethmac.maccontrol1.transmitcontrol1.TxCtrlEndFrm$_DFF_PP0_/CK (DFFR_X1)
                          0.10    0.30   clock uncertainty
                          0.00    0.30   clock reconvergence pessimism
                          0.01    0.31   library hold time
                                  0.31   data required time
-----------------------------------------------------------------------------
                                  0.31   data required time
                                 -0.31   data arrival time
-----------------------------------------------------------------------------
                                  0.00   slack (MET)


Startpoint: tx_generated_activity[15]$_DFF_PP0_
            (rising edge-triggered flip-flop clocked by tx_clk_div2)
Endpoint: tx_generated_activity[15]$_DFF_PP0_
          (rising edge-triggered flip-flop clocked by tx_clk_div2)
Path Group: tx_clk_div2
Path Type: min

Fanout     Cap    Slew   Delay    Time   Description
-----------------------------------------------------------------------------
                          0.00    0.00   clock tx_clk_div2 (rise edge)
                          0.00    0.00   clock source latency
     1   19.41    0.04    0.05    0.05 ^ mtx_clk_pad_i (in)
                                         mtx_clk_pad_i (net)
                  0.04    0.00    0.05 ^ clkbuf_0_mtx_clk_pad_i/A (CLKBUF_X3)
     4   17.43    0.02    0.05    0.10 ^ clkbuf_0_mtx_clk_pad_i/Z (CLKBUF_X3)
                                         clknet_0_mtx_clk_pad_i (net)
                  0.02    0.00    0.11 ^ clkbuf_2_2__f_mtx_clk_pad_i/A (CLKBUF_X3)
     9   33.01    0.03    0.06    0.16 ^ clkbuf_2_2__f_mtx_clk_pad_i/Z (CLKBUF_X3)
                                         clknet_2_2__leaf_mtx_clk_pad_i (net)
                  0.03    0.00    0.16 ^ clkbuf_leaf_19_mtx_clk_pad_i/A (CLKBUF_X3)
     4   34.66    0.03    0.06    0.22 ^ clkbuf_leaf_19_mtx_clk_pad_i/Z (CLKBUF_X3)
                                         clknet_leaf_19_mtx_clk_pad_i (net)
                  0.03    0.01    0.24 ^ u_tx_div.clk_out$_DFF_PP0_/CK (DFFR_X1)
     2    3.52    0.01    0.11    0.35 ^ u_tx_div.clk_out$_DFF_PP0_/Q (DFFR_X1)
                                         net391 (net)
                  0.01    0.00    0.35 ^ clkbuf_regs_1_tx_clk_div2/A (CLKBUF_X3)
     1    1.55    0.01    0.03    0.38 ^ clkbuf_regs_1_tx_clk_div2/Z (CLKBUF_X3)
                                         net391_regs (net)
                  0.01    0.00    0.38 ^ clkbuf_0_net391_regs/A (CLKBUF_X3)
     2    4.14    0.01    0.03    0.41 ^ clkbuf_0_net391_regs/Z (CLKBUF_X3)
                                         clknet_0_net391_regs (net)
                  0.01    0.00    0.41 ^ clkbuf_1_1__f_net391_regs/A (CLKBUF_X3)
     9   11.17    0.01    0.04    0.44 ^ clkbuf_1_1__f_net391_regs/Z (CLKBUF_X3)
                                         clknet_1_1__leaf_net391_regs (net)
                  0.01    0.00    0.44 ^ tx_generated_activity[15]$_DFF_PP0_/CK (DFFR_X1)
     2    3.59    0.01    0.09    0.54 v tx_generated_activity[15]$_DFF_PP0_/Q (DFFR_X1)
                                         net254 (net)
                  0.01    0.00    0.54 v _60766_/A (XNOR2_X1)
     1    1.23    0.01    0.02    0.56 ^ _60766_/ZN (XNOR2_X1)
                                         _00133_ (net)
                  0.01    0.00    0.56 ^ tx_generated_activity[15]$_DFF_PP0_/D (DFFR_X1)
                                  0.56   data arrival time

                          0.00    0.00   clock tx_clk_div2 (rise edge)
                          0.00    0.00   clock source latency
     1   19.41    0.04    0.05    0.05 ^ mtx_clk_pad_i (in)
                                         mtx_clk_pad_i (net)
                  0.04    0.00    0.05 ^ clkbuf_0_mtx_clk_pad_i/A (CLKBUF_X3)
     4   17.43    0.02    0.05    0.10 ^ clkbuf_0_mtx_clk_pad_i/Z (CLKBUF_X3)
                                         clknet_0_mtx_clk_pad_i (net)
                  0.02    0.00    0.11 ^ clkbuf_2_2__f_mtx_clk_pad_i/A (CLKBUF_X3)
     9   33.01    0.03    0.06    0.16 ^ clkbuf_2_2__f_mtx_clk_pad_i/Z (CLKBUF_X3)
                                         clknet_2_2__leaf_mtx_clk_pad_i (net)
                  0.03    0.00    0.16 ^ clkbuf_leaf_19_mtx_clk_pad_i/A (CLKBUF_X3)
     4   34.66    0.03    0.06    0.22 ^ clkbuf_leaf_19_mtx_clk_pad_i/Z (CLKBUF_X3)
                                         clknet_leaf_19_mtx_clk_pad_i (net)
                  0.03    0.01    0.24 ^ u_tx_div.clk_out$_DFF_PP0_/CK (DFFR_X1)
     2    3.52    0.01    0.11    0.35 ^ u_tx_div.clk_out$_DFF_PP0_/Q (DFFR_X1)
                                         net391 (net)
                  0.01    0.00    0.35 ^ clkbuf_regs_1_tx_clk_div2/A (CLKBUF_X3)
     1    1.55    0.01    0.03    0.38 ^ clkbuf_regs_1_tx_clk_div2/Z (CLKBUF_X3)
                                         net391_regs (net)
                  0.01    0.00    0.38 ^ clkbuf_0_net391_regs/A (CLKBUF_X3)
     2    4.14    0.01    0.03    0.41 ^ clkbuf_0_net391_regs/Z (CLKBUF_X3)
                                         clknet_0_net391_regs (net)
                  0.01    0.00    0.41 ^ clkbuf_1_1__f_net391_regs/A (CLKBUF_X3)
     9   11.17    0.01    0.04    0.44 ^ clkbuf_1_1__f_net391_regs/Z (CLKBUF_X3)
                                         clknet_1_1__leaf_net391_regs (net)
                  0.01    0.00    0.44 ^ tx_generated_activity[15]$_DFF_PP0_/CK (DFFR_X1)
                          0.10    0.54   clock uncertainty
                          0.00    0.54   clock reconvergence pessimism
                          0.01    0.55   library hold time
                                  0.55   data required time
-----------------------------------------------------------------------------
                                  0.55   data required time
                                 -0.56   data arrival time
-----------------------------------------------------------------------------
                                  0.01   slack (MET)


Startpoint: u_ethmac.wishbone.TxRetryPacketBlocked$_DFFE_PP0P_
            (rising edge-triggered flip-flop clocked by wb_clk)
Endpoint: u_ethmac.wishbone.TxRetryPacket$_DFF_PP0_
          (rising edge-triggered flip-flop clocked by wb_clk)
Path Group: wb_clk
Path Type: min

Fanout     Cap    Slew   Delay    Time   Description
-----------------------------------------------------------------------------
                          0.00    0.00   clock wb_clk (rise edge)
                          0.00    0.00   clock source latency
     1   49.74    0.11    0.13    0.13 ^ wb_clk_i (in)
                                         wb_clk_i (net)
                  0.11    0.00    0.13 ^ clkbuf_0_wb_clk_i/A (CLKBUF_X3)
     4   35.53    0.03    0.08    0.21 ^ clkbuf_0_wb_clk_i/Z (CLKBUF_X3)
                                         clknet_0_wb_clk_i (net)
                  0.03    0.00    0.22 ^ clkbuf_2_2_0_wb_clk_i/A (CLKBUF_X3)
     4   28.70    0.02    0.06    0.27 ^ clkbuf_2_2_0_wb_clk_i/Z (CLKBUF_X3)
                                         clknet_2_2_0_wb_clk_i (net)
                  0.02    0.00    0.28 ^ clkbuf_4_9_0_wb_clk_i/A (CLKBUF_X3)
     8   32.66    0.03    0.06    0.34 ^ clkbuf_4_9_0_wb_clk_i/Z (CLKBUF_X3)
                                         clknet_4_9_0_wb_clk_i (net)
                  0.03    0.00    0.34 ^ clkbuf_7_79__f_wb_clk_i/A (CLKBUF_X3)
    11   29.10    0.02    0.06    0.40 ^ clkbuf_7_79__f_wb_clk_i/Z (CLKBUF_X3)
                                         clknet_7_79__leaf_wb_clk_i (net)
                  0.02    0.00    0.40 ^ clkbuf_leaf_433_wb_clk_i/A (CLKBUF_X3)
     9   11.10    0.01    0.04    0.44 ^ clkbuf_leaf_433_wb_clk_i/Z (CLKBUF_X3)
                                         clknet_leaf_433_wb_clk_i (net)
                  0.01    0.00    0.44 ^ u_ethmac.wishbone.TxRetryPacketBlocked$_DFFE_PP0P_/CK (DFFR_X1)
     1    1.21    0.01    0.07    0.51 v u_ethmac.wishbone.TxRetryPacketBlocked$_DFFE_PP0P_/QN (DFFR_X1)
                                         _00267_ (net)
                  0.01    0.00    0.51 v _59627_/A2 (AND3_X1)
     2    3.61    0.01    0.04    0.55 v _59627_/ZN (AND3_X1)
                                         _11049_ (net)
                  0.01    0.00    0.55 v u_ethmac.wishbone.TxRetryPacket$_DFF_PP0_/D (DFFR_X1)
                                  0.55   data arrival time

                          0.00    0.00   clock wb_clk (rise edge)
                          0.00    0.00   clock source latency
     1   49.74    0.11    0.13    0.13 ^ wb_clk_i (in)
                                         wb_clk_i (net)
                  0.11    0.00    0.13 ^ clkbuf_0_wb_clk_i/A (CLKBUF_X3)
     4   35.53    0.03    0.08    0.21 ^ clkbuf_0_wb_clk_i/Z (CLKBUF_X3)
                                         clknet_0_wb_clk_i (net)
                  0.03    0.00    0.22 ^ clkbuf_2_2_0_wb_clk_i/A (CLKBUF_X3)
     4   28.70    0.02    0.06    0.27 ^ clkbuf_2_2_0_wb_clk_i/Z (CLKBUF_X3)
                                         clknet_2_2_0_wb_clk_i (net)
                  0.02    0.00    0.28 ^ clkbuf_4_9_0_wb_clk_i/A (CLKBUF_X3)
     8   32.66    0.03    0.06    0.34 ^ clkbuf_4_9_0_wb_clk_i/Z (CLKBUF_X3)
                                         clknet_4_9_0_wb_clk_i (net)
                  0.03    0.00    0.34 ^ clkbuf_7_79__f_wb_clk_i/A (CLKBUF_X3)
    11   29.10    0.02    0.06    0.40 ^ clkbuf_7_79__f_wb_clk_i/Z (CLKBUF_X3)
                                         clknet_7_79__leaf_wb_clk_i (net)
                  0.02    0.00    0.40 ^ clkbuf_leaf_425_wb_clk_i/A (CLKBUF_X3)
     9   11.67    0.01    0.04    0.44 ^ clkbuf_leaf_425_wb_clk_i/Z (CLKBUF_X3)
                                         clknet_leaf_425_wb_clk_i (net)
                  0.01    0.00    0.44 ^ u_ethmac.wishbone.TxRetryPacket$_DFF_PP0_/CK (DFFR_X1)
                          0.10    0.54   clock uncertainty
                          0.00    0.54   clock reconvergence pessimism
                          0.01    0.55   library hold time
                                  0.55   data required time
-----------------------------------------------------------------------------
                                  0.55   data required time
                                 -0.55   data arrival time
-----------------------------------------------------------------------------
                                  0.00   slack (VIOLATED)


Startpoint: wb_generated_activity[15]$_DFF_PP0_
            (rising edge-triggered flip-flop clocked by wb_clk_div2)
Endpoint: wb_generated_activity[15]$_DFF_PP0_
          (rising edge-triggered flip-flop clocked by wb_clk_div2)
Path Group: wb_clk_div2
Path Type: min

Fanout     Cap    Slew   Delay    Time   Description
-----------------------------------------------------------------------------
                          0.00    0.00   clock wb_clk_div2 (rise edge)
                          0.00    0.00   clock source latency
     1   49.74    0.11    0.13    0.13 ^ wb_clk_i (in)
                                         wb_clk_i (net)
                  0.11    0.00    0.13 ^ clkbuf_0_wb_clk_i/A (CLKBUF_X3)
     4   35.53    0.03    0.08    0.21 ^ clkbuf_0_wb_clk_i/Z (CLKBUF_X3)
                                         clknet_0_wb_clk_i (net)
                  0.03    0.00    0.22 ^ clkbuf_2_2_0_wb_clk_i/A (CLKBUF_X3)
     4   28.70    0.02    0.06    0.27 ^ clkbuf_2_2_0_wb_clk_i/Z (CLKBUF_X3)
                                         clknet_2_2_0_wb_clk_i (net)
                  0.02    0.00    0.28 ^ clkbuf_4_10_0_wb_clk_i/A (CLKBUF_X3)
     8   33.13    0.03    0.06    0.34 ^ clkbuf_4_10_0_wb_clk_i/Z (CLKBUF_X3)
                                         clknet_4_10_0_wb_clk_i (net)
                  0.03    0.00    0.34 ^ clkbuf_7_85__f_wb_clk_i/A (CLKBUF_X3)
     5   25.77    0.02    0.06    0.40 ^ clkbuf_7_85__f_wb_clk_i/Z (CLKBUF_X3)
                                         clknet_7_85__leaf_wb_clk_i (net)
                  0.02    0.00    0.40 ^ clkbuf_leaf_311_wb_clk_i/A (CLKBUF_X3)
     4   14.79    0.01    0.04    0.44 ^ clkbuf_leaf_311_wb_clk_i/Z (CLKBUF_X3)
                                         clknet_leaf_311_wb_clk_i (net)
                  0.01    0.00    0.44 ^ u_wb_div.clk_out$_DFF_PP0_/CK (DFFR_X1)
     2    3.92    0.01    0.11    0.55 ^ u_wb_div.clk_out$_DFF_PP0_/Q (DFFR_X1)
                                         net393 (net)
                  0.01    0.00    0.55 ^ clkbuf_regs_0_wb_clk_div2/A (CLKBUF_X3)
     1    2.02    0.01    0.03    0.58 ^ clkbuf_regs_0_wb_clk_div2/Z (CLKBUF_X3)
                                         net393_regs (net)
                  0.01    0.00    0.58 ^ clkbuf_0_net393_regs/A (CLKBUF_X3)
     2    4.60    0.01    0.03    0.61 ^ clkbuf_0_net393_regs/Z (CLKBUF_X3)
                                         clknet_0_net393_regs (net)
                  0.01    0.00    0.61 ^ clkbuf_1_0__f_net393_regs/A (CLKBUF_X3)
     9   11.05    0.01    0.04    0.65 ^ clkbuf_1_0__f_net393_regs/Z (CLKBUF_X3)
                                         clknet_1_0__leaf_net393_regs (net)
                  0.01    0.00    0.65 ^ wb_generated_activity[15]$_DFF_PP0_/CK (DFFR_X1)
     2    3.53    0.01    0.09    0.74 v wb_generated_activity[15]$_DFF_PP0_/Q (DFFR_X1)
                                         net236 (net)
                  0.01    0.00    0.74 v _62074_/A (XNOR2_X1)
     1    1.35    0.01    0.02    0.77 ^ _62074_/ZN (XNOR2_X1)
                                         _00147_ (net)
                  0.01    0.00    0.77 ^ wb_generated_activity[15]$_DFF_PP0_/D (DFFR_X1)
                                  0.77   data arrival time

                          0.00    0.00   clock wb_clk_div2 (rise edge)
                          0.00    0.00   clock source latency
     1   49.74    0.11    0.13    0.13 ^ wb_clk_i (in)
                                         wb_clk_i (net)
                  0.11    0.00    0.13 ^ clkbuf_0_wb_clk_i/A (CLKBUF_X3)
     4   35.53    0.03    0.08    0.21 ^ clkbuf_0_wb_clk_i/Z (CLKBUF_X3)
                                         clknet_0_wb_clk_i (net)
                  0.03    0.00    0.22 ^ clkbuf_2_2_0_wb_clk_i/A (CLKBUF_X3)
     4   28.70    0.02    0.06    0.27 ^ clkbuf_2_2_0_wb_clk_i/Z (CLKBUF_X3)
                                         clknet_2_2_0_wb_clk_i (net)
                  0.02    0.00    0.28 ^ clkbuf_4_10_0_wb_clk_i/A (CLKBUF_X3)
     8   33.13    0.03    0.06    0.34 ^ clkbuf_4_10_0_wb_clk_i/Z (CLKBUF_X3)
                                         clknet_4_10_0_wb_clk_i (net)
                  0.03    0.00    0.34 ^ clkbuf_7_85__f_wb_clk_i/A (CLKBUF_X3)
     5   25.77    0.02    0.06    0.40 ^ clkbuf_7_85__f_wb_clk_i/Z (CLKBUF_X3)
                                         clknet_7_85__leaf_wb_clk_i (net)
                  0.02    0.00    0.40 ^ clkbuf_leaf_311_wb_clk_i/A (CLKBUF_X3)
     4   14.79    0.01    0.04    0.44 ^ clkbuf_leaf_311_wb_clk_i/Z (CLKBUF_X3)
                                         clknet_leaf_311_wb_clk_i (net)
                  0.01    0.00    0.44 ^ u_wb_div.clk_out$_DFF_PP0_/CK (DFFR_X1)
     2    3.92    0.01    0.11    0.55 ^ u_wb_div.clk_out$_DFF_PP0_/Q (DFFR_X1)
                                         net393 (net)
                  0.01    0.00    0.55 ^ clkbuf_regs_0_wb_clk_div2/A (CLKBUF_X3)
     1    2.02    0.01    0.03    0.58 ^ clkbuf_regs_0_wb_clk_div2/Z (CLKBUF_X3)
                                         net393_regs (net)
                  0.01    0.00    0.58 ^ clkbuf_0_net393_regs/A (CLKBUF_X3)
     2    4.60    0.01    0.03    0.61 ^ clkbuf_0_net393_regs/Z (CLKBUF_X3)
                                         clknet_0_net393_regs (net)
                  0.01    0.00    0.61 ^ clkbuf_1_0__f_net393_regs/A (CLKBUF_X3)
     9   11.05    0.01    0.04    0.65 ^ clkbuf_1_0__f_net393_regs/Z (CLKBUF_X3)
                                         clknet_1_0__leaf_net393_regs (net)
                  0.01    0.00    0.65 ^ wb_generated_activity[15]$_DFF_PP0_/CK (DFFR_X1)
                          0.10    0.75   clock uncertainty
                          0.00    0.75   clock reconvergence pessimism
                          0.01    0.76   library hold time
                                  0.76   data required time
-----------------------------------------------------------------------------
                                  0.76   data required time
                                 -0.77   data arrival time
-----------------------------------------------------------------------------
                                  0.01   slack (MET)



==========================================================================
finish report_checks -path_delay max
--------------------------------------------------------------------------
Startpoint: u_aux0.state[5]$_DFF_PP0_
            (rising edge-triggered flip-flop clocked by aux0_clk)
Endpoint: aux0_digest_o[5] (output port clocked by aux0_clk)
Path Group: aux0_clk
Path Type: max

Fanout     Cap    Slew   Delay    Time   Description
-----------------------------------------------------------------------------
                          0.00    0.00   clock aux0_clk (rise edge)
                          0.00    0.00   clock source latency
     1   24.44    0.05    0.06    0.06 ^ aux0_clk_i (in)
                                         aux0_clk_i (net)
                  0.06    0.00    0.06 ^ clkbuf_0_aux0_clk_i/A (CLKBUF_X3)
     4   27.22    0.02    0.06    0.13 ^ clkbuf_0_aux0_clk_i/Z (CLKBUF_X3)
                                         clknet_0_aux0_clk_i (net)
                  0.02    0.00    0.13 ^ clkbuf_2_2_0_aux0_clk_i/A (CLKBUF_X3)
     8   28.74    0.02    0.06    0.19 ^ clkbuf_2_2_0_aux0_clk_i/Z (CLKBUF_X3)
                                         clknet_2_2_0_aux0_clk_i (net)
                  0.02    0.00    0.19 ^ clkbuf_5_21_0_aux0_clk_i/A (CLKBUF_X3)
    14   46.44    0.04    0.07    0.26 ^ clkbuf_5_21_0_aux0_clk_i/Z (CLKBUF_X3)
                                         clknet_5_21_0_aux0_clk_i (net)
                  0.04    0.00    0.26 ^ clkbuf_leaf_353_aux0_clk_i/A (CLKBUF_X3)
    10   11.87    0.01    0.05    0.31 ^ clkbuf_leaf_353_aux0_clk_i/Z (CLKBUF_X3)
                                         clknet_leaf_353_aux0_clk_i (net)
                  0.01    0.00    0.31 ^ u_aux0.state[5]$_DFF_PP0_/CK (DFFR_X1)
     2    3.77    0.01    0.11    0.42 ^ u_aux0.state[5]$_DFF_PP0_/Q (DFFR_X1)
                                         u_aux0.state[5] (net)
                  0.01    0.00    0.42 ^ _59700_/B (XOR2_X1)
     1    1.36    0.02    0.04    0.46 ^ _59700_/Z (XOR2_X1)
                                         net190 (net)
                  0.02    0.00    0.46 ^ output191/A (BUF_X1)
     1    0.87    0.01    0.02    0.49 ^ output191/Z (BUF_X1)
                                         aux0_digest_o[5] (net)
                  0.01    0.00    0.49 ^ aux0_digest_o[5] (out)
                                  0.49   data arrival time

                          0.45    0.45   clock aux0_clk (rise edge)
                          0.00    0.45   clock network delay (propagated)
                         -0.10    0.35   clock uncertainty
                          0.00    0.35   clock reconvergence pessimism
                         -0.20    0.15   output external delay
                                  0.15   data required time
-----------------------------------------------------------------------------
                                  0.15   data required time
                                 -0.49   data arrival time
-----------------------------------------------------------------------------
                                 -0.34   slack (VIOLATED)


Startpoint: aux0_generated_activity[6]$_DFF_PP0_
            (rising edge-triggered flip-flop clocked by aux0_clk_div2)
Endpoint: aux0_generated_activity[13]$_DFF_PP0_
          (rising edge-triggered flip-flop clocked by aux0_clk_div2)
Path Group: aux0_clk_div2
Path Type: max

Fanout     Cap    Slew   Delay    Time   Description
-----------------------------------------------------------------------------
                          0.00    0.00   clock aux0_clk_div2 (rise edge)
                          0.00    0.00   clock source latency
     1   24.44    0.05    0.06    0.06 ^ aux0_clk_i (in)
                                         aux0_clk_i (net)
                  0.06    0.00    0.06 ^ clkbuf_0_aux0_clk_i/A (CLKBUF_X3)
     4   27.22    0.02    0.06    0.13 ^ clkbuf_0_aux0_clk_i/Z (CLKBUF_X3)
                                         clknet_0_aux0_clk_i (net)
                  0.02    0.00    0.13 ^ clkbuf_2_2_0_aux0_clk_i/A (CLKBUF_X3)
     8   28.74    0.02    0.06    0.19 ^ clkbuf_2_2_0_aux0_clk_i/Z (CLKBUF_X3)
                                         clknet_2_2_0_aux0_clk_i (net)
                  0.02    0.00    0.19 ^ clkbuf_5_21_0_aux0_clk_i/A (CLKBUF_X3)
    14   46.44    0.04    0.07    0.26 ^ clkbuf_5_21_0_aux0_clk_i/Z (CLKBUF_X3)
                                         clknet_5_21_0_aux0_clk_i (net)
                  0.04    0.00    0.26 ^ clkbuf_leaf_370_aux0_clk_i/A (CLKBUF_X3)
     3   30.02    0.02    0.06    0.32 ^ clkbuf_leaf_370_aux0_clk_i/Z (CLKBUF_X3)
                                         clknet_leaf_370_aux0_clk_i (net)
                  0.03    0.00    0.33 ^ u_aux0_div.clk_out$_DFF_PP0_/CK (DFFR_X1)
     2    4.35    0.01    0.11    0.44 ^ u_aux0_div.clk_out$_DFF_PP0_/Q (DFFR_X1)
                                         net162 (net)
                  0.01    0.00    0.44 ^ clkbuf_regs_3_aux0_clk_div2/A (CLKBUF_X3)
     1    1.99    0.01    0.03    0.47 ^ clkbuf_regs_3_aux0_clk_div2/Z (CLKBUF_X3)
                                         net162_regs (net)
                  0.01    0.00    0.47 ^ clkbuf_0_net162_regs/A (CLKBUF_X3)
     2    4.44    0.01    0.03    0.50 ^ clkbuf_0_net162_regs/Z (CLKBUF_X3)
                                         clknet_0_net162_regs (net)
                  0.01    0.00    0.50 ^ clkbuf_1_1__f_net162_regs/A (CLKBUF_X3)
     8   10.44    0.01    0.04    0.54 ^ clkbuf_1_1__f_net162_regs/Z (CLKBUF_X3)
                                         clknet_1_1__leaf_net162_regs (net)
                  0.01    0.00    0.54 ^ aux0_generated_activity[6]$_DFF_PP0_/CK (DFFR_X1)
     6   11.37    0.03    0.13    0.66 ^ aux0_generated_activity[6]$_DFF_PP0_/Q (DFFR_X1)
                                         net279 (net)
                  0.03    0.00    0.66 ^ _60409_/A4 (NAND4_X1)
     2    4.14    0.02    0.04    0.71 v _60409_/ZN (NAND4_X1)
                                         _24607_ (net)
                  0.02    0.00    0.71 v _60479_/A3 (NOR3_X1)
     3    6.77    0.06    0.09    0.80 ^ _60479_/ZN (NOR3_X1)
                                         _24667_ (net)
                  0.06    0.00    0.80 ^ _62011_/A4 (NAND4_X1)
     1    2.60    0.02    0.04    0.84 v _62011_/ZN (NAND4_X1)
                                         _25989_ (net)
                  0.02    0.00    0.84 v _62012_/B (XNOR2_X1)
     1    1.16    0.01    0.04    0.88 v _62012_/ZN (XNOR2_X1)
                                         _00103_ (net)
                  0.01    0.00    0.88 v aux0_generated_activity[13]$_DFF_PP0_/D (DFFR_X1)
                                  0.88   data arrival time

                          0.90    0.90   clock aux0_clk_div2 (rise edge)
                          0.00    0.90   clock source latency
     1   24.44    0.05    0.06    0.96 ^ aux0_clk_i (in)
                                         aux0_clk_i (net)
                  0.06    0.00    0.96 ^ clkbuf_0_aux0_clk_i/A (CLKBUF_X3)
     4   27.22    0.02    0.06    1.03 ^ clkbuf_0_aux0_clk_i/Z (CLKBUF_X3)
                                         clknet_0_aux0_clk_i (net)
                  0.02    0.00    1.03 ^ clkbuf_2_2_0_aux0_clk_i/A (CLKBUF_X3)
     8   28.74    0.02    0.06    1.09 ^ clkbuf_2_2_0_aux0_clk_i/Z (CLKBUF_X3)
                                         clknet_2_2_0_aux0_clk_i (net)
                  0.02    0.00    1.09 ^ clkbuf_5_21_0_aux0_clk_i/A (CLKBUF_X3)
    14   46.44    0.04    0.07    1.16 ^ clkbuf_5_21_0_aux0_clk_i/Z (CLKBUF_X3)
                                         clknet_5_21_0_aux0_clk_i (net)
                  0.04    0.00    1.16 ^ clkbuf_leaf_370_aux0_clk_i/A (CLKBUF_X3)
     3   30.02    0.02    0.06    1.22 ^ clkbuf_leaf_370_aux0_clk_i/Z (CLKBUF_X3)
                                         clknet_leaf_370_aux0_clk_i (net)
                  0.03    0.00    1.23 ^ u_aux0_div.clk_out$_DFF_PP0_/CK (DFFR_X1)
     2    4.35    0.01    0.11    1.34 ^ u_aux0_div.clk_out$_DFF_PP0_/Q (DFFR_X1)
                                         net162 (net)
                  0.01    0.00    1.34 ^ clkbuf_regs_3_aux0_clk_div2/A (CLKBUF_X3)
     1    1.99    0.01    0.03    1.37 ^ clkbuf_regs_3_aux0_clk_div2/Z (CLKBUF_X3)
                                         net162_regs (net)
                  0.01    0.00    1.37 ^ clkbuf_0_net162_regs/A (CLKBUF_X3)
     2    4.44    0.01    0.03    1.40 ^ clkbuf_0_net162_regs/Z (CLKBUF_X3)
                                         clknet_0_net162_regs (net)
                  0.01    0.00    1.40 ^ clkbuf_1_1__f_net162_regs/A (CLKBUF_X3)
     8   10.44    0.01    0.04    1.44 ^ clkbuf_1_1__f_net162_regs/Z (CLKBUF_X3)
                                         clknet_1_1__leaf_net162_regs (net)
                  0.01    0.00    1.44 ^ aux0_generated_activity[13]$_DFF_PP0_/CK (DFFR_X1)
                         -0.10    1.34   clock uncertainty
                          0.00    1.34   clock reconvergence pessimism
                         -0.04    1.30   library setup time
                                  1.30   data required time
-----------------------------------------------------------------------------
                                  1.30   data required time
                                 -0.88   data arrival time
-----------------------------------------------------------------------------
                                  0.42   slack (MET)


Startpoint: u_aux1.state[5]$_DFF_PP0_
            (rising edge-triggered flip-flop clocked by aux1_clk)
Endpoint: aux1_digest_o[5] (output port clocked by aux1_clk)
Path Group: aux1_clk
Path Type: max

Fanout     Cap    Slew   Delay    Time   Description
-----------------------------------------------------------------------------
                          0.00    0.00   clock aux1_clk (rise edge)
                          0.00    0.00   clock source latency
     1   32.99    0.07    0.09    0.09 ^ aux1_clk_i (in)
                                         aux1_clk_i (net)
                  0.07    0.00    0.09 ^ clkbuf_0_aux1_clk_i/A (CLKBUF_X3)
     4   26.65    0.02    0.07    0.15 ^ clkbuf_0_aux1_clk_i/Z (CLKBUF_X3)
                                         clknet_0_aux1_clk_i (net)
                  0.02    0.00    0.16 ^ clkbuf_2_3_0_aux1_clk_i/A (CLKBUF_X3)
     8   34.25    0.03    0.06    0.22 ^ clkbuf_2_3_0_aux1_clk_i/Z (CLKBUF_X3)
                                         clknet_2_3_0_aux1_clk_i (net)
                  0.03    0.00    0.22 ^ clkbuf_5_31_0_aux1_clk_i/A (CLKBUF_X3)
    24   59.63    0.04    0.08    0.30 ^ clkbuf_5_31_0_aux1_clk_i/Z (CLKBUF_X3)
                                         clknet_5_31_0_aux1_clk_i (net)
                  0.05    0.01    0.31 ^ clkbuf_leaf_358_aux1_clk_i/A (CLKBUF_X3)
     9   12.45    0.01    0.05    0.36 ^ clkbuf_leaf_358_aux1_clk_i/Z (CLKBUF_X3)
                                         clknet_leaf_358_aux1_clk_i (net)
                  0.01    0.00    0.36 ^ u_aux1.state[5]$_DFF_PP0_/CK (DFFR_X1)
     2    3.98    0.01    0.11    0.47 ^ u_aux1.state[5]$_DFF_PP0_/Q (DFFR_X1)
                                         u_aux1.state[5] (net)
                  0.01    0.00    0.47 ^ _61969_/B (XOR2_X1)
     1    2.66    0.03    0.05    0.52 ^ _61969_/Z (XOR2_X1)
                                         net223 (net)
                  0.03    0.00    0.52 ^ output224/A (BUF_X1)
     1    0.58    0.01    0.02    0.55 ^ output224/Z (BUF_X1)
                                         aux1_digest_o[5] (net)
                  0.01    0.00    0.55 ^ aux1_digest_o[5] (out)
                                  0.55   data arrival time

                          0.56    0.56   clock aux1_clk (rise edge)
                          0.00    0.56   clock network delay (propagated)
                         -0.10    0.46   clock uncertainty
                          0.00    0.46   clock reconvergence pessimism
                         -0.20    0.26   output external delay
                                  0.26   data required time
-----------------------------------------------------------------------------
                                  0.26   data required time
                                 -0.55   data arrival time
-----------------------------------------------------------------------------
                                 -0.28   slack (VIOLATED)


Startpoint: aux1_generated_activity[2]$_DFF_PP0_
            (rising edge-triggered flip-flop clocked by aux1_clk_div2)
Endpoint: aux1_generated_activity[13]$_DFF_PP0_
          (rising edge-triggered flip-flop clocked by aux1_clk_div2)
Path Group: aux1_clk_div2
Path Type: max

Fanout     Cap    Slew   Delay    Time   Description
-----------------------------------------------------------------------------
                          0.00    0.00   clock aux1_clk_div2 (rise edge)
                          0.00    0.00   clock source latency
     1   32.99    0.07    0.09    0.09 ^ aux1_clk_i (in)
                                         aux1_clk_i (net)
                  0.07    0.00    0.09 ^ clkbuf_0_aux1_clk_i/A (CLKBUF_X3)
     4   26.65    0.02    0.07    0.15 ^ clkbuf_0_aux1_clk_i/Z (CLKBUF_X3)
                                         clknet_0_aux1_clk_i (net)
                  0.02    0.00    0.16 ^ clkbuf_2_3_0_aux1_clk_i/A (CLKBUF_X3)
     8   34.25    0.03    0.06    0.22 ^ clkbuf_2_3_0_aux1_clk_i/Z (CLKBUF_X3)
                                         clknet_2_3_0_aux1_clk_i (net)
                  0.03    0.00    0.22 ^ clkbuf_5_31_0_aux1_clk_i/A (CLKBUF_X3)
    24   59.63    0.04    0.08    0.30 ^ clkbuf_5_31_0_aux1_clk_i/Z (CLKBUF_X3)
                                         clknet_5_31_0_aux1_clk_i (net)
                  0.05    0.01    0.31 ^ clkbuf_leaf_375_aux1_clk_i/A (CLKBUF_X3)
     5   34.78    0.03    0.07    0.38 ^ clkbuf_leaf_375_aux1_clk_i/Z (CLKBUF_X3)
                                         clknet_leaf_375_aux1_clk_i (net)
                  0.03    0.01    0.39 ^ u_aux1_div.clk_out$_DFF_PP0_/CK (DFFR_X1)
     2    5.55    0.02    0.12    0.51 ^ u_aux1_div.clk_out$_DFF_PP0_/Q (DFFR_X1)
                                         net195 (net)
                  0.02    0.00    0.51 ^ clkbuf_regs_4_aux1_clk_div2/A (CLKBUF_X3)
     1    1.71    0.01    0.03    0.54 ^ clkbuf_regs_4_aux1_clk_div2/Z (CLKBUF_X3)
                                         net195_regs (net)
                  0.01    0.00    0.54 ^ clkbuf_0_net195_regs/A (CLKBUF_X3)
     2    3.85    0.01    0.03    0.57 ^ clkbuf_0_net195_regs/Z (CLKBUF_X3)
                                         clknet_0_net195_regs (net)
                  0.01    0.00    0.57 ^ clkbuf_1_0__f_net195_regs/A (CLKBUF_X3)
     8   13.43    0.01    0.04    0.60 ^ clkbuf_1_0__f_net195_regs/Z (CLKBUF_X3)
                                         clknet_1_0__leaf_net195_regs (net)
                  0.01    0.00    0.60 ^ aux1_generated_activity[2]$_DFF_PP0_/CK (DFFR_X1)
     4    7.03    0.02    0.12    0.72 ^ aux1_generated_activity[2]$_DFF_PP0_/Q (DFFR_X1)
                                         net292 (net)
                  0.02    0.00    0.72 ^ _60263_/A1 (AND2_X1)
     3    4.08    0.01    0.04    0.76 ^ _60263_/ZN (AND2_X1)
                                         _24488_ (net)
                  0.01    0.00    0.76 ^ _60473_/A2 (AND3_X1)
     2    7.23    0.02    0.06    0.82 ^ _60473_/ZN (AND3_X1)
                                         _24662_ (net)
                  0.02    0.00    0.82 ^ _60474_/A3 (NAND3_X1)
     2    4.42    0.02    0.03    0.85 v _60474_/ZN (NAND3_X1)
                                         _24663_ (net)
                  0.02    0.00    0.85 v _60475_/A (INV_X1)
     2    3.17    0.01    0.02    0.88 ^ _60475_/ZN (INV_X1)
                                         _24664_ (net)
                  0.01    0.00    0.88 ^ _60476_/A2 (AND2_X1)
     3    5.57    0.02    0.04    0.92 ^ _60476_/ZN (AND2_X1)
                                         _24665_ (net)
                  0.02    0.00    0.92 ^ _60485_/A4 (NAND4_X1)
     1    2.91    0.02    0.04    0.95 v _60485_/ZN (NAND4_X1)
                                         _24671_ (net)
                  0.02    0.00    0.95 v _60486_/B (XNOR2_X1)
     1    1.84    0.01    0.04    1.00 v _60486_/ZN (XNOR2_X1)
                                         _00089_ (net)
                  0.01    0.00    1.00 v aux1_generated_activity[13]$_DFF_PP0_/D (DFFR_X1)
                                  1.00   data arrival time

                          1.12    1.12   clock aux1_clk_div2 (rise edge)
                          0.00    1.12   clock source latency
     1   32.99    0.07    0.09    1.21 ^ aux1_clk_i (in)
                                         aux1_clk_i (net)
                  0.07    0.00    1.21 ^ clkbuf_0_aux1_clk_i/A (CLKBUF_X3)
     4   26.65    0.02    0.07    1.28 ^ clkbuf_0_aux1_clk_i/Z (CLKBUF_X3)
                                         clknet_0_aux1_clk_i (net)
                  0.02    0.00    1.28 ^ clkbuf_2_3_0_aux1_clk_i/A (CLKBUF_X3)
     8   34.25    0.03    0.06    1.34 ^ clkbuf_2_3_0_aux1_clk_i/Z (CLKBUF_X3)
                                         clknet_2_3_0_aux1_clk_i (net)
                  0.03    0.00    1.35 ^ clkbuf_5_31_0_aux1_clk_i/A (CLKBUF_X3)
    24   59.63    0.04    0.08    1.42 ^ clkbuf_5_31_0_aux1_clk_i/Z (CLKBUF_X3)
                                         clknet_5_31_0_aux1_clk_i (net)
                  0.05    0.01    1.44 ^ clkbuf_leaf_375_aux1_clk_i/A (CLKBUF_X3)
     5   34.78    0.03    0.07    1.50 ^ clkbuf_leaf_375_aux1_clk_i/Z (CLKBUF_X3)
                                         clknet_leaf_375_aux1_clk_i (net)
                  0.03    0.01    1.51 ^ u_aux1_div.clk_out$_DFF_PP0_/CK (DFFR_X1)
     2    5.55    0.02    0.12    1.63 ^ u_aux1_div.clk_out$_DFF_PP0_/Q (DFFR_X1)
                                         net195 (net)
                  0.02    0.00    1.63 ^ clkbuf_regs_4_aux1_clk_div2/A (CLKBUF_X3)
     1    1.71    0.01    0.03    1.66 ^ clkbuf_regs_4_aux1_clk_div2/Z (CLKBUF_X3)
                                         net195_regs (net)
                  0.01    0.00    1.66 ^ clkbuf_0_net195_regs/A (CLKBUF_X3)
     2    3.85    0.01    0.03    1.69 ^ clkbuf_0_net195_regs/Z (CLKBUF_X3)
                                         clknet_0_net195_regs (net)
                  0.01    0.00    1.69 ^ clkbuf_1_1__f_net195_regs/A (CLKBUF_X3)
     9   12.31    0.01    0.04    1.73 ^ clkbuf_1_1__f_net195_regs/Z (CLKBUF_X3)
                                         clknet_1_1__leaf_net195_regs (net)
                  0.01    0.00    1.73 ^ aux1_generated_activity[13]$_DFF_PP0_/CK (DFFR_X1)
                         -0.10    1.63   clock uncertainty
                          0.00    1.63   clock reconvergence pessimism
                         -0.04    1.59   library setup time
                                  1.59   data required time
-----------------------------------------------------------------------------
                                  1.59   data required time
                                 -1.00   data arrival time
-----------------------------------------------------------------------------
                                  0.59   slack (MET)


Startpoint: mrxdv_pad_i (input port clocked by rx_clk)
Endpoint: u_ethmac.macstatus1.ShortFrame$_DFFE_PP0P_
          (rising edge-triggered flip-flop clocked by rx_clk)
Path Group: rx_clk
Path Type: max

Fanout     Cap    Slew   Delay    Time   Description
-----------------------------------------------------------------------------
                          0.00    0.00   clock rx_clk (rise edge)
                          0.00    0.00   clock network delay (propagated)
                          2.00    2.00 v input external delay
     1    3.18    0.01    0.01    2.01 v mrxdv_pad_i (in)
                                         mrxdv_pad_i (net)
                  0.01    0.00    2.01 v input111/A (BUF_X1)
     2   14.47    0.02    0.04    2.05 v input111/Z (BUF_X1)
                                         net110 (net)
                  0.02    0.00    2.05 v _51239_/A2 (NAND2_X1)
     3    7.10    0.02    0.03    2.09 ^ _51239_/ZN (NAND2_X1)
                                         _16430_ (net)
                  0.02    0.00    2.09 ^ _51258_/A2 (NOR2_X1)
     1    1.60    0.02    0.01    2.10 v _51258_/ZN (NOR2_X1)
                                         _16447_ (net)
                  0.02    0.00    2.10 v _51259_/A (AOI21_X1)
    11   24.98    0.13    0.16    2.26 ^ _51259_/ZN (AOI21_X1)
                                         _16448_ (net)
                  0.13    0.00    2.26 ^ _58376_/A1 (NOR2_X1)
     7   13.61    0.04    0.05    2.31 v _58376_/ZN (NOR2_X1)
                                         _22962_ (net)
                  0.04    0.00    2.31 v _58377_/A2 (NOR2_X1)
     2    4.50    0.03    0.05    2.36 ^ _58377_/ZN (NOR2_X1)
                                         _22963_ (net)
                  0.03    0.00    2.36 ^ _58378_/A (AOI21_X1)
     5   11.46    0.05    0.03    2.39 v _58378_/ZN (AOI21_X1)
                                         _22964_ (net)
                  0.05    0.00    2.40 v _58413_/A3 (OR3_X1)
     1    1.57    0.01    0.09    2.49 v _58413_/ZN (OR3_X1)
                                         _22991_ (net)
                  0.01    0.00    2.49 v _58421_/B1 (OAI21_X1)
     1    1.37    0.02    0.03    2.51 ^ _58421_/ZN (OAI21_X1)
                                         _05515_ (net)
                  0.02    0.00    2.51 ^ u_ethmac.macstatus1.ShortFrame$_DFFE_PP0P_/D (DFFR_X1)
                                  2.51   data arrival time

                         40.00   40.00   clock rx_clk (rise edge)
                          0.00   40.00   clock source latency
     1   22.18    0.05    0.06   40.06 ^ mrx_clk_pad_i (in)
                                         mrx_clk_pad_i (net)
                  0.05    0.00   40.06 ^ clkbuf_0_mrx_clk_pad_i/A (CLKBUF_X3)
     4   17.73    0.02    0.06   40.11 ^ clkbuf_0_mrx_clk_pad_i/Z (CLKBUF_X3)
                                         clknet_0_mrx_clk_pad_i (net)
                  0.02    0.00   40.11 ^ clkbuf_2_0__f_mrx_clk_pad_i/A (CLKBUF_X3)
    13   39.25    0.03    0.06   40.18 ^ clkbuf_2_0__f_mrx_clk_pad_i/Z (CLKBUF_X3)
                                         clknet_2_0__leaf_mrx_clk_pad_i (net)
                  0.03    0.00   40.18 ^ clkbuf_leaf_19_mrx_clk_pad_i/A (CLKBUF_X3)
     8   10.71    0.01    0.04   40.22 ^ clkbuf_leaf_19_mrx_clk_pad_i/Z (CLKBUF_X3)
                                         clknet_leaf_19_mrx_clk_pad_i (net)
                  0.01    0.00   40.22 ^ u_ethmac.macstatus1.ShortFrame$_DFFE_PP0P_/CK (DFFR_X1)
                         -0.10   40.12   clock uncertainty
                          0.00   40.12   clock reconvergence pessimism
                         -0.03   40.09   library setup time
                                 40.09   data required time
-----------------------------------------------------------------------------
                                 40.09   data required time
                                 -2.51   data arrival time
-----------------------------------------------------------------------------
                                 37.58   slack (MET)


Startpoint: rx_generated_activity[3]$_DFF_PP0_
            (rising edge-triggered flip-flop clocked by rx_clk_div2)
Endpoint: rx_generated_activity[13]$_DFF_PP0_
          (rising edge-triggered flip-flop clocked by rx_clk_div2)
Path Group: rx_clk_div2
Path Type: max

Fanout     Cap    Slew   Delay    Time   Description
-----------------------------------------------------------------------------
                          0.00    0.00   clock rx_clk_div2 (rise edge)
                          0.00    0.00   clock source latency
     1   22.18    0.05    0.06    0.06 ^ mrx_clk_pad_i (in)
                                         mrx_clk_pad_i (net)
                  0.05    0.00    0.06 ^ clkbuf_0_mrx_clk_pad_i/A (CLKBUF_X3)
     4   17.73    0.02    0.06    0.11 ^ clkbuf_0_mrx_clk_pad_i/Z (CLKBUF_X3)
                                         clknet_0_mrx_clk_pad_i (net)
                  0.02    0.00    0.11 ^ clkbuf_2_3__f_mrx_clk_pad_i/A (CLKBUF_X3)
     9   31.30    0.03    0.06    0.17 ^ clkbuf_2_3__f_mrx_clk_pad_i/Z (CLKBUF_X3)
                                         clknet_2_3__leaf_mrx_clk_pad_i (net)
                  0.03    0.00    0.17 ^ clkbuf_leaf_28_mrx_clk_pad_i/A (CLKBUF_X3)
     5   30.11    0.02    0.06    0.23 ^ clkbuf_leaf_28_mrx_clk_pad_i/Z (CLKBUF_X3)
                                         clknet_leaf_28_mrx_clk_pad_i (net)
                  0.03    0.01    0.23 ^ u_rx_div.clk_out$_DFF_PP0_/CK (DFFR_X1)
     2    4.05    0.01    0.11    0.35 ^ u_rx_div.clk_out$_DFF_PP0_/Q (DFFR_X1)
                                         net390 (net)
                  0.01    0.00    0.35 ^ clkbuf_regs_2_rx_clk_div2/A (CLKBUF_X3)
     1    1.67    0.01    0.03    0.38 ^ clkbuf_regs_2_rx_clk_div2/Z (CLKBUF_X3)
                                         net390_regs (net)
                  0.01    0.00    0.38 ^ clkbuf_0_net390_regs/A (CLKBUF_X3)
     2    4.14    0.01    0.03    0.41 ^ clkbuf_0_net390_regs/Z (CLKBUF_X3)
                                         clknet_0_net390_regs (net)
                  0.01    0.00    0.41 ^ clkbuf_1_0__f_net390_regs/A (CLKBUF_X3)
     8   11.10    0.01    0.04    0.44 ^ clkbuf_1_0__f_net390_regs/Z (CLKBUF_X3)
                                         clknet_1_0__leaf_net390_regs (net)
                  0.01    0.00    0.44 ^ rx_generated_activity[3]$_DFF_PP0_/CK (DFFR_X1)
     6   11.96    0.03    0.13    0.57 ^ rx_generated_activity[3]$_DFF_PP0_/Q (DFFR_X1)
                                         net258 (net)
                  0.03    0.00    0.57 ^ _60257_/A3 (NAND4_X1)
     2    3.12    0.02    0.04    0.61 v _60257_/ZN (NAND4_X1)
                                         _24484_ (net)
                  0.02    0.00    0.61 v _60776_/A1 (NOR2_X1)
     3    5.68    0.03    0.05    0.66 ^ _60776_/ZN (NOR2_X1)
                                         _24872_ (net)
                  0.03    0.00    0.66 ^ _60777_/A4 (AND4_X1)
     3    5.65    0.02    0.07    0.73 ^ _60777_/ZN (AND4_X1)
                                         _24873_ (net)
                  0.02    0.00    0.73 ^ _60778_/A4 (NAND4_X1)
     1    2.65    0.02    0.04    0.77 v _60778_/ZN (NAND4_X1)
                                         _24874_ (net)
                  0.02    0.00    0.77 v _60779_/B (XNOR2_X1)
     1    1.30    0.01    0.04    0.81 v _60779_/ZN (XNOR2_X1)
                                         _00117_ (net)
                  0.01    0.00    0.81 v rx_generated_activity[13]$_DFF_PP0_/D (DFFR_X1)
                                  0.81   data arrival time

                         80.00   80.00   clock rx_clk_div2 (rise edge)
                          0.00   80.00   clock source latency
     1   22.18    0.05    0.06   80.06 ^ mrx_clk_pad_i (in)
                                         mrx_clk_pad_i (net)
                  0.05    0.00   80.06 ^ clkbuf_0_mrx_clk_pad_i/A (CLKBUF_X3)
     4   17.73    0.02    0.06   80.11 ^ clkbuf_0_mrx_clk_pad_i/Z (CLKBUF_X3)
                                         clknet_0_mrx_clk_pad_i (net)
                  0.02    0.00   80.11 ^ clkbuf_2_3__f_mrx_clk_pad_i/A (CLKBUF_X3)
     9   31.30    0.03    0.06   80.17 ^ clkbuf_2_3__f_mrx_clk_pad_i/Z (CLKBUF_X3)
                                         clknet_2_3__leaf_mrx_clk_pad_i (net)
                  0.03    0.00   80.17 ^ clkbuf_leaf_28_mrx_clk_pad_i/A (CLKBUF_X3)
     5   30.11    0.02    0.06   80.23 ^ clkbuf_leaf_28_mrx_clk_pad_i/Z (CLKBUF_X3)
                                         clknet_leaf_28_mrx_clk_pad_i (net)
                  0.03    0.01   80.23 ^ u_rx_div.clk_out$_DFF_PP0_/CK (DFFR_X1)
     2    4.05    0.01    0.11   80.35 ^ u_rx_div.clk_out$_DFF_PP0_/Q (DFFR_X1)
                                         net390 (net)
                  0.01    0.00   80.35 ^ clkbuf_regs_2_rx_clk_div2/A (CLKBUF_X3)
     1    1.67    0.01    0.03   80.38 ^ clkbuf_regs_2_rx_clk_div2/Z (CLKBUF_X3)
                                         net390_regs (net)
                  0.01    0.00   80.38 ^ clkbuf_0_net390_regs/A (CLKBUF_X3)
     2    4.14    0.01    0.03   80.41 ^ clkbuf_0_net390_regs/Z (CLKBUF_X3)
                                         clknet_0_net390_regs (net)
                  0.01    0.00   80.41 ^ clkbuf_1_1__f_net390_regs/A (CLKBUF_X3)
     9   11.76    0.01    0.04   80.44 ^ clkbuf_1_1__f_net390_regs/Z (CLKBUF_X3)
                                         clknet_1_1__leaf_net390_regs (net)
                  0.01    0.00   80.44 ^ rx_generated_activity[13]$_DFF_PP0_/CK (DFFR_X1)
                         -0.10   80.34   clock uncertainty
                          0.00   80.34   clock reconvergence pessimism
                         -0.04   80.31   library setup time
                                 80.31   data required time
-----------------------------------------------------------------------------
                                 80.31   data required time
                                 -0.81   data arrival time
-----------------------------------------------------------------------------
                                 79.49   slack (MET)


Startpoint: u_ethmac.txethmac1.MTxEn$_DFF_PP0_
            (rising edge-triggered flip-flop clocked by tx_clk)
Endpoint: mtxen_pad_o (output port clocked by tx_clk)
Path Group: tx_clk
Path Type: max

Fanout     Cap    Slew   Delay    Time   Description
-----------------------------------------------------------------------------
                          0.00    0.00   clock tx_clk (rise edge)
                          0.00    0.00   clock source latency
     1   19.41    0.04    0.05    0.05 ^ mtx_clk_pad_i (in)
                                         mtx_clk_pad_i (net)
                  0.04    0.00    0.05 ^ clkbuf_0_mtx_clk_pad_i/A (CLKBUF_X3)
     4   17.43    0.02    0.05    0.10 ^ clkbuf_0_mtx_clk_pad_i/Z (CLKBUF_X3)
                                         clknet_0_mtx_clk_pad_i (net)
                  0.02    0.00    0.11 ^ clkbuf_2_1__f_mtx_clk_pad_i/A (CLKBUF_X3)
     9   28.35    0.02    0.05    0.16 ^ clkbuf_2_1__f_mtx_clk_pad_i/Z (CLKBUF_X3)
                                         clknet_2_1__leaf_mtx_clk_pad_i (net)
                  0.02    0.00    0.16 ^ clkbuf_leaf_11_mtx_clk_pad_i/A (CLKBUF_X3)
     5   13.57    0.01    0.04    0.20 ^ clkbuf_leaf_11_mtx_clk_pad_i/Z (CLKBUF_X3)
                                         clknet_leaf_11_mtx_clk_pad_i (net)
                  0.01    0.00    0.20 ^ u_ethmac.txethmac1.MTxEn$_DFF_PP0_/CK (DFFR_X1)
     3   18.03    0.04    0.14    0.35 ^ u_ethmac.txethmac1.MTxEn$_DFF_PP0_/Q (DFFR_X1)
                                         net388 (net)
                  0.04    0.00    0.35 ^ output391/A (BUF_X1)
     1    0.67    0.01    0.03    0.38 ^ output391/Z (BUF_X1)
                                         mtxen_pad_o (net)
                  0.01    0.00    0.38 ^ mtxen_pad_o (out)
                                  0.38   data arrival time

                         40.00   40.00   clock tx_clk (rise edge)
                          0.00   40.00   clock network delay (propagated)
                         -0.10   39.90   clock uncertainty
                          0.00   39.90   clock reconvergence pessimism
                         -2.00   37.90   output external delay
                                 37.90   data required time
-----------------------------------------------------------------------------
                                 37.90   data required time
                                 -0.38   data arrival time
-----------------------------------------------------------------------------
                                 37.52   slack (MET)


Startpoint: tx_generated_activity[3]$_DFF_PP0_
            (rising edge-triggered flip-flop clocked by tx_clk_div2)
Endpoint: tx_generated_activity[15]$_DFF_PP0_
          (rising edge-triggered flip-flop clocked by tx_clk_div2)
Path Group: tx_clk_div2
Path Type: max

Fanout     Cap    Slew   Delay    Time   Description
-----------------------------------------------------------------------------
                          0.00    0.00   clock tx_clk_div2 (rise edge)
                          0.00    0.00   clock source latency
     1   19.41    0.04    0.05    0.05 ^ mtx_clk_pad_i (in)
                                         mtx_clk_pad_i (net)
                  0.04    0.00    0.05 ^ clkbuf_0_mtx_clk_pad_i/A (CLKBUF_X3)
     4   17.43    0.02    0.05    0.10 ^ clkbuf_0_mtx_clk_pad_i/Z (CLKBUF_X3)
                                         clknet_0_mtx_clk_pad_i (net)
                  0.02    0.00    0.11 ^ clkbuf_2_2__f_mtx_clk_pad_i/A (CLKBUF_X3)
     9   33.01    0.03    0.06    0.16 ^ clkbuf_2_2__f_mtx_clk_pad_i/Z (CLKBUF_X3)
                                         clknet_2_2__leaf_mtx_clk_pad_i (net)
                  0.03    0.00    0.16 ^ clkbuf_leaf_19_mtx_clk_pad_i/A (CLKBUF_X3)
     4   34.66    0.03    0.06    0.22 ^ clkbuf_leaf_19_mtx_clk_pad_i/Z (CLKBUF_X3)
                                         clknet_leaf_19_mtx_clk_pad_i (net)
                  0.03    0.01    0.24 ^ u_tx_div.clk_out$_DFF_PP0_/CK (DFFR_X1)
     2    3.52    0.01    0.11    0.35 ^ u_tx_div.clk_out$_DFF_PP0_/Q (DFFR_X1)
                                         net391 (net)
                  0.01    0.00    0.35 ^ clkbuf_regs_1_tx_clk_div2/A (CLKBUF_X3)
     1    1.55    0.01    0.03    0.38 ^ clkbuf_regs_1_tx_clk_div2/Z (CLKBUF_X3)
                                         net391_regs (net)
                  0.01    0.00    0.38 ^ clkbuf_0_net391_regs/A (CLKBUF_X3)
     2    4.14    0.01    0.03    0.41 ^ clkbuf_0_net391_regs/Z (CLKBUF_X3)
                                         clknet_0_net391_regs (net)
                  0.01    0.00    0.41 ^ clkbuf_1_0__f_net391_regs/A (CLKBUF_X3)
     8   10.18    0.01    0.03    0.44 ^ clkbuf_1_0__f_net391_regs/Z (CLKBUF_X3)
                                         clknet_1_0__leaf_net391_regs (net)
                  0.01    0.00    0.44 ^ tx_generated_activity[3]$_DFF_PP0_/CK (DFFR_X1)
     6   11.11    0.03    0.13    0.57 ^ tx_generated_activity[3]$_DFF_PP0_/Q (DFFR_X1)
                                         net240 (net)
                  0.03    0.00    0.57 ^ _60269_/A3 (NAND4_X1)
     4    6.72    0.03    0.05    0.62 v _60269_/ZN (NAND4_X1)
                                         _24493_ (net)
                  0.03    0.00    0.62 v _60491_/A1 (NOR3_X1)
     3    6.66    0.06    0.08    0.70 ^ _60491_/ZN (NOR3_X1)
                                         _24674_ (net)
                  0.06    0.00    0.70 ^ _60765_/A2 (NAND3_X1)
     1    2.52    0.02    0.03    0.74 v _60765_/ZN (NAND3_X1)
                                         _24864_ (net)
                  0.02    0.00    0.74 v _60766_/B (XNOR2_X1)
     1    1.15    0.01    0.04    0.78 v _60766_/ZN (XNOR2_X1)
                                         _00133_ (net)
                  0.01    0.00    0.78 v tx_generated_activity[15]$_DFF_PP0_/D (DFFR_X1)
                                  0.78   data arrival time

                         80.00   80.00   clock tx_clk_div2 (rise edge)
                          0.00   80.00   clock source latency
     1   19.41    0.04    0.05   80.05 ^ mtx_clk_pad_i (in)
                                         mtx_clk_pad_i (net)
                  0.04    0.00   80.05 ^ clkbuf_0_mtx_clk_pad_i/A (CLKBUF_X3)
     4   17.43    0.02    0.05   80.10 ^ clkbuf_0_mtx_clk_pad_i/Z (CLKBUF_X3)
                                         clknet_0_mtx_clk_pad_i (net)
                  0.02    0.00   80.11 ^ clkbuf_2_2__f_mtx_clk_pad_i/A (CLKBUF_X3)
     9   33.01    0.03    0.06   80.16 ^ clkbuf_2_2__f_mtx_clk_pad_i/Z (CLKBUF_X3)
                                         clknet_2_2__leaf_mtx_clk_pad_i (net)
                  0.03    0.00   80.16 ^ clkbuf_leaf_19_mtx_clk_pad_i/A (CLKBUF_X3)
     4   34.66    0.03    0.06   80.22 ^ clkbuf_leaf_19_mtx_clk_pad_i/Z (CLKBUF_X3)
                                         clknet_leaf_19_mtx_clk_pad_i (net)
                  0.03    0.01   80.24 ^ u_tx_div.clk_out$_DFF_PP0_/CK (DFFR_X1)
     2    3.52    0.01    0.11   80.35 ^ u_tx_div.clk_out$_DFF_PP0_/Q (DFFR_X1)
                                         net391 (net)
                  0.01    0.00   80.35 ^ clkbuf_regs_1_tx_clk_div2/A (CLKBUF_X3)
     1    1.55    0.01    0.03   80.38 ^ clkbuf_regs_1_tx_clk_div2/Z (CLKBUF_X3)
                                         net391_regs (net)
                  0.01    0.00   80.38 ^ clkbuf_0_net391_regs/A (CLKBUF_X3)
     2    4.14    0.01    0.03   80.41 ^ clkbuf_0_net391_regs/Z (CLKBUF_X3)
                                         clknet_0_net391_regs (net)
                  0.01    0.00   80.41 ^ clkbuf_1_1__f_net391_regs/A (CLKBUF_X3)
     9   11.17    0.01    0.04   80.44 ^ clkbuf_1_1__f_net391_regs/Z (CLKBUF_X3)
                                         clknet_1_1__leaf_net391_regs (net)
                  0.01    0.00   80.44 ^ tx_generated_activity[15]$_DFF_PP0_/CK (DFFR_X1)
                         -0.10   80.34   clock uncertainty
                          0.00   80.34   clock reconvergence pessimism
                         -0.04   80.31   library setup time
                                 80.31   data required time
-----------------------------------------------------------------------------
                                 80.31   data required time
                                 -0.78   data arrival time
-----------------------------------------------------------------------------
                                 79.53   slack (MET)


Startpoint: wb_generated_activity[6]$_DFF_PP0_
            (rising edge-triggered flip-flop clocked by wb_clk_div2)
Endpoint: generated_activity_o[6] (output port clocked by wb_clk)
Path Group: wb_clk
Path Type: max

Fanout     Cap    Slew   Delay    Time   Description
-----------------------------------------------------------------------------
                          0.00    0.00   clock wb_clk_div2 (rise edge)
                          0.00    0.00   clock source latency
     1   49.74    0.11    0.13    0.13 ^ wb_clk_i (in)
                                         wb_clk_i (net)
                  0.11    0.00    0.13 ^ clkbuf_0_wb_clk_i/A (CLKBUF_X3)
     4   35.53    0.03    0.08    0.21 ^ clkbuf_0_wb_clk_i/Z (CLKBUF_X3)
                                         clknet_0_wb_clk_i (net)
                  0.03    0.00    0.22 ^ clkbuf_2_2_0_wb_clk_i/A (CLKBUF_X3)
     4   28.70    0.02    0.06    0.27 ^ clkbuf_2_2_0_wb_clk_i/Z (CLKBUF_X3)
                                         clknet_2_2_0_wb_clk_i (net)
                  0.02    0.00    0.28 ^ clkbuf_4_10_0_wb_clk_i/A (CLKBUF_X3)
     8   33.13    0.03    0.06    0.34 ^ clkbuf_4_10_0_wb_clk_i/Z (CLKBUF_X3)
                                         clknet_4_10_0_wb_clk_i (net)
                  0.03    0.00    0.34 ^ clkbuf_7_85__f_wb_clk_i/A (CLKBUF_X3)
     5   25.77    0.02    0.06    0.40 ^ clkbuf_7_85__f_wb_clk_i/Z (CLKBUF_X3)
                                         clknet_7_85__leaf_wb_clk_i (net)
                  0.02    0.00    0.40 ^ clkbuf_leaf_311_wb_clk_i/A (CLKBUF_X3)
     4   14.79    0.01    0.04    0.44 ^ clkbuf_leaf_311_wb_clk_i/Z (CLKBUF_X3)
                                         clknet_leaf_311_wb_clk_i (net)
                  0.01    0.00    0.44 ^ u_wb_div.clk_out$_DFF_PP0_/CK (DFFR_X1)
     2    3.92    0.01    0.11    0.55 ^ u_wb_div.clk_out$_DFF_PP0_/Q (DFFR_X1)
                                         net393 (net)
                  0.01    0.00    0.55 ^ clkbuf_regs_0_wb_clk_div2/A (CLKBUF_X3)
     1    2.02    0.01    0.03    0.58 ^ clkbuf_regs_0_wb_clk_div2/Z (CLKBUF_X3)
                                         net393_regs (net)
                  0.01    0.00    0.58 ^ clkbuf_0_net393_regs/A (CLKBUF_X3)
     2    4.60    0.01    0.03    0.61 ^ clkbuf_0_net393_regs/Z (CLKBUF_X3)
                                         clknet_0_net393_regs (net)
                  0.01    0.00    0.61 ^ clkbuf_1_0__f_net393_regs/A (CLKBUF_X3)
     9   11.05    0.01    0.04    0.65 ^ clkbuf_1_0__f_net393_regs/Z (CLKBUF_X3)
                                         clknet_1_0__leaf_net393_regs (net)
                  0.01    0.00    0.65 ^ wb_generated_activity[6]$_DFF_PP0_/CK (DFFR_X1)
     6   10.82    0.03    0.13    0.77 ^ wb_generated_activity[6]$_DFF_PP0_/Q (DFFR_X1)
                                         net296 (net)
                  0.03    0.00    0.77 ^ output297/A (BUF_X1)
     1    0.49    0.01    0.02    0.80 ^ output297/Z (BUF_X1)
                                         generated_activity_o[6] (net)
                  0.01    0.00    0.80 ^ generated_activity_o[6] (out)
                                  0.80   data arrival time

                        220.00  220.00   clock wb_clk (rise edge)
                          0.00  220.00   clock network delay (propagated)
                         -0.10  219.90   clock uncertainty
                          0.00  219.90   clock reconvergence pessimism
                         -2.00  217.90   output external delay
                                217.90   data required time
-----------------------------------------------------------------------------
                                217.90   data required time
                                 -0.80   data arrival time
-----------------------------------------------------------------------------
                                217.10   slack (MET)


Startpoint: wb_generated_activity[2]$_DFF_PP0_
            (rising edge-triggered flip-flop clocked by wb_clk_div2)
Endpoint: wb_generated_activity[13]$_DFF_PP0_
          (rising edge-triggered flip-flop clocked by wb_clk_div2)
Path Group: wb_clk_div2
Path Type: max

Fanout     Cap    Slew   Delay    Time   Description
-----------------------------------------------------------------------------
                          0.00    0.00   clock wb_clk_div2 (rise edge)
                          0.00    0.00   clock source latency
     1   49.74    0.11    0.13    0.13 ^ wb_clk_i (in)
                                         wb_clk_i (net)
                  0.11    0.00    0.13 ^ clkbuf_0_wb_clk_i/A (CLKBUF_X3)
     4   35.53    0.03    0.08    0.21 ^ clkbuf_0_wb_clk_i/Z (CLKBUF_X3)
                                         clknet_0_wb_clk_i (net)
                  0.03    0.00    0.22 ^ clkbuf_2_2_0_wb_clk_i/A (CLKBUF_X3)
     4   28.70    0.02    0.06    0.27 ^ clkbuf_2_2_0_wb_clk_i/Z (CLKBUF_X3)
                                         clknet_2_2_0_wb_clk_i (net)
                  0.02    0.00    0.28 ^ clkbuf_4_10_0_wb_clk_i/A (CLKBUF_X3)
     8   33.13    0.03    0.06    0.34 ^ clkbuf_4_10_0_wb_clk_i/Z (CLKBUF_X3)
                                         clknet_4_10_0_wb_clk_i (net)
                  0.03    0.00    0.34 ^ clkbuf_7_85__f_wb_clk_i/A (CLKBUF_X3)
     5   25.77    0.02    0.06    0.40 ^ clkbuf_7_85__f_wb_clk_i/Z (CLKBUF_X3)
                                         clknet_7_85__leaf_wb_clk_i (net)
                  0.02    0.00    0.40 ^ clkbuf_leaf_311_wb_clk_i/A (CLKBUF_X3)
     4   14.79    0.01    0.04    0.44 ^ clkbuf_leaf_311_wb_clk_i/Z (CLKBUF_X3)
                                         clknet_leaf_311_wb_clk_i (net)
                  0.01    0.00    0.44 ^ u_wb_div.clk_out$_DFF_PP0_/CK (DFFR_X1)
     2    3.92    0.01    0.11    0.55 ^ u_wb_div.clk_out$_DFF_PP0_/Q (DFFR_X1)
                                         net393 (net)
                  0.01    0.00    0.55 ^ clkbuf_regs_0_wb_clk_div2/A (CLKBUF_X3)
     1    2.02    0.01    0.03    0.58 ^ clkbuf_regs_0_wb_clk_div2/Z (CLKBUF_X3)
                                         net393_regs (net)
                  0.01    0.00    0.58 ^ clkbuf_0_net393_regs/A (CLKBUF_X3)
     2    4.60    0.01    0.03    0.61 ^ clkbuf_0_net393_regs/Z (CLKBUF_X3)
                                         clknet_0_net393_regs (net)
                  0.01    0.00    0.61 ^ clkbuf_1_1__f_net393_regs/A (CLKBUF_X3)
     8   10.67    0.01    0.04    0.65 ^ clkbuf_1_1__f_net393_regs/Z (CLKBUF_X3)
                                         clknet_1_1__leaf_net393_regs (net)
                  0.01    0.00    0.65 ^ wb_generated_activity[2]$_DFF_PP0_/CK (DFFR_X1)
     5    8.42    0.02    0.12    0.77 ^ wb_generated_activity[2]$_DFF_PP0_/Q (DFFR_X1)
                                         net252 (net)
                  0.02    0.00    0.77 ^ _60298_/A2 (AND3_X1)
     2    3.15    0.01    0.05    0.82 ^ _60298_/ZN (AND3_X1)
                                         _24515_ (net)
                  0.01    0.00    0.82 ^ _60299_/A2 (AND2_X1)
     3    4.99    0.02    0.04    0.86 ^ _60299_/ZN (AND2_X1)
                                         _24516_ (net)
                  0.02    0.00    0.86 ^ _60303_/A3 (AND3_X1)
     3    6.24    0.02    0.06    0.92 ^ _60303_/ZN (AND3_X1)
                                         _24519_ (net)
                  0.02    0.00    0.92 ^ _60309_/A (INV_X1)
     1    1.57    0.01    0.01    0.93 v _60309_/ZN (INV_X1)
                                         _24523_ (net)
                  0.01    0.00    0.93 v _60311_/A1 (NOR2_X1)
     3    6.39    0.04    0.05    0.97 ^ _60311_/ZN (NOR2_X1)
                                         _24525_ (net)
                  0.04    0.00    0.97 ^ _60317_/A4 (NAND4_X1)
     1    2.65    0.02    0.04    1.01 v _60317_/ZN (NAND4_X1)
                                         _24529_ (net)
                  0.02    0.00    1.01 v _60318_/B (XNOR2_X1)
     1    1.74    0.01    0.04    1.06 v _60318_/ZN (XNOR2_X1)
                                         _00145_ (net)
                  0.01    0.00    1.06 v wb_generated_activity[13]$_DFF_PP0_/D (DFFR_X1)
                                  1.06   data arrival time

                        440.00  440.00   clock wb_clk_div2 (rise edge)
                          0.00  440.00   clock source latency
     1   49.74    0.11    0.13  440.13 ^ wb_clk_i (in)
                                         wb_clk_i (net)
                  0.11    0.00  440.13 ^ clkbuf_0_wb_clk_i/A (CLKBUF_X3)
     4   35.53    0.03    0.08  440.21 ^ clkbuf_0_wb_clk_i/Z (CLKBUF_X3)
                                         clknet_0_wb_clk_i (net)
                  0.03    0.00  440.22 ^ clkbuf_2_2_0_wb_clk_i/A (CLKBUF_X3)
     4   28.70    0.02    0.06  440.27 ^ clkbuf_2_2_0_wb_clk_i/Z (CLKBUF_X3)
                                         clknet_2_2_0_wb_clk_i (net)
                  0.02    0.00  440.28 ^ clkbuf_4_10_0_wb_clk_i/A (CLKBUF_X3)
     8   33.13    0.03    0.06  440.34 ^ clkbuf_4_10_0_wb_clk_i/Z (CLKBUF_X3)
                                         clknet_4_10_0_wb_clk_i (net)
                  0.03    0.00  440.34 ^ clkbuf_7_85__f_wb_clk_i/A (CLKBUF_X3)
     5   25.77    0.02    0.06  440.40 ^ clkbuf_7_85__f_wb_clk_i/Z (CLKBUF_X3)
                                         clknet_7_85__leaf_wb_clk_i (net)
                  0.02    0.00  440.40 ^ clkbuf_leaf_311_wb_clk_i/A (CLKBUF_X3)
     4   14.79    0.01    0.04  440.44 ^ clkbuf_leaf_311_wb_clk_i/Z (CLKBUF_X3)
                                         clknet_leaf_311_wb_clk_i (net)
                  0.01    0.00  440.44 ^ u_wb_div.clk_out$_DFF_PP0_/CK (DFFR_X1)
     2    3.92    0.01    0.11  440.55 ^ u_wb_div.clk_out$_DFF_PP0_/Q (DFFR_X1)
                                         net393 (net)
                  0.01    0.00  440.55 ^ clkbuf_regs_0_wb_clk_div2/A (CLKBUF_X3)
     1    2.02    0.01    0.03  440.58 ^ clkbuf_regs_0_wb_clk_div2/Z (CLKBUF_X3)
                                         net393_regs (net)
                  0.01    0.00  440.58 ^ clkbuf_0_net393_regs/A (CLKBUF_X3)
     2    4.60    0.01    0.03  440.61 ^ clkbuf_0_net393_regs/Z (CLKBUF_X3)
                                         clknet_0_net393_regs (net)
                  0.01    0.00  440.61 ^ clkbuf_1_0__f_net393_regs/A (CLKBUF_X3)
     9   11.05    0.01    0.04  440.65 ^ clkbuf_1_0__f_net393_regs/Z (CLKBUF_X3)
                                         clknet_1_0__leaf_net393_regs (net)
                  0.01    0.00  440.65 ^ wb_generated_activity[13]$_DFF_PP0_/CK (DFFR_X1)
                         -0.10  440.55   clock uncertainty
                          0.00  440.55   clock reconvergence pessimism
                         -0.04  440.51   library setup time
                                440.51   data required time
-----------------------------------------------------------------------------
                                440.51   data required time
                                 -1.06   data arrival time
-----------------------------------------------------------------------------
                                439.46   slack (MET)



==========================================================================
finish report_checks -unconstrained
--------------------------------------------------------------------------
Startpoint: u_aux0.state[5]$_DFF_PP0_
            (rising edge-triggered flip-flop clocked by aux0_clk)
Endpoint: aux0_digest_o[5] (output port clocked by aux0_clk)
Path Group: aux0_clk
Path Type: max

Fanout     Cap    Slew   Delay    Time   Description
-----------------------------------------------------------------------------
                          0.00    0.00   clock aux0_clk (rise edge)
                          0.00    0.00   clock source latency
     1   24.44    0.05    0.06    0.06 ^ aux0_clk_i (in)
                                         aux0_clk_i (net)
                  0.06    0.00    0.06 ^ clkbuf_0_aux0_clk_i/A (CLKBUF_X3)
     4   27.22    0.02    0.06    0.13 ^ clkbuf_0_aux0_clk_i/Z (CLKBUF_X3)
                                         clknet_0_aux0_clk_i (net)
                  0.02    0.00    0.13 ^ clkbuf_2_2_0_aux0_clk_i/A (CLKBUF_X3)
     8   28.74    0.02    0.06    0.19 ^ clkbuf_2_2_0_aux0_clk_i/Z (CLKBUF_X3)
                                         clknet_2_2_0_aux0_clk_i (net)
                  0.02    0.00    0.19 ^ clkbuf_5_21_0_aux0_clk_i/A (CLKBUF_X3)
    14   46.44    0.04    0.07    0.26 ^ clkbuf_5_21_0_aux0_clk_i/Z (CLKBUF_X3)
                                         clknet_5_21_0_aux0_clk_i (net)
                  0.04    0.00    0.26 ^ clkbuf_leaf_353_aux0_clk_i/A (CLKBUF_X3)
    10   11.87    0.01    0.05    0.31 ^ clkbuf_leaf_353_aux0_clk_i/Z (CLKBUF_X3)
                                         clknet_leaf_353_aux0_clk_i (net)
                  0.01    0.00    0.31 ^ u_aux0.state[5]$_DFF_PP0_/CK (DFFR_X1)
     2    3.77    0.01    0.11    0.42 ^ u_aux0.state[5]$_DFF_PP0_/Q (DFFR_X1)
                                         u_aux0.state[5] (net)
                  0.01    0.00    0.42 ^ _59700_/B (XOR2_X1)
     1    1.36    0.02    0.04    0.46 ^ _59700_/Z (XOR2_X1)
                                         net190 (net)
                  0.02    0.00    0.46 ^ output191/A (BUF_X1)
     1    0.87    0.01    0.02    0.49 ^ output191/Z (BUF_X1)
                                         aux0_digest_o[5] (net)
                  0.01    0.00    0.49 ^ aux0_digest_o[5] (out)
                                  0.49   data arrival time

                          0.45    0.45   clock aux0_clk (rise edge)
                          0.00    0.45   clock network delay (propagated)
                         -0.10    0.35   clock uncertainty
                          0.00    0.35   clock reconvergence pessimism
                         -0.20    0.15   output external delay
                                  0.15   data required time
-----------------------------------------------------------------------------
                                  0.15   data required time
                                 -0.49   data arrival time
-----------------------------------------------------------------------------
                                 -0.34   slack (VIOLATED)


Startpoint: aux0_generated_activity[6]$_DFF_PP0_
            (rising edge-triggered flip-flop clocked by aux0_clk_div2)
Endpoint: aux0_generated_activity[13]$_DFF_PP0_
          (rising edge-triggered flip-flop clocked by aux0_clk_div2)
Path Group: aux0_clk_div2
Path Type: max

Fanout     Cap    Slew   Delay    Time   Description
-----------------------------------------------------------------------------
                          0.00    0.00   clock aux0_clk_div2 (rise edge)
                          0.00    0.00   clock source latency
     1   24.44    0.05    0.06    0.06 ^ aux0_clk_i (in)
                                         aux0_clk_i (net)
                  0.06    0.00    0.06 ^ clkbuf_0_aux0_clk_i/A (CLKBUF_X3)
     4   27.22    0.02    0.06    0.13 ^ clkbuf_0_aux0_clk_i/Z (CLKBUF_X3)
                                         clknet_0_aux0_clk_i (net)
                  0.02    0.00    0.13 ^ clkbuf_2_2_0_aux0_clk_i/A (CLKBUF_X3)
     8   28.74    0.02    0.06    0.19 ^ clkbuf_2_2_0_aux0_clk_i/Z (CLKBUF_X3)
                                         clknet_2_2_0_aux0_clk_i (net)
                  0.02    0.00    0.19 ^ clkbuf_5_21_0_aux0_clk_i/A (CLKBUF_X3)
    14   46.44    0.04    0.07    0.26 ^ clkbuf_5_21_0_aux0_clk_i/Z (CLKBUF_X3)
                                         clknet_5_21_0_aux0_clk_i (net)
                  0.04    0.00    0.26 ^ clkbuf_leaf_370_aux0_clk_i/A (CLKBUF_X3)
     3   30.02    0.02    0.06    0.32 ^ clkbuf_leaf_370_aux0_clk_i/Z (CLKBUF_X3)
                                         clknet_leaf_370_aux0_clk_i (net)
                  0.03    0.00    0.33 ^ u_aux0_div.clk_out$_DFF_PP0_/CK (DFFR_X1)
     2    4.35    0.01    0.11    0.44 ^ u_aux0_div.clk_out$_DFF_PP0_/Q (DFFR_X1)
                                         net162 (net)
                  0.01    0.00    0.44 ^ clkbuf_regs_3_aux0_clk_div2/A (CLKBUF_X3)
     1    1.99    0.01    0.03    0.47 ^ clkbuf_regs_3_aux0_clk_div2/Z (CLKBUF_X3)
                                         net162_regs (net)
                  0.01    0.00    0.47 ^ clkbuf_0_net162_regs/A (CLKBUF_X3)
     2    4.44    0.01    0.03    0.50 ^ clkbuf_0_net162_regs/Z (CLKBUF_X3)
                                         clknet_0_net162_regs (net)
                  0.01    0.00    0.50 ^ clkbuf_1_1__f_net162_regs/A (CLKBUF_X3)
     8   10.44    0.01    0.04    0.54 ^ clkbuf_1_1__f_net162_regs/Z (CLKBUF_X3)
                                         clknet_1_1__leaf_net162_regs (net)
                  0.01    0.00    0.54 ^ aux0_generated_activity[6]$_DFF_PP0_/CK (DFFR_X1)
     6   11.37    0.03    0.13    0.66 ^ aux0_generated_activity[6]$_DFF_PP0_/Q (DFFR_X1)
                                         net279 (net)
                  0.03    0.00    0.66 ^ _60409_/A4 (NAND4_X1)
     2    4.14    0.02    0.04    0.71 v _60409_/ZN (NAND4_X1)
                                         _24607_ (net)
                  0.02    0.00    0.71 v _60479_/A3 (NOR3_X1)
     3    6.77    0.06    0.09    0.80 ^ _60479_/ZN (NOR3_X1)
                                         _24667_ (net)
                  0.06    0.00    0.80 ^ _62011_/A4 (NAND4_X1)
     1    2.60    0.02    0.04    0.84 v _62011_/ZN (NAND4_X1)
                                         _25989_ (net)
                  0.02    0.00    0.84 v _62012_/B (XNOR2_X1)
     1    1.16    0.01    0.04    0.88 v _62012_/ZN (XNOR2_X1)
                                         _00103_ (net)
                  0.01    0.00    0.88 v aux0_generated_activity[13]$_DFF_PP0_/D (DFFR_X1)
                                  0.88   data arrival time

                          0.90    0.90   clock aux0_clk_div2 (rise edge)
                          0.00    0.90   clock source latency
     1   24.44    0.05    0.06    0.96 ^ aux0_clk_i (in)
                                         aux0_clk_i (net)
                  0.06    0.00    0.96 ^ clkbuf_0_aux0_clk_i/A (CLKBUF_X3)
     4   27.22    0.02    0.06    1.03 ^ clkbuf_0_aux0_clk_i/Z (CLKBUF_X3)
                                         clknet_0_aux0_clk_i (net)
                  0.02    0.00    1.03 ^ clkbuf_2_2_0_aux0_clk_i/A (CLKBUF_X3)
     8   28.74    0.02    0.06    1.09 ^ clkbuf_2_2_0_aux0_clk_i/Z (CLKBUF_X3)
                                         clknet_2_2_0_aux0_clk_i (net)
                  0.02    0.00    1.09 ^ clkbuf_5_21_0_aux0_clk_i/A (CLKBUF_X3)
    14   46.44    0.04    0.07    1.16 ^ clkbuf_5_21_0_aux0_clk_i/Z (CLKBUF_X3)
                                         clknet_5_21_0_aux0_clk_i (net)
                  0.04    0.00    1.16 ^ clkbuf_leaf_370_aux0_clk_i/A (CLKBUF_X3)
     3   30.02    0.02    0.06    1.22 ^ clkbuf_leaf_370_aux0_clk_i/Z (CLKBUF_X3)
                                         clknet_leaf_370_aux0_clk_i (net)
                  0.03    0.00    1.23 ^ u_aux0_div.clk_out$_DFF_PP0_/CK (DFFR_X1)
     2    4.35    0.01    0.11    1.34 ^ u_aux0_div.clk_out$_DFF_PP0_/Q (DFFR_X1)
                                         net162 (net)
                  0.01    0.00    1.34 ^ clkbuf_regs_3_aux0_clk_div2/A (CLKBUF_X3)
     1    1.99    0.01    0.03    1.37 ^ clkbuf_regs_3_aux0_clk_div2/Z (CLKBUF_X3)
                                         net162_regs (net)
                  0.01    0.00    1.37 ^ clkbuf_0_net162_regs/A (CLKBUF_X3)
     2    4.44    0.01    0.03    1.40 ^ clkbuf_0_net162_regs/Z (CLKBUF_X3)
                                         clknet_0_net162_regs (net)
                  0.01    0.00    1.40 ^ clkbuf_1_1__f_net162_regs/A (CLKBUF_X3)
     8   10.44    0.01    0.04    1.44 ^ clkbuf_1_1__f_net162_regs/Z (CLKBUF_X3)
                                         clknet_1_1__leaf_net162_regs (net)
                  0.01    0.00    1.44 ^ aux0_generated_activity[13]$_DFF_PP0_/CK (DFFR_X1)
                         -0.10    1.34   clock uncertainty
                          0.00    1.34   clock reconvergence pessimism
                         -0.04    1.30   library setup time
                                  1.30   data required time
-----------------------------------------------------------------------------
                                  1.30   data required time
                                 -0.88   data arrival time
-----------------------------------------------------------------------------
                                  0.42   slack (MET)


Startpoint: u_aux1.state[5]$_DFF_PP0_
            (rising edge-triggered flip-flop clocked by aux1_clk)
Endpoint: aux1_digest_o[5] (output port clocked by aux1_clk)
Path Group: aux1_clk
Path Type: max

Fanout     Cap    Slew   Delay    Time   Description
-----------------------------------------------------------------------------
                          0.00    0.00   clock aux1_clk (rise edge)
                          0.00    0.00   clock source latency
     1   32.99    0.07    0.09    0.09 ^ aux1_clk_i (in)
                                         aux1_clk_i (net)
                  0.07    0.00    0.09 ^ clkbuf_0_aux1_clk_i/A (CLKBUF_X3)
     4   26.65    0.02    0.07    0.15 ^ clkbuf_0_aux1_clk_i/Z (CLKBUF_X3)
                                         clknet_0_aux1_clk_i (net)
                  0.02    0.00    0.16 ^ clkbuf_2_3_0_aux1_clk_i/A (CLKBUF_X3)
     8   34.25    0.03    0.06    0.22 ^ clkbuf_2_3_0_aux1_clk_i/Z (CLKBUF_X3)
                                         clknet_2_3_0_aux1_clk_i (net)
                  0.03    0.00    0.22 ^ clkbuf_5_31_0_aux1_clk_i/A (CLKBUF_X3)
    24   59.63    0.04    0.08    0.30 ^ clkbuf_5_31_0_aux1_clk_i/Z (CLKBUF_X3)
                                         clknet_5_31_0_aux1_clk_i (net)
                  0.05    0.01    0.31 ^ clkbuf_leaf_358_aux1_clk_i/A (CLKBUF_X3)
     9   12.45    0.01    0.05    0.36 ^ clkbuf_leaf_358_aux1_clk_i/Z (CLKBUF_X3)
                                         clknet_leaf_358_aux1_clk_i (net)
                  0.01    0.00    0.36 ^ u_aux1.state[5]$_DFF_PP0_/CK (DFFR_X1)
     2    3.98    0.01    0.11    0.47 ^ u_aux1.state[5]$_DFF_PP0_/Q (DFFR_X1)
                                         u_aux1.state[5] (net)
                  0.01    0.00    0.47 ^ _61969_/B (XOR2_X1)
     1    2.66    0.03    0.05    0.52 ^ _61969_/Z (XOR2_X1)
                                         net223 (net)
                  0.03    0.00    0.52 ^ output224/A (BUF_X1)
     1    0.58    0.01    0.02    0.55 ^ output224/Z (BUF_X1)
                                         aux1_digest_o[5] (net)
                  0.01    0.00    0.55 ^ aux1_digest_o[5] (out)
                                  0.55   data arrival time

                          0.56    0.56   clock aux1_clk (rise edge)
                          0.00    0.56   clock network delay (propagated)
                         -0.10    0.46   clock uncertainty
                          0.00    0.46   clock reconvergence pessimism
                         -0.20    0.26   output external delay
                                  0.26   data required time
-----------------------------------------------------------------------------
                                  0.26   data required time
                                 -0.55   data arrival time
-----------------------------------------------------------------------------
                                 -0.28   slack (VIOLATED)


Startpoint: aux1_generated_activity[2]$_DFF_PP0_
            (rising edge-triggered flip-flop clocked by aux1_clk_div2)
Endpoint: aux1_generated_activity[13]$_DFF_PP0_
          (rising edge-triggered flip-flop clocked by aux1_clk_div2)
Path Group: aux1_clk_div2
Path Type: max

Fanout     Cap    Slew   Delay    Time   Description
-----------------------------------------------------------------------------
                          0.00    0.00   clock aux1_clk_div2 (rise edge)
                          0.00    0.00   clock source latency
     1   32.99    0.07    0.09    0.09 ^ aux1_clk_i (in)
                                         aux1_clk_i (net)
                  0.07    0.00    0.09 ^ clkbuf_0_aux1_clk_i/A (CLKBUF_X3)
     4   26.65    0.02    0.07    0.15 ^ clkbuf_0_aux1_clk_i/Z (CLKBUF_X3)
                                         clknet_0_aux1_clk_i (net)
                  0.02    0.00    0.16 ^ clkbuf_2_3_0_aux1_clk_i/A (CLKBUF_X3)
     8   34.25    0.03    0.06    0.22 ^ clkbuf_2_3_0_aux1_clk_i/Z (CLKBUF_X3)
                                         clknet_2_3_0_aux1_clk_i (net)
                  0.03    0.00    0.22 ^ clkbuf_5_31_0_aux1_clk_i/A (CLKBUF_X3)
    24   59.63    0.04    0.08    0.30 ^ clkbuf_5_31_0_aux1_clk_i/Z (CLKBUF_X3)
                                         clknet_5_31_0_aux1_clk_i (net)
                  0.05    0.01    0.31 ^ clkbuf_leaf_375_aux1_clk_i/A (CLKBUF_X3)
     5   34.78    0.03    0.07    0.38 ^ clkbuf_leaf_375_aux1_clk_i/Z (CLKBUF_X3)
                                         clknet_leaf_375_aux1_clk_i (net)
                  0.03    0.01    0.39 ^ u_aux1_div.clk_out$_DFF_PP0_/CK (DFFR_X1)
     2    5.55    0.02    0.12    0.51 ^ u_aux1_div.clk_out$_DFF_PP0_/Q (DFFR_X1)
                                         net195 (net)
                  0.02    0.00    0.51 ^ clkbuf_regs_4_aux1_clk_div2/A (CLKBUF_X3)
     1    1.71    0.01    0.03    0.54 ^ clkbuf_regs_4_aux1_clk_div2/Z (CLKBUF_X3)
                                         net195_regs (net)
                  0.01    0.00    0.54 ^ clkbuf_0_net195_regs/A (CLKBUF_X3)
     2    3.85    0.01    0.03    0.57 ^ clkbuf_0_net195_regs/Z (CLKBUF_X3)
                                         clknet_0_net195_regs (net)
                  0.01    0.00    0.57 ^ clkbuf_1_0__f_net195_regs/A (CLKBUF_X3)
     8   13.43    0.01    0.04    0.60 ^ clkbuf_1_0__f_net195_regs/Z (CLKBUF_X3)
                                         clknet_1_0__leaf_net195_regs (net)
                  0.01    0.00    0.60 ^ aux1_generated_activity[2]$_DFF_PP0_/CK (DFFR_X1)
     4    7.03    0.02    0.12    0.72 ^ aux1_generated_activity[2]$_DFF_PP0_/Q (DFFR_X1)
                                         net292 (net)
                  0.02    0.00    0.72 ^ _60263_/A1 (AND2_X1)
     3    4.08    0.01    0.04    0.76 ^ _60263_/ZN (AND2_X1)
                                         _24488_ (net)
                  0.01    0.00    0.76 ^ _60473_/A2 (AND3_X1)
     2    7.23    0.02    0.06    0.82 ^ _60473_/ZN (AND3_X1)
                                         _24662_ (net)
                  0.02    0.00    0.82 ^ _60474_/A3 (NAND3_X1)
     2    4.42    0.02    0.03    0.85 v _60474_/ZN (NAND3_X1)
                                         _24663_ (net)
                  0.02    0.00    0.85 v _60475_/A (INV_X1)
     2    3.17    0.01    0.02    0.88 ^ _60475_/ZN (INV_X1)
                                         _24664_ (net)
                  0.01    0.00    0.88 ^ _60476_/A2 (AND2_X1)
     3    5.57    0.02    0.04    0.92 ^ _60476_/ZN (AND2_X1)
                                         _24665_ (net)
                  0.02    0.00    0.92 ^ _60485_/A4 (NAND4_X1)
     1    2.91    0.02    0.04    0.95 v _60485_/ZN (NAND4_X1)
                                         _24671_ (net)
                  0.02    0.00    0.95 v _60486_/B (XNOR2_X1)
     1    1.84    0.01    0.04    1.00 v _60486_/ZN (XNOR2_X1)
                                         _00089_ (net)
                  0.01    0.00    1.00 v aux1_generated_activity[13]$_DFF_PP0_/D (DFFR_X1)
                                  1.00   data arrival time

                          1.12    1.12   clock aux1_clk_div2 (rise edge)
                          0.00    1.12   clock source latency
     1   32.99    0.07    0.09    1.21 ^ aux1_clk_i (in)
                                         aux1_clk_i (net)
                  0.07    0.00    1.21 ^ clkbuf_0_aux1_clk_i/A (CLKBUF_X3)
     4   26.65    0.02    0.07    1.28 ^ clkbuf_0_aux1_clk_i/Z (CLKBUF_X3)
                                         clknet_0_aux1_clk_i (net)
                  0.02    0.00    1.28 ^ clkbuf_2_3_0_aux1_clk_i/A (CLKBUF_X3)
     8   34.25    0.03    0.06    1.34 ^ clkbuf_2_3_0_aux1_clk_i/Z (CLKBUF_X3)
                                         clknet_2_3_0_aux1_clk_i (net)
                  0.03    0.00    1.35 ^ clkbuf_5_31_0_aux1_clk_i/A (CLKBUF_X3)
    24   59.63    0.04    0.08    1.42 ^ clkbuf_5_31_0_aux1_clk_i/Z (CLKBUF_X3)
                                         clknet_5_31_0_aux1_clk_i (net)
                  0.05    0.01    1.44 ^ clkbuf_leaf_375_aux1_clk_i/A (CLKBUF_X3)
     5   34.78    0.03    0.07    1.50 ^ clkbuf_leaf_375_aux1_clk_i/Z (CLKBUF_X3)
                                         clknet_leaf_375_aux1_clk_i (net)
                  0.03    0.01    1.51 ^ u_aux1_div.clk_out$_DFF_PP0_/CK (DFFR_X1)
     2    5.55    0.02    0.12    1.63 ^ u_aux1_div.clk_out$_DFF_PP0_/Q (DFFR_X1)
                                         net195 (net)
                  0.02    0.00    1.63 ^ clkbuf_regs_4_aux1_clk_div2/A (CLKBUF_X3)
     1    1.71    0.01    0.03    1.66 ^ clkbuf_regs_4_aux1_clk_div2/Z (CLKBUF_X3)
                                         net195_regs (net)
                  0.01    0.00    1.66 ^ clkbuf_0_net195_regs/A (CLKBUF_X3)
     2    3.85    0.01    0.03    1.69 ^ clkbuf_0_net195_regs/Z (CLKBUF_X3)
                                         clknet_0_net195_regs (net)
                  0.01    0.00    1.69 ^ clkbuf_1_1__f_net195_regs/A (CLKBUF_X3)
     9   12.31    0.01    0.04    1.73 ^ clkbuf_1_1__f_net195_regs/Z (CLKBUF_X3)
                                         clknet_1_1__leaf_net195_regs (net)
                  0.01    0.00    1.73 ^ aux1_generated_activity[13]$_DFF_PP0_/CK (DFFR_X1)
                         -0.10    1.63   clock uncertainty
                          0.00    1.63   clock reconvergence pessimism
                         -0.04    1.59   library setup time
                                  1.59   data required time
-----------------------------------------------------------------------------
                                  1.59   data required time
                                 -1.00   data arrival time
-----------------------------------------------------------------------------
                                  0.59   slack (MET)


Startpoint: mrxdv_pad_i (input port clocked by rx_clk)
Endpoint: u_ethmac.macstatus1.ShortFrame$_DFFE_PP0P_
          (rising edge-triggered flip-flop clocked by rx_clk)
Path Group: rx_clk
Path Type: max

Fanout     Cap    Slew   Delay    Time   Description
-----------------------------------------------------------------------------
                          0.00    0.00   clock rx_clk (rise edge)
                          0.00    0.00   clock network delay (propagated)
                          2.00    2.00 v input external delay
     1    3.18    0.01    0.01    2.01 v mrxdv_pad_i (in)
                                         mrxdv_pad_i (net)
                  0.01    0.00    2.01 v input111/A (BUF_X1)
     2   14.47    0.02    0.04    2.05 v input111/Z (BUF_X1)
                                         net110 (net)
                  0.02    0.00    2.05 v _51239_/A2 (NAND2_X1)
     3    7.10    0.02    0.03    2.09 ^ _51239_/ZN (NAND2_X1)
                                         _16430_ (net)
                  0.02    0.00    2.09 ^ _51258_/A2 (NOR2_X1)
     1    1.60    0.02    0.01    2.10 v _51258_/ZN (NOR2_X1)
                                         _16447_ (net)
                  0.02    0.00    2.10 v _51259_/A (AOI21_X1)
    11   24.98    0.13    0.16    2.26 ^ _51259_/ZN (AOI21_X1)
                                         _16448_ (net)
                  0.13    0.00    2.26 ^ _58376_/A1 (NOR2_X1)
     7   13.61    0.04    0.05    2.31 v _58376_/ZN (NOR2_X1)
                                         _22962_ (net)
                  0.04    0.00    2.31 v _58377_/A2 (NOR2_X1)
     2    4.50    0.03    0.05    2.36 ^ _58377_/ZN (NOR2_X1)
                                         _22963_ (net)
                  0.03    0.00    2.36 ^ _58378_/A (AOI21_X1)
     5   11.46    0.05    0.03    2.39 v _58378_/ZN (AOI21_X1)
                                         _22964_ (net)
                  0.05    0.00    2.40 v _58413_/A3 (OR3_X1)
     1    1.57    0.01    0.09    2.49 v _58413_/ZN (OR3_X1)
                                         _22991_ (net)
                  0.01    0.00    2.49 v _58421_/B1 (OAI21_X1)
     1    1.37    0.02    0.03    2.51 ^ _58421_/ZN (OAI21_X1)
                                         _05515_ (net)
                  0.02    0.00    2.51 ^ u_ethmac.macstatus1.ShortFrame$_DFFE_PP0P_/D (DFFR_X1)
                                  2.51   data arrival time

                         40.00   40.00   clock rx_clk (rise edge)
                          0.00   40.00   clock source latency
     1   22.18    0.05    0.06   40.06 ^ mrx_clk_pad_i (in)
                                         mrx_clk_pad_i (net)
                  0.05    0.00   40.06 ^ clkbuf_0_mrx_clk_pad_i/A (CLKBUF_X3)
     4   17.73    0.02    0.06   40.11 ^ clkbuf_0_mrx_clk_pad_i/Z (CLKBUF_X3)
                                         clknet_0_mrx_clk_pad_i (net)
                  0.02    0.00   40.11 ^ clkbuf_2_0__f_mrx_clk_pad_i/A (CLKBUF_X3)
    13   39.25    0.03    0.06   40.18 ^ clkbuf_2_0__f_mrx_clk_pad_i/Z (CLKBUF_X3)
                                         clknet_2_0__leaf_mrx_clk_pad_i (net)
                  0.03    0.00   40.18 ^ clkbuf_leaf_19_mrx_clk_pad_i/A (CLKBUF_X3)
     8   10.71    0.01    0.04   40.22 ^ clkbuf_leaf_19_mrx_clk_pad_i/Z (CLKBUF_X3)
                                         clknet_leaf_19_mrx_clk_pad_i (net)
                  0.01    0.00   40.22 ^ u_ethmac.macstatus1.ShortFrame$_DFFE_PP0P_/CK (DFFR_X1)
                         -0.10   40.12   clock uncertainty
                          0.00   40.12   clock reconvergence pessimism
                         -0.03   40.09   library setup time
                                 40.09   data required time
-----------------------------------------------------------------------------
                                 40.09   data required time
                                 -2.51   data arrival time
-----------------------------------------------------------------------------
                                 37.58   slack (MET)


Startpoint: rx_generated_activity[3]$_DFF_PP0_
            (rising edge-triggered flip-flop clocked by rx_clk_div2)
Endpoint: rx_generated_activity[13]$_DFF_PP0_
          (rising edge-triggered flip-flop clocked by rx_clk_div2)
Path Group: rx_clk_div2
Path Type: max

Fanout     Cap    Slew   Delay    Time   Description
-----------------------------------------------------------------------------
                          0.00    0.00   clock rx_clk_div2 (rise edge)
                          0.00    0.00   clock source latency
     1   22.18    0.05    0.06    0.06 ^ mrx_clk_pad_i (in)
                                         mrx_clk_pad_i (net)
                  0.05    0.00    0.06 ^ clkbuf_0_mrx_clk_pad_i/A (CLKBUF_X3)
     4   17.73    0.02    0.06    0.11 ^ clkbuf_0_mrx_clk_pad_i/Z (CLKBUF_X3)
                                         clknet_0_mrx_clk_pad_i (net)
                  0.02    0.00    0.11 ^ clkbuf_2_3__f_mrx_clk_pad_i/A (CLKBUF_X3)
     9   31.30    0.03    0.06    0.17 ^ clkbuf_2_3__f_mrx_clk_pad_i/Z (CLKBUF_X3)
                                         clknet_2_3__leaf_mrx_clk_pad_i (net)
                  0.03    0.00    0.17 ^ clkbuf_leaf_28_mrx_clk_pad_i/A (CLKBUF_X3)
     5   30.11    0.02    0.06    0.23 ^ clkbuf_leaf_28_mrx_clk_pad_i/Z (CLKBUF_X3)
                                         clknet_leaf_28_mrx_clk_pad_i (net)
                  0.03    0.01    0.23 ^ u_rx_div.clk_out$_DFF_PP0_/CK (DFFR_X1)
     2    4.05    0.01    0.11    0.35 ^ u_rx_div.clk_out$_DFF_PP0_/Q (DFFR_X1)
                                         net390 (net)
                  0.01    0.00    0.35 ^ clkbuf_regs_2_rx_clk_div2/A (CLKBUF_X3)
     1    1.67    0.01    0.03    0.38 ^ clkbuf_regs_2_rx_clk_div2/Z (CLKBUF_X3)
                                         net390_regs (net)
                  0.01    0.00    0.38 ^ clkbuf_0_net390_regs/A (CLKBUF_X3)
     2    4.14    0.01    0.03    0.41 ^ clkbuf_0_net390_regs/Z (CLKBUF_X3)
                                         clknet_0_net390_regs (net)
                  0.01    0.00    0.41 ^ clkbuf_1_0__f_net390_regs/A (CLKBUF_X3)
     8   11.10    0.01    0.04    0.44 ^ clkbuf_1_0__f_net390_regs/Z (CLKBUF_X3)
                                         clknet_1_0__leaf_net390_regs (net)
                  0.01    0.00    0.44 ^ rx_generated_activity[3]$_DFF_PP0_/CK (DFFR_X1)
     6   11.96    0.03    0.13    0.57 ^ rx_generated_activity[3]$_DFF_PP0_/Q (DFFR_X1)
                                         net258 (net)
                  0.03    0.00    0.57 ^ _60257_/A3 (NAND4_X1)
     2    3.12    0.02    0.04    0.61 v _60257_/ZN (NAND4_X1)
                                         _24484_ (net)
                  0.02    0.00    0.61 v _60776_/A1 (NOR2_X1)
     3    5.68    0.03    0.05    0.66 ^ _60776_/ZN (NOR2_X1)
                                         _24872_ (net)
                  0.03    0.00    0.66 ^ _60777_/A4 (AND4_X1)
     3    5.65    0.02    0.07    0.73 ^ _60777_/ZN (AND4_X1)
                                         _24873_ (net)
                  0.02    0.00    0.73 ^ _60778_/A4 (NAND4_X1)
     1    2.65    0.02    0.04    0.77 v _60778_/ZN (NAND4_X1)
                                         _24874_ (net)
                  0.02    0.00    0.77 v _60779_/B (XNOR2_X1)
     1    1.30    0.01    0.04    0.81 v _60779_/ZN (XNOR2_X1)
                                         _00117_ (net)
                  0.01    0.00    0.81 v rx_generated_activity[13]$_DFF_PP0_/D (DFFR_X1)
                                  0.81   data arrival time

                         80.00   80.00   clock rx_clk_div2 (rise edge)
                          0.00   80.00   clock source latency
     1   22.18    0.05    0.06   80.06 ^ mrx_clk_pad_i (in)
                                         mrx_clk_pad_i (net)
                  0.05    0.00   80.06 ^ clkbuf_0_mrx_clk_pad_i/A (CLKBUF_X3)
     4   17.73    0.02    0.06   80.11 ^ clkbuf_0_mrx_clk_pad_i/Z (CLKBUF_X3)
                                         clknet_0_mrx_clk_pad_i (net)
                  0.02    0.00   80.11 ^ clkbuf_2_3__f_mrx_clk_pad_i/A (CLKBUF_X3)
     9   31.30    0.03    0.06   80.17 ^ clkbuf_2_3__f_mrx_clk_pad_i/Z (CLKBUF_X3)
                                         clknet_2_3__leaf_mrx_clk_pad_i (net)
                  0.03    0.00   80.17 ^ clkbuf_leaf_28_mrx_clk_pad_i/A (CLKBUF_X3)
     5   30.11    0.02    0.06   80.23 ^ clkbuf_leaf_28_mrx_clk_pad_i/Z (CLKBUF_X3)
                                         clknet_leaf_28_mrx_clk_pad_i (net)
                  0.03    0.01   80.23 ^ u_rx_div.clk_out$_DFF_PP0_/CK (DFFR_X1)
     2    4.05    0.01    0.11   80.35 ^ u_rx_div.clk_out$_DFF_PP0_/Q (DFFR_X1)
                                         net390 (net)
                  0.01    0.00   80.35 ^ clkbuf_regs_2_rx_clk_div2/A (CLKBUF_X3)
     1    1.67    0.01    0.03   80.38 ^ clkbuf_regs_2_rx_clk_div2/Z (CLKBUF_X3)
                                         net390_regs (net)
                  0.01    0.00   80.38 ^ clkbuf_0_net390_regs/A (CLKBUF_X3)
     2    4.14    0.01    0.03   80.41 ^ clkbuf_0_net390_regs/Z (CLKBUF_X3)
                                         clknet_0_net390_regs (net)
                  0.01    0.00   80.41 ^ clkbuf_1_1__f_net390_regs/A (CLKBUF_X3)
     9   11.76    0.01    0.04   80.44 ^ clkbuf_1_1__f_net390_regs/Z (CLKBUF_X3)
                                         clknet_1_1__leaf_net390_regs (net)
                  0.01    0.00   80.44 ^ rx_generated_activity[13]$_DFF_PP0_/CK (DFFR_X1)
                         -0.10   80.34   clock uncertainty
                          0.00   80.34   clock reconvergence pessimism
                         -0.04   80.31   library setup time
                                 80.31   data required time
-----------------------------------------------------------------------------
                                 80.31   data required time
                                 -0.81   data arrival time
-----------------------------------------------------------------------------
                                 79.49   slack (MET)


Startpoint: u_ethmac.txethmac1.MTxEn$_DFF_PP0_
            (rising edge-triggered flip-flop clocked by tx_clk)
Endpoint: mtxen_pad_o (output port clocked by tx_clk)
Path Group: tx_clk
Path Type: max

Fanout     Cap    Slew   Delay    Time   Description
-----------------------------------------------------------------------------
                          0.00    0.00   clock tx_clk (rise edge)
                          0.00    0.00   clock source latency
     1   19.41    0.04    0.05    0.05 ^ mtx_clk_pad_i (in)
                                         mtx_clk_pad_i (net)
                  0.04    0.00    0.05 ^ clkbuf_0_mtx_clk_pad_i/A (CLKBUF_X3)
     4   17.43    0.02    0.05    0.10 ^ clkbuf_0_mtx_clk_pad_i/Z (CLKBUF_X3)
                                         clknet_0_mtx_clk_pad_i (net)
                  0.02    0.00    0.11 ^ clkbuf_2_1__f_mtx_clk_pad_i/A (CLKBUF_X3)
     9   28.35    0.02    0.05    0.16 ^ clkbuf_2_1__f_mtx_clk_pad_i/Z (CLKBUF_X3)
                                         clknet_2_1__leaf_mtx_clk_pad_i (net)
                  0.02    0.00    0.16 ^ clkbuf_leaf_11_mtx_clk_pad_i/A (CLKBUF_X3)
     5   13.57    0.01    0.04    0.20 ^ clkbuf_leaf_11_mtx_clk_pad_i/Z (CLKBUF_X3)
                                         clknet_leaf_11_mtx_clk_pad_i (net)
                  0.01    0.00    0.20 ^ u_ethmac.txethmac1.MTxEn$_DFF_PP0_/CK (DFFR_X1)
     3   18.03    0.04    0.14    0.35 ^ u_ethmac.txethmac1.MTxEn$_DFF_PP0_/Q (DFFR_X1)
                                         net388 (net)
                  0.04    0.00    0.35 ^ output391/A (BUF_X1)
     1    0.67    0.01    0.03    0.38 ^ output391/Z (BUF_X1)
                                         mtxen_pad_o (net)
                  0.01    0.00    0.38 ^ mtxen_pad_o (out)
                                  0.38   data arrival time

                         40.00   40.00   clock tx_clk (rise edge)
                          0.00   40.00   clock network delay (propagated)
                         -0.10   39.90   clock uncertainty
                          0.00   39.90   clock reconvergence pessimism
                         -2.00   37.90   output external delay
                                 37.90   data required time
-----------------------------------------------------------------------------
                                 37.90   data required time
                                 -0.38   data arrival time
-----------------------------------------------------------------------------
                                 37.52   slack (MET)


Startpoint: tx_generated_activity[3]$_DFF_PP0_
            (rising edge-triggered flip-flop clocked by tx_clk_div2)
Endpoint: tx_generated_activity[15]$_DFF_PP0_
          (rising edge-triggered flip-flop clocked by tx_clk_div2)
Path Group: tx_clk_div2
Path Type: max

Fanout     Cap    Slew   Delay    Time   Description
-----------------------------------------------------------------------------
                          0.00    0.00   clock tx_clk_div2 (rise edge)
                          0.00    0.00   clock source latency
     1   19.41    0.04    0.05    0.05 ^ mtx_clk_pad_i (in)
                                         mtx_clk_pad_i (net)
                  0.04    0.00    0.05 ^ clkbuf_0_mtx_clk_pad_i/A (CLKBUF_X3)
     4   17.43    0.02    0.05    0.10 ^ clkbuf_0_mtx_clk_pad_i/Z (CLKBUF_X3)
                                         clknet_0_mtx_clk_pad_i (net)
                  0.02    0.00    0.11 ^ clkbuf_2_2__f_mtx_clk_pad_i/A (CLKBUF_X3)
     9   33.01    0.03    0.06    0.16 ^ clkbuf_2_2__f_mtx_clk_pad_i/Z (CLKBUF_X3)
                                         clknet_2_2__leaf_mtx_clk_pad_i (net)
                  0.03    0.00    0.16 ^ clkbuf_leaf_19_mtx_clk_pad_i/A (CLKBUF_X3)
     4   34.66    0.03    0.06    0.22 ^ clkbuf_leaf_19_mtx_clk_pad_i/Z (CLKBUF_X3)
                                         clknet_leaf_19_mtx_clk_pad_i (net)
                  0.03    0.01    0.24 ^ u_tx_div.clk_out$_DFF_PP0_/CK (DFFR_X1)
     2    3.52    0.01    0.11    0.35 ^ u_tx_div.clk_out$_DFF_PP0_/Q (DFFR_X1)
                                         net391 (net)
                  0.01    0.00    0.35 ^ clkbuf_regs_1_tx_clk_div2/A (CLKBUF_X3)
     1    1.55    0.01    0.03    0.38 ^ clkbuf_regs_1_tx_clk_div2/Z (CLKBUF_X3)
                                         net391_regs (net)
                  0.01    0.00    0.38 ^ clkbuf_0_net391_regs/A (CLKBUF_X3)
     2    4.14    0.01    0.03    0.41 ^ clkbuf_0_net391_regs/Z (CLKBUF_X3)
                                         clknet_0_net391_regs (net)
                  0.01    0.00    0.41 ^ clkbuf_1_0__f_net391_regs/A (CLKBUF_X3)
     8   10.18    0.01    0.03    0.44 ^ clkbuf_1_0__f_net391_regs/Z (CLKBUF_X3)
                                         clknet_1_0__leaf_net391_regs (net)
                  0.01    0.00    0.44 ^ tx_generated_activity[3]$_DFF_PP0_/CK (DFFR_X1)
     6   11.11    0.03    0.13    0.57 ^ tx_generated_activity[3]$_DFF_PP0_/Q (DFFR_X1)
                                         net240 (net)
                  0.03    0.00    0.57 ^ _60269_/A3 (NAND4_X1)
     4    6.72    0.03    0.05    0.62 v _60269_/ZN (NAND4_X1)
                                         _24493_ (net)
                  0.03    0.00    0.62 v _60491_/A1 (NOR3_X1)
     3    6.66    0.06    0.08    0.70 ^ _60491_/ZN (NOR3_X1)
                                         _24674_ (net)
                  0.06    0.00    0.70 ^ _60765_/A2 (NAND3_X1)
     1    2.52    0.02    0.03    0.74 v _60765_/ZN (NAND3_X1)
                                         _24864_ (net)
                  0.02    0.00    0.74 v _60766_/B (XNOR2_X1)
     1    1.15    0.01    0.04    0.78 v _60766_/ZN (XNOR2_X1)
                                         _00133_ (net)
                  0.01    0.00    0.78 v tx_generated_activity[15]$_DFF_PP0_/D (DFFR_X1)
                                  0.78   data arrival time

                         80.00   80.00   clock tx_clk_div2 (rise edge)
                          0.00   80.00   clock source latency
     1   19.41    0.04    0.05   80.05 ^ mtx_clk_pad_i (in)
                                         mtx_clk_pad_i (net)
                  0.04    0.00   80.05 ^ clkbuf_0_mtx_clk_pad_i/A (CLKBUF_X3)
     4   17.43    0.02    0.05   80.10 ^ clkbuf_0_mtx_clk_pad_i/Z (CLKBUF_X3)
                                         clknet_0_mtx_clk_pad_i (net)
                  0.02    0.00   80.11 ^ clkbuf_2_2__f_mtx_clk_pad_i/A (CLKBUF_X3)
     9   33.01    0.03    0.06   80.16 ^ clkbuf_2_2__f_mtx_clk_pad_i/Z (CLKBUF_X3)
                                         clknet_2_2__leaf_mtx_clk_pad_i (net)
                  0.03    0.00   80.16 ^ clkbuf_leaf_19_mtx_clk_pad_i/A (CLKBUF_X3)
     4   34.66    0.03    0.06   80.22 ^ clkbuf_leaf_19_mtx_clk_pad_i/Z (CLKBUF_X3)
                                         clknet_leaf_19_mtx_clk_pad_i (net)
                  0.03    0.01   80.24 ^ u_tx_div.clk_out$_DFF_PP0_/CK (DFFR_X1)
     2    3.52    0.01    0.11   80.35 ^ u_tx_div.clk_out$_DFF_PP0_/Q (DFFR_X1)
                                         net391 (net)
                  0.01    0.00   80.35 ^ clkbuf_regs_1_tx_clk_div2/A (CLKBUF_X3)
     1    1.55    0.01    0.03   80.38 ^ clkbuf_regs_1_tx_clk_div2/Z (CLKBUF_X3)
                                         net391_regs (net)
                  0.01    0.00   80.38 ^ clkbuf_0_net391_regs/A (CLKBUF_X3)
     2    4.14    0.01    0.03   80.41 ^ clkbuf_0_net391_regs/Z (CLKBUF_X3)
                                         clknet_0_net391_regs (net)
                  0.01    0.00   80.41 ^ clkbuf_1_1__f_net391_regs/A (CLKBUF_X3)
     9   11.17    0.01    0.04   80.44 ^ clkbuf_1_1__f_net391_regs/Z (CLKBUF_X3)
                                         clknet_1_1__leaf_net391_regs (net)
                  0.01    0.00   80.44 ^ tx_generated_activity[15]$_DFF_PP0_/CK (DFFR_X1)
                         -0.10   80.34   clock uncertainty
                          0.00   80.34   clock reconvergence pessimism
                         -0.04   80.31   library setup time
                                 80.31   data required time
-----------------------------------------------------------------------------
                                 80.31   data required time
                                 -0.78   data arrival time
-----------------------------------------------------------------------------
                                 79.53   slack (MET)


Startpoint: wb_generated_activity[6]$_DFF_PP0_
            (rising edge-triggered flip-flop clocked by wb_clk_div2)
Endpoint: generated_activity_o[6] (output port clocked by wb_clk)
Path Group: wb_clk
Path Type: max

Fanout     Cap    Slew   Delay    Time   Description
-----------------------------------------------------------------------------
                          0.00    0.00   clock wb_clk_div2 (rise edge)
                          0.00    0.00   clock source latency
     1   49.74    0.11    0.13    0.13 ^ wb_clk_i (in)
                                         wb_clk_i (net)
                  0.11    0.00    0.13 ^ clkbuf_0_wb_clk_i/A (CLKBUF_X3)
     4   35.53    0.03    0.08    0.21 ^ clkbuf_0_wb_clk_i/Z (CLKBUF_X3)
                                         clknet_0_wb_clk_i (net)
                  0.03    0.00    0.22 ^ clkbuf_2_2_0_wb_clk_i/A (CLKBUF_X3)
     4   28.70    0.02    0.06    0.27 ^ clkbuf_2_2_0_wb_clk_i/Z (CLKBUF_X3)
                                         clknet_2_2_0_wb_clk_i (net)
                  0.02    0.00    0.28 ^ clkbuf_4_10_0_wb_clk_i/A (CLKBUF_X3)
     8   33.13    0.03    0.06    0.34 ^ clkbuf_4_10_0_wb_clk_i/Z (CLKBUF_X3)
                                         clknet_4_10_0_wb_clk_i (net)
                  0.03    0.00    0.34 ^ clkbuf_7_85__f_wb_clk_i/A (CLKBUF_X3)
     5   25.77    0.02    0.06    0.40 ^ clkbuf_7_85__f_wb_clk_i/Z (CLKBUF_X3)
                                         clknet_7_85__leaf_wb_clk_i (net)
                  0.02    0.00    0.40 ^ clkbuf_leaf_311_wb_clk_i/A (CLKBUF_X3)
     4   14.79    0.01    0.04    0.44 ^ clkbuf_leaf_311_wb_clk_i/Z (CLKBUF_X3)
                                         clknet_leaf_311_wb_clk_i (net)
                  0.01    0.00    0.44 ^ u_wb_div.clk_out$_DFF_PP0_/CK (DFFR_X1)
     2    3.92    0.01    0.11    0.55 ^ u_wb_div.clk_out$_DFF_PP0_/Q (DFFR_X1)
                                         net393 (net)
                  0.01    0.00    0.55 ^ clkbuf_regs_0_wb_clk_div2/A (CLKBUF_X3)
     1    2.02    0.01    0.03    0.58 ^ clkbuf_regs_0_wb_clk_div2/Z (CLKBUF_X3)
                                         net393_regs (net)
                  0.01    0.00    0.58 ^ clkbuf_0_net393_regs/A (CLKBUF_X3)
     2    4.60    0.01    0.03    0.61 ^ clkbuf_0_net393_regs/Z (CLKBUF_X3)
                                         clknet_0_net393_regs (net)
                  0.01    0.00    0.61 ^ clkbuf_1_0__f_net393_regs/A (CLKBUF_X3)
     9   11.05    0.01    0.04    0.65 ^ clkbuf_1_0__f_net393_regs/Z (CLKBUF_X3)
                                         clknet_1_0__leaf_net393_regs (net)
                  0.01    0.00    0.65 ^ wb_generated_activity[6]$_DFF_PP0_/CK (DFFR_X1)
     6   10.82    0.03    0.13    0.77 ^ wb_generated_activity[6]$_DFF_PP0_/Q (DFFR_X1)
                                         net296 (net)
                  0.03    0.00    0.77 ^ output297/A (BUF_X1)
     1    0.49    0.01    0.02    0.80 ^ output297/Z (BUF_X1)
                                         generated_activity_o[6] (net)
                  0.01    0.00    0.80 ^ generated_activity_o[6] (out)
                                  0.80   data arrival time

                        220.00  220.00   clock wb_clk (rise edge)
                          0.00  220.00   clock network delay (propagated)
                         -0.10  219.90   clock uncertainty
                          0.00  219.90   clock reconvergence pessimism
                         -2.00  217.90   output external delay
                                217.90   data required time
-----------------------------------------------------------------------------
                                217.90   data required time
                                 -0.80   data arrival time
-----------------------------------------------------------------------------
                                217.10   slack (MET)


Startpoint: wb_generated_activity[2]$_DFF_PP0_
            (rising edge-triggered flip-flop clocked by wb_clk_div2)
Endpoint: wb_generated_activity[13]$_DFF_PP0_
          (rising edge-triggered flip-flop clocked by wb_clk_div2)
Path Group: wb_clk_div2
Path Type: max

Fanout     Cap    Slew   Delay    Time   Description
-----------------------------------------------------------------------------
                          0.00    0.00   clock wb_clk_div2 (rise edge)
                          0.00    0.00   clock source latency
     1   49.74    0.11    0.13    0.13 ^ wb_clk_i (in)
                                         wb_clk_i (net)
                  0.11    0.00    0.13 ^ clkbuf_0_wb_clk_i/A (CLKBUF_X3)
     4   35.53    0.03    0.08    0.21 ^ clkbuf_0_wb_clk_i/Z (CLKBUF_X3)
                                         clknet_0_wb_clk_i (net)
                  0.03    0.00    0.22 ^ clkbuf_2_2_0_wb_clk_i/A (CLKBUF_X3)
     4   28.70    0.02    0.06    0.27 ^ clkbuf_2_2_0_wb_clk_i/Z (CLKBUF_X3)
                                         clknet_2_2_0_wb_clk_i (net)
                  0.02    0.00    0.28 ^ clkbuf_4_10_0_wb_clk_i/A (CLKBUF_X3)
     8   33.13    0.03    0.06    0.34 ^ clkbuf_4_10_0_wb_clk_i/Z (CLKBUF_X3)
                                         clknet_4_10_0_wb_clk_i (net)
                  0.03    0.00    0.34 ^ clkbuf_7_85__f_wb_clk_i/A (CLKBUF_X3)
     5   25.77    0.02    0.06    0.40 ^ clkbuf_7_85__f_wb_clk_i/Z (CLKBUF_X3)
                                         clknet_7_85__leaf_wb_clk_i (net)
                  0.02    0.00    0.40 ^ clkbuf_leaf_311_wb_clk_i/A (CLKBUF_X3)
     4   14.79    0.01    0.04    0.44 ^ clkbuf_leaf_311_wb_clk_i/Z (CLKBUF_X3)
                                         clknet_leaf_311_wb_clk_i (net)
                  0.01    0.00    0.44 ^ u_wb_div.clk_out$_DFF_PP0_/CK (DFFR_X1)
     2    3.92    0.01    0.11    0.55 ^ u_wb_div.clk_out$_DFF_PP0_/Q (DFFR_X1)
                                         net393 (net)
                  0.01    0.00    0.55 ^ clkbuf_regs_0_wb_clk_div2/A (CLKBUF_X3)
     1    2.02    0.01    0.03    0.58 ^ clkbuf_regs_0_wb_clk_div2/Z (CLKBUF_X3)
                                         net393_regs (net)
                  0.01    0.00    0.58 ^ clkbuf_0_net393_regs/A (CLKBUF_X3)
     2    4.60    0.01    0.03    0.61 ^ clkbuf_0_net393_regs/Z (CLKBUF_X3)
                                         clknet_0_net393_regs (net)
                  0.01    0.00    0.61 ^ clkbuf_1_1__f_net393_regs/A (CLKBUF_X3)
     8   10.67    0.01    0.04    0.65 ^ clkbuf_1_1__f_net393_regs/Z (CLKBUF_X3)
                                         clknet_1_1__leaf_net393_regs (net)
                  0.01    0.00    0.65 ^ wb_generated_activity[2]$_DFF_PP0_/CK (DFFR_X1)
     5    8.42    0.02    0.12    0.77 ^ wb_generated_activity[2]$_DFF_PP0_/Q (DFFR_X1)
                                         net252 (net)
                  0.02    0.00    0.77 ^ _60298_/A2 (AND3_X1)
     2    3.15    0.01    0.05    0.82 ^ _60298_/ZN (AND3_X1)
                                         _24515_ (net)
                  0.01    0.00    0.82 ^ _60299_/A2 (AND2_X1)
     3    4.99    0.02    0.04    0.86 ^ _60299_/ZN (AND2_X1)
                                         _24516_ (net)
                  0.02    0.00    0.86 ^ _60303_/A3 (AND3_X1)
     3    6.24    0.02    0.06    0.92 ^ _60303_/ZN (AND3_X1)
                                         _24519_ (net)
                  0.02    0.00    0.92 ^ _60309_/A (INV_X1)
     1    1.57    0.01    0.01    0.93 v _60309_/ZN (INV_X1)
                                         _24523_ (net)
                  0.01    0.00    0.93 v _60311_/A1 (NOR2_X1)
     3    6.39    0.04    0.05    0.97 ^ _60311_/ZN (NOR2_X1)
                                         _24525_ (net)
                  0.04    0.00    0.97 ^ _60317_/A4 (NAND4_X1)
     1    2.65    0.02    0.04    1.01 v _60317_/ZN (NAND4_X1)
                                         _24529_ (net)
                  0.02    0.00    1.01 v _60318_/B (XNOR2_X1)
     1    1.74    0.01    0.04    1.06 v _60318_/ZN (XNOR2_X1)
                                         _00145_ (net)
                  0.01    0.00    1.06 v wb_generated_activity[13]$_DFF_PP0_/D (DFFR_X1)
                                  1.06   data arrival time

                        440.00  440.00   clock wb_clk_div2 (rise edge)
                          0.00  440.00   clock source latency
     1   49.74    0.11    0.13  440.13 ^ wb_clk_i (in)
                                         wb_clk_i (net)
                  0.11    0.00  440.13 ^ clkbuf_0_wb_clk_i/A (CLKBUF_X3)
     4   35.53    0.03    0.08  440.21 ^ clkbuf_0_wb_clk_i/Z (CLKBUF_X3)
                                         clknet_0_wb_clk_i (net)
                  0.03    0.00  440.22 ^ clkbuf_2_2_0_wb_clk_i/A (CLKBUF_X3)
     4   28.70    0.02    0.06  440.27 ^ clkbuf_2_2_0_wb_clk_i/Z (CLKBUF_X3)
                                         clknet_2_2_0_wb_clk_i (net)
                  0.02    0.00  440.28 ^ clkbuf_4_10_0_wb_clk_i/A (CLKBUF_X3)
     8   33.13    0.03    0.06  440.34 ^ clkbuf_4_10_0_wb_clk_i/Z (CLKBUF_X3)
                                         clknet_4_10_0_wb_clk_i (net)
                  0.03    0.00  440.34 ^ clkbuf_7_85__f_wb_clk_i/A (CLKBUF_X3)
     5   25.77    0.02    0.06  440.40 ^ clkbuf_7_85__f_wb_clk_i/Z (CLKBUF_X3)
                                         clknet_7_85__leaf_wb_clk_i (net)
                  0.02    0.00  440.40 ^ clkbuf_leaf_311_wb_clk_i/A (CLKBUF_X3)
     4   14.79    0.01    0.04  440.44 ^ clkbuf_leaf_311_wb_clk_i/Z (CLKBUF_X3)
                                         clknet_leaf_311_wb_clk_i (net)
                  0.01    0.00  440.44 ^ u_wb_div.clk_out$_DFF_PP0_/CK (DFFR_X1)
     2    3.92    0.01    0.11  440.55 ^ u_wb_div.clk_out$_DFF_PP0_/Q (DFFR_X1)
                                         net393 (net)
                  0.01    0.00  440.55 ^ clkbuf_regs_0_wb_clk_div2/A (CLKBUF_X3)
     1    2.02    0.01    0.03  440.58 ^ clkbuf_regs_0_wb_clk_div2/Z (CLKBUF_X3)
                                         net393_regs (net)
                  0.01    0.00  440.58 ^ clkbuf_0_net393_regs/A (CLKBUF_X3)
     2    4.60    0.01    0.03  440.61 ^ clkbuf_0_net393_regs/Z (CLKBUF_X3)
                                         clknet_0_net393_regs (net)
                  0.01    0.00  440.61 ^ clkbuf_1_0__f_net393_regs/A (CLKBUF_X3)
     9   11.05    0.01    0.04  440.65 ^ clkbuf_1_0__f_net393_regs/Z (CLKBUF_X3)
                                         clknet_1_0__leaf_net393_regs (net)
                  0.01    0.00  440.65 ^ wb_generated_activity[13]$_DFF_PP0_/CK (DFFR_X1)
                         -0.10  440.55   clock uncertainty
                          0.00  440.55   clock reconvergence pessimism
                         -0.04  440.51   library setup time
                                440.51   data required time
-----------------------------------------------------------------------------
                                440.51   data required time
                                 -1.06   data arrival time
-----------------------------------------------------------------------------
                                439.46   slack (MET)



==========================================================================
finish report_check_types -max_slew -max_cap -max_fanout -violators
--------------------------------------------------------------------------
max slew

Pin                                    Limit    Slew   Slack
------------------------------------------------------------
wire9957/Z                              0.20    0.27   -0.07 (VIOLATED)

max capacitance

Pin                                    Limit     Cap   Slack
------------------------------------------------------------
wire9957/Z                            242.31  603.09 -360.78 (VIOLATED)

wire9951/Z                            242.31  341.06  -98.75 (VIOLATED)

_63903_/ZN                             53.41   60.43   -7.03 (VIOLATED)

_63956_/ZN                             53.41   59.45   -6.04 (VIOLATED)

_63254_/ZN                             53.41   57.48   -4.08 (VIOLATED)

_47209_/ZN                             58.36   61.66   -3.29 (VIOLATED)

_63263_/ZN                             53.41   56.34   -2.94 (VIOLATED)

_63327_/ZN                             53.41   55.90   -2.49 (VIOLATED)

_48678_/ZN                             41.50   43.71   -2.21 (VIOLATED)

_62821_/ZN                             53.41   55.57   -2.16 (VIOLATED)

_63317_/ZN                             53.41   55.55   -2.14 (VIOLATED)

_63703_/ZN                             53.41   55.05   -1.65 (VIOLATED)

_63361_/ZN                             53.41   54.97   -1.56 (VIOLATED)

_63243_/ZN                             53.41   54.87   -1.47 (VIOLATED)


==========================================================================
finish max_slew_check_slack
--------------------------------------------------------------------------
-0.07161330431699753

==========================================================================
finish max_slew_check_limit
--------------------------------------------------------------------------
0.1985349953174591

==========================================================================
finish max_slew_check_slack_limit
--------------------------------------------------------------------------
-0.3607

==========================================================================
finish max_fanout_check_slack
--------------------------------------------------------------------------
1.0000000150474662e+30

==========================================================================
finish max_fanout_check_limit
--------------------------------------------------------------------------
1.0000000150474662e+30

==========================================================================
finish max_capacitance_check_slack
--------------------------------------------------------------------------
-360.7765808105469

==========================================================================
finish max_capacitance_check_limit
--------------------------------------------------------------------------
242.30999755859375

==========================================================================
finish max_capacitance_check_slack_limit
--------------------------------------------------------------------------
-1.4889

==========================================================================
finish max_slew_violation_count
--------------------------------------------------------------------------
max slew violation count 1

==========================================================================
finish max_fanout_violation_count
--------------------------------------------------------------------------
max fanout violation count 0

==========================================================================
finish max_cap_violation_count
--------------------------------------------------------------------------
max cap violation count 14

==========================================================================
finish setup_violation_count
--------------------------------------------------------------------------
setup violation count 66

==========================================================================
finish hold_violation_count
--------------------------------------------------------------------------
hold violation count 33

==========================================================================
finish report_checks -path_delay max reg to reg
--------------------------------------------------------------------------
Startpoint: u_aux0.state[7]$_DFF_PP0_
            (rising edge-triggered flip-flop clocked by aux0_clk)
Endpoint: u_aux0.state[7]$_DFF_PP0_
          (rising edge-triggered flip-flop clocked by aux0_clk)
Path Group: aux0_clk
Path Type: max

  Delay    Time   Description
---------------------------------------------------------
   0.00    0.00   clock aux0_clk (rise edge)
   0.00    0.00   clock source latency
   0.06    0.06 ^ aux0_clk_i (in)
   0.06    0.13 ^ clkbuf_0_aux0_clk_i/Z (CLKBUF_X3)
   0.06    0.19 ^ clkbuf_2_1_0_aux0_clk_i/Z (CLKBUF_X3)
   0.06    0.25 ^ clkbuf_5_14_0_aux0_clk_i/Z (CLKBUF_X3)
   0.04    0.29 ^ clkbuf_leaf_109_aux0_clk_i/Z (CLKBUF_X3)
   0.00    0.29 ^ u_aux0.state[7]$_DFF_PP0_/CK (DFFR_X1)
   0.10    0.39 v u_aux0.state[7]$_DFF_PP0_/Q (DFFR_X1)
   0.03    0.41 v rebuffer9963/Z (BUF_X2)
   0.02    0.43 v rebuffer2609/Z (BUF_X4)
   0.02    0.46 v place2311/Z (BUF_X4)
   0.04    0.49 v _59898_/ZN (XNOR2_X2)
   0.04    0.53 v _59899_/ZN (XNOR2_X2)
   0.04    0.57 v _59900_/ZN (XNOR2_X1)
   0.06    0.62 v _59901_/Z (MUX2_X1)
   0.00    0.62 v u_aux0.state[7]$_DFF_PP0_/D (DFFR_X1)
           0.62   data arrival time

   0.45    0.45   clock aux0_clk (rise edge)
   0.00    0.45   clock source latency
   0.06    0.51 ^ aux0_clk_i (in)
   0.06    0.58 ^ clkbuf_0_aux0_clk_i/Z (CLKBUF_X3)
   0.06    0.64 ^ clkbuf_2_1_0_aux0_clk_i/Z (CLKBUF_X3)
   0.06    0.70 ^ clkbuf_5_14_0_aux0_clk_i/Z (CLKBUF_X3)
   0.04    0.74 ^ clkbuf_leaf_109_aux0_clk_i/Z (CLKBUF_X3)
   0.00    0.74 ^ u_aux0.state[7]$_DFF_PP0_/CK (DFFR_X1)
  -0.10    0.64   clock uncertainty
   0.00    0.64   clock reconvergence pessimism
  -0.04    0.60   library setup time
           0.60   data required time
---------------------------------------------------------
           0.60   data required time
          -0.62   data arrival time
---------------------------------------------------------
          -0.02   slack (VIOLATED)


Startpoint: aux0_generated_activity[6]$_DFF_PP0_
            (rising edge-triggered flip-flop clocked by aux0_clk_div2)
Endpoint: aux0_generated_activity[13]$_DFF_PP0_
          (rising edge-triggered flip-flop clocked by aux0_clk_div2)
Path Group: aux0_clk_div2
Path Type: max

  Delay    Time   Description
---------------------------------------------------------
   0.00    0.00   clock aux0_clk_div2 (rise edge)
   0.00    0.00   clock source latency
   0.06    0.06 ^ aux0_clk_i (in)
   0.06    0.13 ^ clkbuf_0_aux0_clk_i/Z (CLKBUF_X3)
   0.06    0.19 ^ clkbuf_2_2_0_aux0_clk_i/Z (CLKBUF_X3)
   0.07    0.26 ^ clkbuf_5_21_0_aux0_clk_i/Z (CLKBUF_X3)
   0.06    0.32 ^ clkbuf_leaf_370_aux0_clk_i/Z (CLKBUF_X3)
   0.00    0.33 ^ u_aux0_div.clk_out$_DFF_PP0_/CK (DFFR_X1)
   0.11    0.44 ^ u_aux0_div.clk_out$_DFF_PP0_/Q (DFFR_X1)
   0.03    0.47 ^ clkbuf_regs_3_aux0_clk_div2/Z (CLKBUF_X3)
   0.03    0.50 ^ clkbuf_0_net162_regs/Z (CLKBUF_X3)
   0.04    0.54 ^ clkbuf_1_1__f_net162_regs/Z (CLKBUF_X3)
   0.00    0.54 ^ aux0_generated_activity[6]$_DFF_PP0_/CK (DFFR_X1)
   0.13    0.66 ^ aux0_generated_activity[6]$_DFF_PP0_/Q (DFFR_X1)
   0.04    0.71 v _60409_/ZN (NAND4_X1)
   0.09    0.80 ^ _60479_/ZN (NOR3_X1)
   0.04    0.84 v _62011_/ZN (NAND4_X1)
   0.04    0.88 v _62012_/ZN (XNOR2_X1)
   0.00    0.88 v aux0_generated_activity[13]$_DFF_PP0_/D (DFFR_X1)
           0.88   data arrival time

   0.90    0.90   clock aux0_clk_div2 (rise edge)
   0.00    0.90   clock source latency
   0.06    0.96 ^ aux0_clk_i (in)
   0.06    1.03 ^ clkbuf_0_aux0_clk_i/Z (CLKBUF_X3)
   0.06    1.09 ^ clkbuf_2_2_0_aux0_clk_i/Z (CLKBUF_X3)
   0.07    1.16 ^ clkbuf_5_21_0_aux0_clk_i/Z (CLKBUF_X3)
   0.06    1.22 ^ clkbuf_leaf_370_aux0_clk_i/Z (CLKBUF_X3)
   0.00    1.23 ^ u_aux0_div.clk_out$_DFF_PP0_/CK (DFFR_X1)
   0.11    1.34 ^ u_aux0_div.clk_out$_DFF_PP0_/Q (DFFR_X1)
   0.03    1.37 ^ clkbuf_regs_3_aux0_clk_div2/Z (CLKBUF_X3)
   0.03    1.40 ^ clkbuf_0_net162_regs/Z (CLKBUF_X3)
   0.04    1.44 ^ clkbuf_1_1__f_net162_regs/Z (CLKBUF_X3)
   0.00    1.44 ^ aux0_generated_activity[13]$_DFF_PP0_/CK (DFFR_X1)
  -0.10    1.34   clock uncertainty
   0.00    1.34   clock reconvergence pessimism
  -0.04    1.30   library setup time
           1.30   data required time
---------------------------------------------------------
           1.30   data required time
          -0.88   data arrival time
---------------------------------------------------------
           0.42   slack (MET)


Startpoint: u_aux1_cdc.command_pulse$_DFF_PP0_
            (rising edge-triggered flip-flop clocked by aux1_clk)
Endpoint: u_aux1.state[31]$_DFF_PP0_
          (rising edge-triggered flip-flop clocked by aux1_clk)
Path Group: aux1_clk
Path Type: max

  Delay    Time   Description
---------------------------------------------------------
   0.00    0.00   clock aux1_clk (rise edge)
   0.00    0.00   clock source latency
   0.09    0.09 ^ aux1_clk_i (in)
   0.07    0.15 ^ clkbuf_0_aux1_clk_i/Z (CLKBUF_X3)
   0.06    0.22 ^ clkbuf_2_3_0_aux1_clk_i/Z (CLKBUF_X3)
   0.08    0.30 ^ clkbuf_5_29_0_aux1_clk_i/Z (CLKBUF_X3)
   0.05    0.35 ^ clkbuf_leaf_278_aux1_clk_i/Z (CLKBUF_X3)
   0.00    0.35 ^ u_aux1_cdc.command_pulse$_DFF_PP0_/CK (DFFR_X2)
   0.17    0.52 ^ u_aux1_cdc.command_pulse$_DFF_PP0_/Q (DFFR_X2)
   0.05    0.57 ^ place2303/Z (BUF_X4)
   0.07    0.64 v _73876_/Z (MUX2_X1)
   0.03    0.67 v hold9482/Z (CLKBUF_X1)
   0.00    0.67 v u_aux1.state[31]$_DFF_PP0_/D (DFFR_X1)
           0.67   data arrival time

   0.56    0.56   clock aux1_clk (rise edge)
   0.00    0.56   clock source latency
   0.09    0.65 ^ aux1_clk_i (in)
   0.07    0.72 ^ clkbuf_0_aux1_clk_i/Z (CLKBUF_X3)
   0.06    0.78 ^ clkbuf_2_1_0_aux1_clk_i/Z (CLKBUF_X3)
   0.05    0.83 ^ clkbuf_5_8_0_aux1_clk_i/Z (CLKBUF_X3)
   0.04    0.87 ^ clkbuf_leaf_67_aux1_clk_i/Z (CLKBUF_X3)
   0.00    0.87 ^ u_aux1.state[31]$_DFF_PP0_/CK (DFFR_X1)
  -0.10    0.77   clock uncertainty
   0.00    0.77   clock reconvergence pessimism
  -0.04    0.73   library setup time
           0.73   data required time
---------------------------------------------------------
           0.73   data required time
          -0.67   data arrival time
---------------------------------------------------------
           0.06   slack (MET)


Startpoint: aux1_generated_activity[2]$_DFF_PP0_
            (rising edge-triggered flip-flop clocked by aux1_clk_div2)
Endpoint: aux1_generated_activity[13]$_DFF_PP0_
          (rising edge-triggered flip-flop clocked by aux1_clk_div2)
Path Group: aux1_clk_div2
Path Type: max

  Delay    Time   Description
---------------------------------------------------------
   0.00    0.00   clock aux1_clk_div2 (rise edge)
   0.00    0.00   clock source latency
   0.09    0.09 ^ aux1_clk_i (in)
   0.07    0.15 ^ clkbuf_0_aux1_clk_i/Z (CLKBUF_X3)
   0.06    0.22 ^ clkbuf_2_3_0_aux1_clk_i/Z (CLKBUF_X3)
   0.08    0.30 ^ clkbuf_5_31_0_aux1_clk_i/Z (CLKBUF_X3)
   0.08    0.38 ^ clkbuf_leaf_375_aux1_clk_i/Z (CLKBUF_X3)
   0.01    0.39 ^ u_aux1_div.clk_out$_DFF_PP0_/CK (DFFR_X1)
   0.12    0.51 ^ u_aux1_div.clk_out$_DFF_PP0_/Q (DFFR_X1)
   0.03    0.54 ^ clkbuf_regs_4_aux1_clk_div2/Z (CLKBUF_X3)
   0.03    0.57 ^ clkbuf_0_net195_regs/Z (CLKBUF_X3)
   0.04    0.60 ^ clkbuf_1_0__f_net195_regs/Z (CLKBUF_X3)
   0.00    0.60 ^ aux1_generated_activity[2]$_DFF_PP0_/CK (DFFR_X1)
   0.12    0.72 ^ aux1_generated_activity[2]$_DFF_PP0_/Q (DFFR_X1)
   0.04    0.76 ^ _60263_/ZN (AND2_X1)
   0.06    0.82 ^ _60473_/ZN (AND3_X1)
   0.03    0.85 v _60474_/ZN (NAND3_X1)
   0.02    0.88 ^ _60475_/ZN (INV_X1)
   0.04    0.92 ^ _60476_/ZN (AND2_X1)
   0.04    0.95 v _60485_/ZN (NAND4_X1)
   0.04    1.00 v _60486_/ZN (XNOR2_X1)
   0.00    1.00 v aux1_generated_activity[13]$_DFF_PP0_/D (DFFR_X1)
           1.00   data arrival time

   1.12    1.12   clock aux1_clk_div2 (rise edge)
   0.00    1.12   clock source latency
   0.09    1.21 ^ aux1_clk_i (in)
   0.07    1.28 ^ clkbuf_0_aux1_clk_i/Z (CLKBUF_X3)
   0.06    1.34 ^ clkbuf_2_3_0_aux1_clk_i/Z (CLKBUF_X3)
   0.08    1.42 ^ clkbuf_5_31_0_aux1_clk_i/Z (CLKBUF_X3)
   0.08    1.50 ^ clkbuf_leaf_375_aux1_clk_i/Z (CLKBUF_X3)
   0.01    1.51 ^ u_aux1_div.clk_out$_DFF_PP0_/CK (DFFR_X1)
   0.12    1.63 ^ u_aux1_div.clk_out$_DFF_PP0_/Q (DFFR_X1)
   0.03    1.66 ^ clkbuf_regs_4_aux1_clk_div2/Z (CLKBUF_X3)
   0.03    1.69 ^ clkbuf_0_net195_regs/Z (CLKBUF_X3)
   0.04    1.73 ^ clkbuf_1_1__f_net195_regs/Z (CLKBUF_X3)
   0.00    1.73 ^ aux1_generated_activity[13]$_DFF_PP0_/CK (DFFR_X1)
  -0.10    1.63   clock uncertainty
   0.00    1.63   clock reconvergence pessimism
  -0.04    1.59   library setup time
           1.59   data required time
---------------------------------------------------------
           1.59   data required time
          -1.00   data arrival time
---------------------------------------------------------
           0.59   slack (MET)


Startpoint: u_ethmac.rxethmac1.rxcounters1.ByteCnt[7]$_DFFE_PP0P_
            (rising edge-triggered flip-flop clocked by rx_clk)
Endpoint: u_ethmac.maccontrol1.receivecontrol1.PauseTimer[15]$_DFFE_PP0P_
          (rising edge-triggered flip-flop clocked by rx_clk)
Path Group: rx_clk
Path Type: max

  Delay    Time   Description
---------------------------------------------------------
   0.00    0.00   clock rx_clk (rise edge)
   0.00    0.00   clock source latency
   0.06    0.06 ^ mrx_clk_pad_i (in)
   0.06    0.11 ^ clkbuf_0_mrx_clk_pad_i/Z (CLKBUF_X3)
   0.06    0.18 ^ clkbuf_2_0__f_mrx_clk_pad_i/Z (CLKBUF_X3)
   0.05    0.22 ^ clkbuf_leaf_19_mrx_clk_pad_i/Z (CLKBUF_X3)
   0.00    0.22 ^ u_ethmac.rxethmac1.rxcounters1.ByteCnt[7]$_DFFE_PP0P_/CK (DFFR_X1)
   0.14    0.36 ^ u_ethmac.rxethmac1.rxcounters1.ByteCnt[7]$_DFFE_PP0P_/Q (DFFR_X1)
   0.02    0.39 v _51369_/ZN (NAND2_X1)
   0.02    0.41 ^ _51373_/ZN (INV_X1)
   0.07    0.48 ^ _51382_/ZN (AND4_X1)
   0.05    0.53 ^ _51386_/ZN (AND2_X1)
   0.02    0.55 v _51395_/ZN (NAND2_X1)
   0.05    0.61 ^ _57673_/ZN (NOR2_X1)
   0.02    0.63 v _57674_/ZN (NAND2_X1)
   0.09    0.72 ^ _57675_/ZN (XNOR2_X1)
   0.08    0.79 ^ _74098_/S (HA_X1)
   0.03    0.83 v _50237_/ZN (NAND4_X1)
   0.04    0.87 ^ _50239_/ZN (NOR2_X1)
   0.04    0.91 ^ _50240_/ZN (AND2_X1)
   0.03    0.94 v _50263_/ZN (OAI221_X1)
   0.08    1.02 ^ _50264_/ZN (AOI221_X1)
   0.16    1.18 ^ _50304_/ZN (OR3_X1)
   0.07    1.26 v _58682_/ZN (NAND4_X1)
   0.03    1.29 ^ _58687_/ZN (OAI211_X2)
   0.00    1.29 ^ u_ethmac.maccontrol1.receivecontrol1.PauseTimer[15]$_DFFE_PP0P_/D (DFFR_X1)
           1.29   data arrival time

  40.00   40.00   clock rx_clk (rise edge)
   0.00   40.00   clock source latency
   0.06   40.06 ^ mrx_clk_pad_i (in)
   0.06   40.11 ^ clkbuf_0_mrx_clk_pad_i/Z (CLKBUF_X3)
   0.05   40.17 ^ clkbuf_2_2__f_mrx_clk_pad_i/Z (CLKBUF_X3)
   0.04   40.21 ^ clkbuf_leaf_37_mrx_clk_pad_i/Z (CLKBUF_X3)
   0.00   40.21 ^ u_ethmac.maccontrol1.receivecontrol1.PauseTimer[15]$_DFFE_PP0P_/CK (DFFR_X1)
  -0.10   40.11   clock uncertainty
   0.00   40.11   clock reconvergence pessimism
  -0.03   40.08   library setup time
          40.08   data required time
---------------------------------------------------------
          40.08   data required time
          -1.29   data arrival time
---------------------------------------------------------
          38.79   slack (MET)


Startpoint: rx_generated_activity[3]$_DFF_PP0_
            (rising edge-triggered flip-flop clocked by rx_clk_div2)
Endpoint: rx_generated_activity[13]$_DFF_PP0_
          (rising edge-triggered flip-flop clocked by rx_clk_div2)
Path Group: rx_clk_div2
Path Type: max

  Delay    Time   Description
---------------------------------------------------------
   0.00    0.00   clock rx_clk_div2 (rise edge)
   0.00    0.00   clock source latency
   0.06    0.06 ^ mrx_clk_pad_i (in)
   0.06    0.11 ^ clkbuf_0_mrx_clk_pad_i/Z (CLKBUF_X3)
   0.06    0.17 ^ clkbuf_2_3__f_mrx_clk_pad_i/Z (CLKBUF_X3)
   0.06    0.23 ^ clkbuf_leaf_28_mrx_clk_pad_i/Z (CLKBUF_X3)
   0.01    0.23 ^ u_rx_div.clk_out$_DFF_PP0_/CK (DFFR_X1)
   0.11    0.35 ^ u_rx_div.clk_out$_DFF_PP0_/Q (DFFR_X1)
   0.03    0.38 ^ clkbuf_regs_2_rx_clk_div2/Z (CLKBUF_X3)
   0.03    0.41 ^ clkbuf_0_net390_regs/Z (CLKBUF_X3)
   0.04    0.44 ^ clkbuf_1_0__f_net390_regs/Z (CLKBUF_X3)
   0.00    0.44 ^ rx_generated_activity[3]$_DFF_PP0_/CK (DFFR_X1)
   0.13    0.57 ^ rx_generated_activity[3]$_DFF_PP0_/Q (DFFR_X1)
   0.04    0.61 v _60257_/ZN (NAND4_X1)
   0.05    0.66 ^ _60776_/ZN (NOR2_X1)
   0.07    0.73 ^ _60777_/ZN (AND4_X1)
   0.04    0.77 v _60778_/ZN (NAND4_X1)
   0.04    0.81 v _60779_/ZN (XNOR2_X1)
   0.00    0.81 v rx_generated_activity[13]$_DFF_PP0_/D (DFFR_X1)
           0.81   data arrival time

  80.00   80.00   clock rx_clk_div2 (rise edge)
   0.00   80.00   clock source latency
   0.06   80.06 ^ mrx_clk_pad_i (in)
   0.06   80.11 ^ clkbuf_0_mrx_clk_pad_i/Z (CLKBUF_X3)
   0.06   80.17 ^ clkbuf_2_3__f_mrx_clk_pad_i/Z (CLKBUF_X3)
   0.06   80.23 ^ clkbuf_leaf_28_mrx_clk_pad_i/Z (CLKBUF_X3)
   0.01   80.23 ^ u_rx_div.clk_out$_DFF_PP0_/CK (DFFR_X1)
   0.11   80.35 ^ u_rx_div.clk_out$_DFF_PP0_/Q (DFFR_X1)
   0.03   80.38 ^ clkbuf_regs_2_rx_clk_div2/Z (CLKBUF_X3)
   0.03   80.41 ^ clkbuf_0_net390_regs/Z (CLKBUF_X3)
   0.04   80.44 ^ clkbuf_1_1__f_net390_regs/Z (CLKBUF_X3)
   0.00   80.44 ^ rx_generated_activity[13]$_DFF_PP0_/CK (DFFR_X1)
  -0.10   80.34   clock uncertainty
   0.00   80.34   clock reconvergence pessimism
  -0.04   80.31   library setup time
          80.31   data required time
---------------------------------------------------------
          80.31   data required time
          -0.81   data arrival time
---------------------------------------------------------
          79.49   slack (MET)


Startpoint: u_ethmac.txethmac1.txcounters1.NibCnt[6]$_DFFE_PP0P_
            (rising edge-triggered flip-flop clocked by tx_clk)
Endpoint: u_ethmac.macstatus1.RetryLimit$_DFFE_PP0P_
          (rising edge-triggered flip-flop clocked by tx_clk)
Path Group: tx_clk
Path Type: max

  Delay    Time   Description
---------------------------------------------------------
   0.00    0.00   clock tx_clk (rise edge)
   0.00    0.00   clock source latency
   0.05    0.05 ^ mtx_clk_pad_i (in)
   0.05    0.10 ^ clkbuf_0_mtx_clk_pad_i/Z (CLKBUF_X3)
   0.06    0.16 ^ clkbuf_2_1__f_mtx_clk_pad_i/Z (CLKBUF_X3)
   0.04    0.20 ^ clkbuf_leaf_14_mtx_clk_pad_i/Z (CLKBUF_X3)
   0.00    0.20 ^ u_ethmac.txethmac1.txcounters1.NibCnt[6]$_DFFE_PP0P_/CK (DFFR_X1)
   0.16    0.36 ^ u_ethmac.txethmac1.txcounters1.NibCnt[6]$_DFFE_PP0P_/Q (DFFR_X1)
   0.07    0.43 ^ _74147_/S (HA_X1)
   0.03    0.46 v _50658_/ZN (OAI211_X2)
   0.03    0.49 v _50659_/ZN (AND2_X1)
   0.07    0.56 v _50661_/ZN (OR3_X1)
   0.05    0.61 ^ _50662_/ZN (OAI221_X1)
   0.02    0.63 v _50803_/ZN (NAND2_X1)
   0.07    0.70 ^ _50806_/ZN (AOI21_X1)
   0.05    0.75 v _50819_/ZN (NAND4_X1)
   0.07    0.81 v _50824_/ZN (AND3_X1)
   0.08    0.89 ^ _51121_/ZN (OAI21_X1)
   0.03    0.93 v _58391_/ZN (OAI22_X1)
   0.00    0.93 v u_ethmac.macstatus1.RetryLimit$_DFFE_PP0P_/D (DFFR_X1)
           0.93   data arrival time

  40.00   40.00   clock tx_clk (rise edge)
   0.00   40.00   clock source latency
   0.05   40.05 ^ mtx_clk_pad_i (in)
   0.05   40.10 ^ clkbuf_0_mtx_clk_pad_i/Z (CLKBUF_X3)
   0.05   40.15 ^ clkbuf_2_0__f_mtx_clk_pad_i/Z (CLKBUF_X3)
   0.04   40.20 ^ clkbuf_leaf_10_mtx_clk_pad_i/Z (CLKBUF_X3)
   0.00   40.20 ^ u_ethmac.macstatus1.RetryLimit$_DFFE_PP0P_/CK (DFFR_X1)
  -0.10   40.10   clock uncertainty
   0.00   40.10   clock reconvergence pessimism
  -0.04   40.06   library setup time
          40.06   data required time
---------------------------------------------------------
          40.06   data required time
          -0.93   data arrival time
---------------------------------------------------------
          39.13   slack (MET)


Startpoint: tx_generated_activity[3]$_DFF_PP0_
            (rising edge-triggered flip-flop clocked by tx_clk_div2)
Endpoint: tx_generated_activity[15]$_DFF_PP0_
          (rising edge-triggered flip-flop clocked by tx_clk_div2)
Path Group: tx_clk_div2
Path Type: max

  Delay    Time   Description
---------------------------------------------------------
   0.00    0.00   clock tx_clk_div2 (rise edge)
   0.00    0.00   clock source latency
   0.05    0.05 ^ mtx_clk_pad_i (in)
   0.05    0.10 ^ clkbuf_0_mtx_clk_pad_i/Z (CLKBUF_X3)
   0.06    0.16 ^ clkbuf_2_2__f_mtx_clk_pad_i/Z (CLKBUF_X3)
   0.06    0.22 ^ clkbuf_leaf_19_mtx_clk_pad_i/Z (CLKBUF_X3)
   0.01    0.24 ^ u_tx_div.clk_out$_DFF_PP0_/CK (DFFR_X1)
   0.11    0.35 ^ u_tx_div.clk_out$_DFF_PP0_/Q (DFFR_X1)
   0.03    0.38 ^ clkbuf_regs_1_tx_clk_div2/Z (CLKBUF_X3)
   0.03    0.41 ^ clkbuf_0_net391_regs/Z (CLKBUF_X3)
   0.04    0.44 ^ clkbuf_1_0__f_net391_regs/Z (CLKBUF_X3)
   0.00    0.44 ^ tx_generated_activity[3]$_DFF_PP0_/CK (DFFR_X1)
   0.13    0.57 ^ tx_generated_activity[3]$_DFF_PP0_/Q (DFFR_X1)
   0.05    0.62 v _60269_/ZN (NAND4_X1)
   0.08    0.70 ^ _60491_/ZN (NOR3_X1)
   0.03    0.74 v _60765_/ZN (NAND3_X1)
   0.04    0.78 v _60766_/ZN (XNOR2_X1)
   0.00    0.78 v tx_generated_activity[15]$_DFF_PP0_/D (DFFR_X1)
           0.78   data arrival time

  80.00   80.00   clock tx_clk_div2 (rise edge)
   0.00   80.00   clock source latency
   0.05   80.05 ^ mtx_clk_pad_i (in)
   0.05   80.10 ^ clkbuf_0_mtx_clk_pad_i/Z (CLKBUF_X3)
   0.06   80.16 ^ clkbuf_2_2__f_mtx_clk_pad_i/Z (CLKBUF_X3)
   0.06   80.22 ^ clkbuf_leaf_19_mtx_clk_pad_i/Z (CLKBUF_X3)
   0.01   80.24 ^ u_tx_div.clk_out$_DFF_PP0_/CK (DFFR_X1)
   0.11   80.35 ^ u_tx_div.clk_out$_DFF_PP0_/Q (DFFR_X1)
   0.03   80.38 ^ clkbuf_regs_1_tx_clk_div2/Z (CLKBUF_X3)
   0.03   80.41 ^ clkbuf_0_net391_regs/Z (CLKBUF_X3)
   0.04   80.44 ^ clkbuf_1_1__f_net391_regs/Z (CLKBUF_X3)
   0.00   80.44 ^ tx_generated_activity[15]$_DFF_PP0_/CK (DFFR_X1)
  -0.10   80.34   clock uncertainty
   0.00   80.34   clock reconvergence pessimism
  -0.04   80.31   library setup time
          80.31   data required time
---------------------------------------------------------
          80.31   data required time
          -0.78   data arrival time
---------------------------------------------------------
          79.53   slack (MET)


Startpoint: _74193_ (rising edge-triggered flip-flop clocked by wb_clk)
Endpoint: u_ethmac.wishbone.TxStatus[14]$_DFFE_PP0P_
          (rising edge-triggered flip-flop clocked by wb_clk)
Path Group: wb_clk
Path Type: max

  Delay    Time   Description
---------------------------------------------------------
   0.00    0.00   clock wb_clk (rise edge)
   0.00    0.00   clock source latency
   0.13    0.13 ^ wb_clk_i (in)
   0.08    0.21 ^ clkbuf_0_wb_clk_i/Z (CLKBUF_X3)
   0.06    0.27 ^ clkbuf_2_3_0_wb_clk_i/Z (CLKBUF_X3)
   0.06    0.34 ^ clkbuf_4_12_0_wb_clk_i/Z (CLKBUF_X3)
   0.06    0.40 ^ clkbuf_7_97__f_wb_clk_i/Z (CLKBUF_X3)
   0.04    0.44 ^ clkbuf_leaf_746_wb_clk_i/Z (CLKBUF_X3)
   0.00    0.44 ^ _74193_/CK (DFF_X2)
   0.23    0.68 ^ _74193_/Q (DFF_X2)
   0.11    0.79 ^ place2462/Z (BUF_X4)
   0.15    0.94 ^ place2461/Z (BUF_X4)
   0.15    1.09 ^ place2460/Z (BUF_X4)
   0.20    1.28 ^ place2459/Z (BUF_X1)
   0.07    1.35 v _55930_/Z (MUX2_X1)
   0.06    1.41 v _55932_/Z (MUX2_X1)
   0.06    1.47 v _55936_/Z (MUX2_X1)
   0.06    1.53 v _55937_/Z (MUX2_X1)
   0.06    1.60 v _55953_/Z (MUX2_X1)
   0.07    1.67 v _55954_/Z (MUX2_X1)
   0.09    1.76 v _56018_/Z (MUX2_X1)
   0.11    1.86 v _56019_/Z (MUX2_X1)
   0.06    1.93 v _56020_/ZN (AND2_X2)
   0.06    1.98 v _59195_/Z (MUX2_X2)
   0.00    1.98 v u_ethmac.wishbone.TxStatus[14]$_DFFE_PP0P_/D (DFFR_X1)
           1.98   data arrival time

 220.00  220.00   clock wb_clk (rise edge)
   0.00  220.00   clock source latency
   0.13  220.13 ^ wb_clk_i (in)
   0.08  220.21 ^ clkbuf_0_wb_clk_i/Z (CLKBUF_X3)
   0.06  220.27 ^ clkbuf_2_2_0_wb_clk_i/Z (CLKBUF_X3)
   0.07  220.34 ^ clkbuf_4_11_0_wb_clk_i/Z (CLKBUF_X3)
   0.05  220.40 ^ clkbuf_7_88__f_wb_clk_i/Z (CLKBUF_X3)
   0.04  220.44 ^ clkbuf_leaf_417_wb_clk_i/Z (CLKBUF_X3)
   0.00  220.44 ^ u_ethmac.wishbone.TxStatus[14]$_DFFE_PP0P_/CK (DFFR_X1)
  -0.10  220.34   clock uncertainty
   0.00  220.34   clock reconvergence pessimism
  -0.04  220.30   library setup time
         220.30   data required time
---------------------------------------------------------
         220.30   data required time
          -1.98   data arrival time
---------------------------------------------------------
         218.32   slack (MET)


Startpoint: wb_generated_activity[2]$_DFF_PP0_
            (rising edge-triggered flip-flop clocked by wb_clk_div2)
Endpoint: wb_generated_activity[13]$_DFF_PP0_
          (rising edge-triggered flip-flop clocked by wb_clk_div2)
Path Group: wb_clk_div2
Path Type: max

  Delay    Time   Description
---------------------------------------------------------
   0.00    0.00   clock wb_clk_div2 (rise edge)
   0.00    0.00   clock source latency
   0.13    0.13 ^ wb_clk_i (in)
   0.08    0.21 ^ clkbuf_0_wb_clk_i/Z (CLKBUF_X3)
   0.06    0.27 ^ clkbuf_2_2_0_wb_clk_i/Z (CLKBUF_X3)
   0.06    0.34 ^ clkbuf_4_10_0_wb_clk_i/Z (CLKBUF_X3)
   0.06    0.40 ^ clkbuf_7_85__f_wb_clk_i/Z (CLKBUF_X3)
   0.05    0.44 ^ clkbuf_leaf_311_wb_clk_i/Z (CLKBUF_X3)
   0.00    0.44 ^ u_wb_div.clk_out$_DFF_PP0_/CK (DFFR_X1)
   0.11    0.55 ^ u_wb_div.clk_out$_DFF_PP0_/Q (DFFR_X1)
   0.03    0.58 ^ clkbuf_regs_0_wb_clk_div2/Z (CLKBUF_X3)
   0.03    0.61 ^ clkbuf_0_net393_regs/Z (CLKBUF_X3)
   0.04    0.65 ^ clkbuf_1_1__f_net393_regs/Z (CLKBUF_X3)
   0.00    0.65 ^ wb_generated_activity[2]$_DFF_PP0_/CK (DFFR_X1)
   0.12    0.77 ^ wb_generated_activity[2]$_DFF_PP0_/Q (DFFR_X1)
   0.05    0.82 ^ _60298_/ZN (AND3_X1)
   0.04    0.86 ^ _60299_/ZN (AND2_X1)
   0.06    0.92 ^ _60303_/ZN (AND3_X1)
   0.01    0.93 v _60309_/ZN (INV_X1)
   0.05    0.97 ^ _60311_/ZN (NOR2_X1)
   0.04    1.01 v _60317_/ZN (NAND4_X1)
   0.04    1.06 v _60318_/ZN (XNOR2_X1)
   0.00    1.06 v wb_generated_activity[13]$_DFF_PP0_/D (DFFR_X1)
           1.06   data arrival time

 440.00  440.00   clock wb_clk_div2 (rise edge)
   0.00  440.00   clock source latency
   0.13  440.13 ^ wb_clk_i (in)
   0.08  440.21 ^ clkbuf_0_wb_clk_i/Z (CLKBUF_X3)
   0.06  440.27 ^ clkbuf_2_2_0_wb_clk_i/Z (CLKBUF_X3)
   0.06  440.34 ^ clkbuf_4_10_0_wb_clk_i/Z (CLKBUF_X3)
   0.06  440.40 ^ clkbuf_7_85__f_wb_clk_i/Z (CLKBUF_X3)
   0.05  440.44 ^ clkbuf_leaf_311_wb_clk_i/Z (CLKBUF_X3)
   0.00  440.44 ^ u_wb_div.clk_out$_DFF_PP0_/CK (DFFR_X1)
   0.11  440.55 ^ u_wb_div.clk_out$_DFF_PP0_/Q (DFFR_X1)
   0.03  440.58 ^ clkbuf_regs_0_wb_clk_div2/Z (CLKBUF_X3)
   0.03  440.61 ^ clkbuf_0_net393_regs/Z (CLKBUF_X3)
   0.04  440.65 ^ clkbuf_1_0__f_net393_regs/Z (CLKBUF_X3)
   0.00  440.65 ^ wb_generated_activity[13]$_DFF_PP0_/CK (DFFR_X1)
  -0.10  440.55   clock uncertainty
   0.00  440.55   clock reconvergence pessimism
  -0.04  440.51   library setup time
         440.51   data required time
---------------------------------------------------------
         440.51   data required time
          -1.06   data arrival time
---------------------------------------------------------
         439.46   slack (MET)



==========================================================================
finish report_checks -path_delay min reg to reg
--------------------------------------------------------------------------
Startpoint: u_aux0.state[2290]$_DFF_PP0_
            (rising edge-triggered flip-flop clocked by aux0_clk)
Endpoint: u_aux0.state[2322]$_DFF_PP0_
          (rising edge-triggered flip-flop clocked by aux0_clk)
Path Group: aux0_clk
Path Type: min

  Delay    Time   Description
---------------------------------------------------------
   0.00    0.00   clock aux0_clk (rise edge)
   0.00    0.00   clock source latency
   0.06    0.06 ^ aux0_clk_i (in)
   0.06    0.13 ^ clkbuf_0_aux0_clk_i/Z (CLKBUF_X3)
   0.06    0.19 ^ clkbuf_2_2_0_aux0_clk_i/Z (CLKBUF_X3)
   0.08    0.26 ^ clkbuf_5_23_0_aux0_clk_i/Z (CLKBUF_X3)
   0.05    0.32 ^ clkbuf_leaf_258_aux0_clk_i/Z (CLKBUF_X3)
   0.00    0.32 ^ u_aux0.state[2290]$_DFF_PP0_/CK (DFFR_X1)
   0.10    0.41 v u_aux0.state[2290]$_DFF_PP0_/Q (DFFR_X1)
   0.00    0.42 v u_aux0.state[2322]$_DFF_PP0_/D (DFFR_X1)
           0.42   data arrival time

   0.00    0.00   clock aux0_clk (rise edge)
   0.00    0.00   clock source latency
   0.06    0.06 ^ aux0_clk_i (in)
   0.06    0.13 ^ clkbuf_0_aux0_clk_i/Z (CLKBUF_X3)
   0.06    0.19 ^ clkbuf_2_2_0_aux0_clk_i/Z (CLKBUF_X3)
   0.08    0.26 ^ clkbuf_5_22_0_aux0_clk_i/Z (CLKBUF_X3)
   0.05    0.32 ^ clkbuf_leaf_276_aux0_clk_i/Z (CLKBUF_X3)
   0.00    0.32 ^ u_aux0.state[2322]$_DFF_PP0_/CK (DFFR_X1)
   0.10    0.42   clock uncertainty
   0.00    0.42   clock reconvergence pessimism
   0.01    0.42   library hold time
           0.42   data required time
---------------------------------------------------------
           0.42   data required time
          -0.42   data arrival time
---------------------------------------------------------
          -0.01   slack (VIOLATED)


Startpoint: aux0_generated_activity[15]$_DFF_PP0_
            (rising edge-triggered flip-flop clocked by aux0_clk_div2)
Endpoint: aux0_generated_activity[15]$_DFF_PP0_
          (rising edge-triggered flip-flop clocked by aux0_clk_div2)
Path Group: aux0_clk_div2
Path Type: min

  Delay    Time   Description
---------------------------------------------------------
   0.00    0.00   clock aux0_clk_div2 (rise edge)
   0.00    0.00   clock source latency
   0.06    0.06 ^ aux0_clk_i (in)
   0.06    0.13 ^ clkbuf_0_aux0_clk_i/Z (CLKBUF_X3)
   0.06    0.19 ^ clkbuf_2_2_0_aux0_clk_i/Z (CLKBUF_X3)
   0.07    0.26 ^ clkbuf_5_21_0_aux0_clk_i/Z (CLKBUF_X3)
   0.06    0.32 ^ clkbuf_leaf_370_aux0_clk_i/Z (CLKBUF_X3)
   0.00    0.33 ^ u_aux0_div.clk_out$_DFF_PP0_/CK (DFFR_X1)
   0.11    0.44 ^ u_aux0_div.clk_out$_DFF_PP0_/Q (DFFR_X1)
   0.03    0.47 ^ clkbuf_regs_3_aux0_clk_div2/Z (CLKBUF_X3)
   0.03    0.50 ^ clkbuf_0_net162_regs/Z (CLKBUF_X3)
   0.03    0.54 ^ clkbuf_1_0__f_net162_regs/Z (CLKBUF_X3)
   0.00    0.54 ^ aux0_generated_activity[15]$_DFF_PP0_/CK (DFFR_X1)
   0.09    0.63 v aux0_generated_activity[15]$_DFF_PP0_/Q (DFFR_X1)
   0.02    0.65 ^ _60482_/ZN (XNOR2_X1)
   0.00    0.65 ^ aux0_generated_activity[15]$_DFF_PP0_/D (DFFR_X1)
           0.65   data arrival time

   0.00    0.00   clock aux0_clk_div2 (rise edge)
   0.00    0.00   clock source latency
   0.06    0.06 ^ aux0_clk_i (in)
   0.06    0.13 ^ clkbuf_0_aux0_clk_i/Z (CLKBUF_X3)
   0.06    0.19 ^ clkbuf_2_2_0_aux0_clk_i/Z (CLKBUF_X3)
   0.07    0.26 ^ clkbuf_5_21_0_aux0_clk_i/Z (CLKBUF_X3)
   0.06    0.32 ^ clkbuf_leaf_370_aux0_clk_i/Z (CLKBUF_X3)
   0.00    0.33 ^ u_aux0_div.clk_out$_DFF_PP0_/CK (DFFR_X1)
   0.11    0.44 ^ u_aux0_div.clk_out$_DFF_PP0_/Q (DFFR_X1)
   0.03    0.47 ^ clkbuf_regs_3_aux0_clk_div2/Z (CLKBUF_X3)
   0.03    0.50 ^ clkbuf_0_net162_regs/Z (CLKBUF_X3)
   0.03    0.54 ^ clkbuf_1_0__f_net162_regs/Z (CLKBUF_X3)
   0.00    0.54 ^ aux0_generated_activity[15]$_DFF_PP0_/CK (DFFR_X1)
   0.10    0.64   clock uncertainty
   0.00    0.64   clock reconvergence pessimism
   0.01    0.65   library hold time
           0.65   data required time
---------------------------------------------------------
           0.65   data required time
          -0.65   data arrival time
---------------------------------------------------------
           0.01   slack (MET)


Startpoint: u_aux1.state[266]$_DFF_PP0_
            (rising edge-triggered flip-flop clocked by aux1_clk)
Endpoint: u_aux1.state[298]$_DFF_PP0_
          (rising edge-triggered flip-flop clocked by aux1_clk)
Path Group: aux1_clk
Path Type: min

  Delay    Time   Description
---------------------------------------------------------
   0.00    0.00   clock aux1_clk (rise edge)
   0.00    0.00   clock source latency
   0.09    0.09 ^ aux1_clk_i (in)
   0.07    0.15 ^ clkbuf_0_aux1_clk_i/Z (CLKBUF_X3)
   0.06    0.22 ^ clkbuf_2_3_0_aux1_clk_i/Z (CLKBUF_X3)
   0.08    0.30 ^ clkbuf_5_31_0_aux1_clk_i/Z (CLKBUF_X3)
   0.06    0.36 ^ clkbuf_leaf_355_aux1_clk_i/Z (CLKBUF_X3)
   0.00    0.36 ^ u_aux1.state[266]$_DFF_PP0_/CK (DFFR_X1)
   0.09    0.45 v u_aux1.state[266]$_DFF_PP0_/Q (DFFR_X1)
   0.00    0.45 v u_aux1.state[298]$_DFF_PP0_/D (DFFR_X1)
           0.45   data arrival time

   0.00    0.00   clock aux1_clk (rise edge)
   0.00    0.00   clock source latency
   0.09    0.09 ^ aux1_clk_i (in)
   0.07    0.15 ^ clkbuf_0_aux1_clk_i/Z (CLKBUF_X3)
   0.06    0.22 ^ clkbuf_2_3_0_aux1_clk_i/Z (CLKBUF_X3)
   0.08    0.30 ^ clkbuf_5_29_0_aux1_clk_i/Z (CLKBUF_X3)
   0.05    0.35 ^ clkbuf_leaf_276_aux1_clk_i/Z (CLKBUF_X3)
   0.00    0.35 ^ u_aux1.state[298]$_DFF_PP0_/CK (DFFR_X1)
   0.10    0.45   clock uncertainty
   0.00    0.45   clock reconvergence pessimism
   0.01    0.46   library hold time
           0.46   data required time
---------------------------------------------------------
           0.46   data required time
          -0.45   data arrival time
---------------------------------------------------------
           0.00   slack (VIOLATED)


Startpoint: aux1_generated_activity[15]$_DFF_PP0_
            (rising edge-triggered flip-flop clocked by aux1_clk_div2)
Endpoint: aux1_generated_activity[15]$_DFF_PP0_
          (rising edge-triggered flip-flop clocked by aux1_clk_div2)
Path Group: aux1_clk_div2
Path Type: min

  Delay    Time   Description
---------------------------------------------------------
   0.00    0.00   clock aux1_clk_div2 (rise edge)
   0.00    0.00   clock source latency
   0.09    0.09 ^ aux1_clk_i (in)
   0.07    0.15 ^ clkbuf_0_aux1_clk_i/Z (CLKBUF_X3)
   0.06    0.22 ^ clkbuf_2_3_0_aux1_clk_i/Z (CLKBUF_X3)
   0.08    0.30 ^ clkbuf_5_31_0_aux1_clk_i/Z (CLKBUF_X3)
   0.08    0.38 ^ clkbuf_leaf_375_aux1_clk_i/Z (CLKBUF_X3)
   0.01    0.39 ^ u_aux1_div.clk_out$_DFF_PP0_/CK (DFFR_X1)
   0.12    0.51 ^ u_aux1_div.clk_out$_DFF_PP0_/Q (DFFR_X1)
   0.03    0.54 ^ clkbuf_regs_4_aux1_clk_div2/Z (CLKBUF_X3)
   0.03    0.57 ^ clkbuf_0_net195_regs/Z (CLKBUF_X3)
   0.04    0.60 ^ clkbuf_1_1__f_net195_regs/Z (CLKBUF_X3)
   0.00    0.60 ^ aux1_generated_activity[15]$_DFF_PP0_/CK (DFFR_X1)
   0.09    0.70 v aux1_generated_activity[15]$_DFF_PP0_/Q (DFFR_X1)
   0.02    0.72 ^ _60501_/ZN (XNOR2_X1)
   0.00    0.72 ^ aux1_generated_activity[15]$_DFF_PP0_/D (DFFR_X1)
           0.72   data arrival time

   0.00    0.00   clock aux1_clk_div2 (rise edge)
   0.00    0.00   clock source latency
   0.09    0.09 ^ aux1_clk_i (in)
   0.07    0.15 ^ clkbuf_0_aux1_clk_i/Z (CLKBUF_X3)
   0.06    0.22 ^ clkbuf_2_3_0_aux1_clk_i/Z (CLKBUF_X3)
   0.08    0.30 ^ clkbuf_5_31_0_aux1_clk_i/Z (CLKBUF_X3)
   0.08    0.38 ^ clkbuf_leaf_375_aux1_clk_i/Z (CLKBUF_X3)
   0.01    0.39 ^ u_aux1_div.clk_out$_DFF_PP0_/CK (DFFR_X1)
   0.12    0.51 ^ u_aux1_div.clk_out$_DFF_PP0_/Q (DFFR_X1)
   0.03    0.54 ^ clkbuf_regs_4_aux1_clk_div2/Z (CLKBUF_X3)
   0.03    0.57 ^ clkbuf_0_net195_regs/Z (CLKBUF_X3)
   0.04    0.60 ^ clkbuf_1_1__f_net195_regs/Z (CLKBUF_X3)
   0.00    0.60 ^ aux1_generated_activity[15]$_DFF_PP0_/CK (DFFR_X1)
   0.10    0.70   clock uncertainty
   0.00    0.70   clock reconvergence pessimism
   0.01    0.71   library hold time
           0.71   data required time
---------------------------------------------------------
           0.71   data required time
          -0.72   data arrival time
---------------------------------------------------------
           0.01   slack (MET)


Startpoint: u_ethmac.rxethmac1.RxData[3]$_DFF_PP0_
            (rising edge-triggered flip-flop clocked by rx_clk)
Endpoint: u_ethmac.maccontrol1.receivecontrol1.TypeLengthOK$_DFFE_PP0P_
          (rising edge-triggered flip-flop clocked by rx_clk)
Path Group: rx_clk
Path Type: min

  Delay    Time   Description
---------------------------------------------------------
   0.00    0.00   clock rx_clk (rise edge)
   0.00    0.00   clock source latency
   0.06    0.06 ^ mrx_clk_pad_i (in)
   0.06    0.11 ^ clkbuf_0_mrx_clk_pad_i/Z (CLKBUF_X3)
   0.06    0.17 ^ clkbuf_2_1__f_mrx_clk_pad_i/Z (CLKBUF_X3)
   0.05    0.22 ^ clkbuf_leaf_14_mrx_clk_pad_i/Z (CLKBUF_X3)
   0.00    0.22 ^ u_ethmac.rxethmac1.RxData[3]$_DFF_PP0_/CK (DFFR_X1)
   0.07    0.29 ^ u_ethmac.rxethmac1.RxData[3]$_DFF_PP0_/QN (DFFR_X1)
   0.03    0.32 ^ _58667_/ZN (OR4_X1)
   0.01    0.33 v _58669_/ZN (OAI33_X1)
   0.00    0.33 v u_ethmac.maccontrol1.receivecontrol1.TypeLengthOK$_DFFE_PP0P_/D (DFFR_X1)
           0.33   data arrival time

   0.00    0.00   clock rx_clk (rise edge)
   0.00    0.00   clock source latency
   0.06    0.06 ^ mrx_clk_pad_i (in)
   0.06    0.11 ^ clkbuf_0_mrx_clk_pad_i/Z (CLKBUF_X3)
   0.06    0.18 ^ clkbuf_2_0__f_mrx_clk_pad_i/Z (CLKBUF_X3)
   0.05    0.23 ^ clkbuf_leaf_9_mrx_clk_pad_i/Z (CLKBUF_X3)
   0.00    0.23 ^ u_ethmac.maccontrol1.receivecontrol1.TypeLengthOK$_DFFE_PP0P_/CK (DFFR_X1)
   0.10    0.33   clock uncertainty
   0.00    0.33   clock reconvergence pessimism
   0.01    0.33   library hold time
           0.33   data required time
---------------------------------------------------------
           0.33   data required time
          -0.33   data arrival time
---------------------------------------------------------
           0.00   slack (MET)


Startpoint: rx_generated_activity[15]$_DFF_PP0_
            (rising edge-triggered flip-flop clocked by rx_clk_div2)
Endpoint: rx_generated_activity[15]$_DFF_PP0_
          (rising edge-triggered flip-flop clocked by rx_clk_div2)
Path Group: rx_clk_div2
Path Type: min

  Delay    Time   Description
---------------------------------------------------------
   0.00    0.00   clock rx_clk_div2 (rise edge)
   0.00    0.00   clock source latency
   0.06    0.06 ^ mrx_clk_pad_i (in)
   0.06    0.11 ^ clkbuf_0_mrx_clk_pad_i/Z (CLKBUF_X3)
   0.06    0.17 ^ clkbuf_2_3__f_mrx_clk_pad_i/Z (CLKBUF_X3)
   0.06    0.23 ^ clkbuf_leaf_28_mrx_clk_pad_i/Z (CLKBUF_X3)
   0.01    0.23 ^ u_rx_div.clk_out$_DFF_PP0_/CK (DFFR_X1)
   0.11    0.35 ^ u_rx_div.clk_out$_DFF_PP0_/Q (DFFR_X1)
   0.03    0.38 ^ clkbuf_regs_2_rx_clk_div2/Z (CLKBUF_X3)
   0.03    0.41 ^ clkbuf_0_net390_regs/Z (CLKBUF_X3)
   0.04    0.44 ^ clkbuf_1_1__f_net390_regs/Z (CLKBUF_X3)
   0.00    0.44 ^ rx_generated_activity[15]$_DFF_PP0_/CK (DFFR_X1)
   0.09    0.54 v rx_generated_activity[15]$_DFF_PP0_/Q (DFFR_X1)
   0.03    0.56 ^ _62071_/ZN (XNOR2_X1)
   0.00    0.56 ^ rx_generated_activity[15]$_DFF_PP0_/D (DFFR_X1)
           0.56   data arrival time

   0.00    0.00   clock rx_clk_div2 (rise edge)
   0.00    0.00   clock source latency
   0.06    0.06 ^ mrx_clk_pad_i (in)
   0.06    0.11 ^ clkbuf_0_mrx_clk_pad_i/Z (CLKBUF_X3)
   0.06    0.17 ^ clkbuf_2_3__f_mrx_clk_pad_i/Z (CLKBUF_X3)
   0.06    0.23 ^ clkbuf_leaf_28_mrx_clk_pad_i/Z (CLKBUF_X3)
   0.01    0.23 ^ u_rx_div.clk_out$_DFF_PP0_/CK (DFFR_X1)
   0.11    0.35 ^ u_rx_div.clk_out$_DFF_PP0_/Q (DFFR_X1)
   0.03    0.38 ^ clkbuf_regs_2_rx_clk_div2/Z (CLKBUF_X3)
   0.03    0.41 ^ clkbuf_0_net390_regs/Z (CLKBUF_X3)
   0.04    0.44 ^ clkbuf_1_1__f_net390_regs/Z (CLKBUF_X3)
   0.00    0.44 ^ rx_generated_activity[15]$_DFF_PP0_/CK (DFFR_X1)
   0.10    0.54   clock uncertainty
   0.00    0.54   clock reconvergence pessimism
   0.01    0.55   library hold time
           0.55   data required time
---------------------------------------------------------
           0.55   data required time
          -0.56   data arrival time
---------------------------------------------------------
           0.01   slack (MET)


Startpoint: u_ethmac.maccontrol1.transmitcontrol1.ControlEnd_q$_DFF_P_
            (rising edge-triggered flip-flop clocked by tx_clk)
Endpoint: u_ethmac.maccontrol1.transmitcontrol1.TxCtrlEndFrm$_DFF_PP0_
          (rising edge-triggered flip-flop clocked by tx_clk)
Path Group: tx_clk
Path Type: min

  Delay    Time   Description
---------------------------------------------------------
   0.00    0.00   clock tx_clk (rise edge)
   0.00    0.00   clock source latency
   0.05    0.05 ^ mtx_clk_pad_i (in)
   0.05    0.10 ^ clkbuf_0_mtx_clk_pad_i/Z (CLKBUF_X3)
   0.06    0.16 ^ clkbuf_2_1__f_mtx_clk_pad_i/Z (CLKBUF_X3)
   0.04    0.20 ^ clkbuf_leaf_16_mtx_clk_pad_i/Z (CLKBUF_X3)
   0.00    0.20 ^ u_ethmac.maccontrol1.transmitcontrol1.ControlEnd_q$_DFF_P_/CK (DFF_X1)
   0.09    0.29 ^ u_ethmac.maccontrol1.transmitcontrol1.ControlEnd_q$_DFF_P_/Q (DFF_X1)
   0.02    0.31 ^ _73898_/ZN (OR2_X1)
   0.00    0.31 ^ u_ethmac.maccontrol1.transmitcontrol1.TxCtrlEndFrm$_DFF_PP0_/D (DFFR_X1)
           0.31   data arrival time

   0.00    0.00   clock tx_clk (rise edge)
   0.00    0.00   clock source latency
   0.05    0.05 ^ mtx_clk_pad_i (in)
   0.05    0.10 ^ clkbuf_0_mtx_clk_pad_i/Z (CLKBUF_X3)
   0.06    0.16 ^ clkbuf_2_1__f_mtx_clk_pad_i/Z (CLKBUF_X3)
   0.04    0.20 ^ clkbuf_leaf_16_mtx_clk_pad_i/Z (CLKBUF_X3)
   0.00    0.20 ^ u_ethmac.maccontrol1.transmitcontrol1.TxCtrlEndFrm$_DFF_PP0_/CK (DFFR_X1)
   0.10    0.30   clock uncertainty
   0.00    0.30   clock reconvergence pessimism
   0.01    0.31   library hold time
           0.31   data required time
---------------------------------------------------------
           0.31   data required time
          -0.31   data arrival time
---------------------------------------------------------
           0.00   slack (MET)


Startpoint: tx_generated_activity[15]$_DFF_PP0_
            (rising edge-triggered flip-flop clocked by tx_clk_div2)
Endpoint: tx_generated_activity[15]$_DFF_PP0_
          (rising edge-triggered flip-flop clocked by tx_clk_div2)
Path Group: tx_clk_div2
Path Type: min

  Delay    Time   Description
---------------------------------------------------------
   0.00    0.00   clock tx_clk_div2 (rise edge)
   0.00    0.00   clock source latency
   0.05    0.05 ^ mtx_clk_pad_i (in)
   0.05    0.10 ^ clkbuf_0_mtx_clk_pad_i/Z (CLKBUF_X3)
   0.06    0.16 ^ clkbuf_2_2__f_mtx_clk_pad_i/Z (CLKBUF_X3)
   0.06    0.22 ^ clkbuf_leaf_19_mtx_clk_pad_i/Z (CLKBUF_X3)
   0.01    0.24 ^ u_tx_div.clk_out$_DFF_PP0_/CK (DFFR_X1)
   0.11    0.35 ^ u_tx_div.clk_out$_DFF_PP0_/Q (DFFR_X1)
   0.03    0.38 ^ clkbuf_regs_1_tx_clk_div2/Z (CLKBUF_X3)
   0.03    0.41 ^ clkbuf_0_net391_regs/Z (CLKBUF_X3)
   0.04    0.44 ^ clkbuf_1_1__f_net391_regs/Z (CLKBUF_X3)
   0.00    0.44 ^ tx_generated_activity[15]$_DFF_PP0_/CK (DFFR_X1)
   0.09    0.54 v tx_generated_activity[15]$_DFF_PP0_/Q (DFFR_X1)
   0.02    0.56 ^ _60766_/ZN (XNOR2_X1)
   0.00    0.56 ^ tx_generated_activity[15]$_DFF_PP0_/D (DFFR_X1)
           0.56   data arrival time

   0.00    0.00   clock tx_clk_div2 (rise edge)
   0.00    0.00   clock source latency
   0.05    0.05 ^ mtx_clk_pad_i (in)
   0.05    0.10 ^ clkbuf_0_mtx_clk_pad_i/Z (CLKBUF_X3)
   0.06    0.16 ^ clkbuf_2_2__f_mtx_clk_pad_i/Z (CLKBUF_X3)
   0.06    0.22 ^ clkbuf_leaf_19_mtx_clk_pad_i/Z (CLKBUF_X3)
   0.01    0.24 ^ u_tx_div.clk_out$_DFF_PP0_/CK (DFFR_X1)
   0.11    0.35 ^ u_tx_div.clk_out$_DFF_PP0_/Q (DFFR_X1)
   0.03    0.38 ^ clkbuf_regs_1_tx_clk_div2/Z (CLKBUF_X3)
   0.03    0.41 ^ clkbuf_0_net391_regs/Z (CLKBUF_X3)
   0.04    0.44 ^ clkbuf_1_1__f_net391_regs/Z (CLKBUF_X3)
   0.00    0.44 ^ tx_generated_activity[15]$_DFF_PP0_/CK (DFFR_X1)
   0.10    0.54   clock uncertainty
   0.00    0.54   clock reconvergence pessimism
   0.01    0.55   library hold time
           0.55   data required time
---------------------------------------------------------
           0.55   data required time
          -0.56   data arrival time
---------------------------------------------------------
           0.01   slack (MET)


Startpoint: u_ethmac.wishbone.TxRetryPacketBlocked$_DFFE_PP0P_
            (rising edge-triggered flip-flop clocked by wb_clk)
Endpoint: u_ethmac.wishbone.TxRetryPacket$_DFF_PP0_
          (rising edge-triggered flip-flop clocked by wb_clk)
Path Group: wb_clk
Path Type: min

  Delay    Time   Description
---------------------------------------------------------
   0.00    0.00   clock wb_clk (rise edge)
   0.00    0.00   clock source latency
   0.13    0.13 ^ wb_clk_i (in)
   0.08    0.21 ^ clkbuf_0_wb_clk_i/Z (CLKBUF_X3)
   0.06    0.27 ^ clkbuf_2_2_0_wb_clk_i/Z (CLKBUF_X3)
   0.06    0.34 ^ clkbuf_4_9_0_wb_clk_i/Z (CLKBUF_X3)
   0.06    0.40 ^ clkbuf_7_79__f_wb_clk_i/Z (CLKBUF_X3)
   0.04    0.44 ^ clkbuf_leaf_433_wb_clk_i/Z (CLKBUF_X3)
   0.00    0.44 ^ u_ethmac.wishbone.TxRetryPacketBlocked$_DFFE_PP0P_/CK (DFFR_X1)
   0.07    0.51 v u_ethmac.wishbone.TxRetryPacketBlocked$_DFFE_PP0P_/QN (DFFR_X1)
   0.04    0.55 v _59627_/ZN (AND3_X1)
   0.00    0.55 v u_ethmac.wishbone.TxRetryPacket$_DFF_PP0_/D (DFFR_X1)
           0.55   data arrival time

   0.00    0.00   clock wb_clk (rise edge)
   0.00    0.00   clock source latency
   0.13    0.13 ^ wb_clk_i (in)
   0.08    0.21 ^ clkbuf_0_wb_clk_i/Z (CLKBUF_X3)
   0.06    0.27 ^ clkbuf_2_2_0_wb_clk_i/Z (CLKBUF_X3)
   0.06    0.34 ^ clkbuf_4_9_0_wb_clk_i/Z (CLKBUF_X3)
   0.06    0.40 ^ clkbuf_7_79__f_wb_clk_i/Z (CLKBUF_X3)
   0.04    0.44 ^ clkbuf_leaf_425_wb_clk_i/Z (CLKBUF_X3)
   0.00    0.44 ^ u_ethmac.wishbone.TxRetryPacket$_DFF_PP0_/CK (DFFR_X1)
   0.10    0.54   clock uncertainty
   0.00    0.54   clock reconvergence pessimism
   0.01    0.55   library hold time
           0.55   data required time
---------------------------------------------------------
           0.55   data required time
          -0.55   data arrival time
---------------------------------------------------------
           0.00   slack (VIOLATED)


Startpoint: wb_generated_activity[15]$_DFF_PP0_
            (rising edge-triggered flip-flop clocked by wb_clk_div2)
Endpoint: wb_generated_activity[15]$_DFF_PP0_
          (rising edge-triggered flip-flop clocked by wb_clk_div2)
Path Group: wb_clk_div2
Path Type: min

  Delay    Time   Description
---------------------------------------------------------
   0.00    0.00   clock wb_clk_div2 (rise edge)
   0.00    0.00   clock source latency
   0.13    0.13 ^ wb_clk_i (in)
   0.08    0.21 ^ clkbuf_0_wb_clk_i/Z (CLKBUF_X3)
   0.06    0.27 ^ clkbuf_2_2_0_wb_clk_i/Z (CLKBUF_X3)
   0.06    0.34 ^ clkbuf_4_10_0_wb_clk_i/Z (CLKBUF_X3)
   0.06    0.40 ^ clkbuf_7_85__f_wb_clk_i/Z (CLKBUF_X3)
   0.05    0.44 ^ clkbuf_leaf_311_wb_clk_i/Z (CLKBUF_X3)
   0.00    0.44 ^ u_wb_div.clk_out$_DFF_PP0_/CK (DFFR_X1)
   0.11    0.55 ^ u_wb_div.clk_out$_DFF_PP0_/Q (DFFR_X1)
   0.03    0.58 ^ clkbuf_regs_0_wb_clk_div2/Z (CLKBUF_X3)
   0.03    0.61 ^ clkbuf_0_net393_regs/Z (CLKBUF_X3)
   0.04    0.65 ^ clkbuf_1_0__f_net393_regs/Z (CLKBUF_X3)
   0.00    0.65 ^ wb_generated_activity[15]$_DFF_PP0_/CK (DFFR_X1)
   0.09    0.74 v wb_generated_activity[15]$_DFF_PP0_/Q (DFFR_X1)
   0.03    0.77 ^ _62074_/ZN (XNOR2_X1)
   0.00    0.77 ^ wb_generated_activity[15]$_DFF_PP0_/D (DFFR_X1)
           0.77   data arrival time

   0.00    0.00   clock wb_clk_div2 (rise edge)
   0.00    0.00   clock source latency
   0.13    0.13 ^ wb_clk_i (in)
   0.08    0.21 ^ clkbuf_0_wb_clk_i/Z (CLKBUF_X3)
   0.06    0.27 ^ clkbuf_2_2_0_wb_clk_i/Z (CLKBUF_X3)
   0.06    0.34 ^ clkbuf_4_10_0_wb_clk_i/Z (CLKBUF_X3)
   0.06    0.40 ^ clkbuf_7_85__f_wb_clk_i/Z (CLKBUF_X3)
   0.05    0.44 ^ clkbuf_leaf_311_wb_clk_i/Z (CLKBUF_X3)
   0.00    0.44 ^ u_wb_div.clk_out$_DFF_PP0_/CK (DFFR_X1)
   0.11    0.55 ^ u_wb_div.clk_out$_DFF_PP0_/Q (DFFR_X1)
   0.03    0.58 ^ clkbuf_regs_0_wb_clk_div2/Z (CLKBUF_X3)
   0.03    0.61 ^ clkbuf_0_net393_regs/Z (CLKBUF_X3)
   0.04    0.65 ^ clkbuf_1_0__f_net393_regs/Z (CLKBUF_X3)
   0.00    0.65 ^ wb_generated_activity[15]$_DFF_PP0_/CK (DFFR_X1)
   0.10    0.75   clock uncertainty
   0.00    0.75   clock reconvergence pessimism
   0.01    0.76   library hold time
           0.76   data required time
---------------------------------------------------------
           0.76   data required time
          -0.77   data arrival time
---------------------------------------------------------
           0.01   slack (MET)



==========================================================================
finish critical path target clock latency max path
--------------------------------------------------------------------------
0.2965

==========================================================================
finish critical path target clock latency min path
--------------------------------------------------------------------------
0.2914

==========================================================================
finish critical path source clock latency min path
--------------------------------------------------------------------------
0.0000

==========================================================================
finish critical path delay
--------------------------------------------------------------------------
0.4857

==========================================================================
finish critical path slack
--------------------------------------------------------------------------
-0.3357

==========================================================================
finish slack div critical path delay
--------------------------------------------------------------------------
-69.116739

==========================================================================
finish report_power
--------------------------------------------------------------------------
Group                  Internal  Switching    Leakage      Total
                          Power      Power      Power      Power (Watts)
----------------------------------------------------------------
Sequential             1.30e-01   5.64e-03   1.37e-03   1.37e-01  59.8%
Combinational          2.40e-02   1.41e-02   9.26e-04   3.90e-02  17.0%
Clock                  2.31e-02   2.99e-02   1.12e-04   5.30e-02  23.2%
Macro                  0.00e+00   0.00e+00   0.00e+00   0.00e+00   0.0%
Pad                    0.00e+00   0.00e+00   0.00e+00   0.00e+00   0.0%
----------------------------------------------------------------
Total                  1.77e-01   4.96e-02   2.41e-03   2.29e-01 100.0%
                          77.3%      21.7%       1.1%
